max_temp,min_temp,rainfall,humidity,temp_range,is_heat_day,is_dry_day,climate_risk,avg_temp_7d,rainfall_7d_sum,dry_spell_len
26.01,11.47,0.0,62.4,14.540000000000001,0,1,High,25.935714285714287,0.0,1
26.04,10.3,0.0,61.28,15.739999999999998,0,1,High,25.935714285714287,0.0,2
26.48,10.71,0.0,61.77,15.77,0,1,High,25.935714285714287,0.0,3
26.42,11.53,0.0,60.74,14.890000000000002,0,1,High,25.935714285714287,0.0,4
26.18,11.27,0.0,63.35,14.91,0,1,High,25.935714285714287,0.0,5
25.58,11.37,0.0,61.9,14.209999999999999,0,1,High,25.935714285714287,0.0,6
24.84,10.48,0.0,61.79,14.36,0,1,High,25.935714285714287,0.0,7
25.9,10.26,0.0,60.65,15.639999999999999,0,1,High,25.919999999999998,0.0,8
25.37,11.0,0.0,64.34,14.370000000000001,0,1,High,25.82428571428571,0.0,9
26.61,12.11,0.0,62.44,14.5,0,1,High,25.842857142857145,0.0,10
28.34,13.66,0.0,60.19,14.68,0,1,High,26.11714285714286,0.0,11
28.38,15.07,0.0,59.77,13.309999999999999,0,1,High,26.431428571428572,0.0,12
28.96,15.14,0.0,58.56,13.82,0,1,High,26.91428571428571,0.0,13
29.57,15.08,0.0,57.07,14.49,0,1,High,27.59,0.0,14
29.75,16.33,0.0,63.38,13.420000000000002,0,1,High,28.140000000000004,0.0,15
29.09,15.92,0.0,60.43,13.17,0,1,High,28.671428571428574,0.0,16
28.93,16.53,0.0,56.19,12.399999999999999,0,1,High,29.002857142857142,0.0,17
28.56,13.03,0.0,54.36,15.53,0,1,High,29.034285714285712,0.0,18
28.07,12.76,0.0,52.93,15.31,0,1,High,28.990000000000002,0.0,19
27.85,12.03,0.0,43.41,15.820000000000002,0,1,High,28.831428571428575,0.0,20
28.23,11.65,0.0,41.33,16.58,0,1,High,28.639999999999997,0.0,21
28.24,11.89,0.0,49.3,16.349999999999998,0,1,High,28.424285714285713,0.0,22
26.61,12.77,10.23,69.02,13.84,0,0,Low,28.069999999999997,10.23,1
26.11,9.99,0.0,67.95,16.119999999999997,0,1,High,27.66714285714286,10.23,1
26.93,9.49,0.0,53.74,17.439999999999998,0,1,High,27.434285714285718,10.23,2
27.18,9.74,0.0,46.09,17.439999999999998,0,1,High,27.307142857142857,10.23,3
27.44,9.65,0.0,47.55,17.79,0,1,High,27.248571428571427,10.23,4
28.07,10.03,0.0,52.14,18.04,0,1,High,27.225714285714286,10.23,5
28.69,10.62,0.0,48.18,18.07,0,1,High,27.29,10.23,6
28.8,11.49,0.0,43.86,17.310000000000002,0,1,High,27.602857142857143,0.0,7
29.51,11.6,0.0,37.9,17.910000000000004,0,1,High,28.08857142857143,0.0,8
29.88,11.45,0.0,36.66,18.43,0,1,High,28.509999999999998,0.0,9
30.43,11.92,0.0,39.93,18.509999999999998,0,1,High,28.974285714285717,0.0,10
30.08,12.26,0.0,44.46,17.82,0,1,High,29.351428571428574,0.0,11
30.81,14.18,0.0,41.17,16.63,0,1,High,29.74285714285714,0.0,12
30.69,14.88,0.0,40.67,15.81,0,1,High,30.02857142857143,0.0,13
28.41,14.75,0.0,44.84,13.66,0,1,High,29.972857142857144,0.0,14
28.2,16.53,0.0,51.71,11.669999999999998,0,1,High,29.785714285714285,0.0,15
28.86,14.72,0.0,63.01,14.139999999999999,0,1,High,29.639999999999997,0.0,16
28.79,14.04,0.0,50.06,14.75,0,1,High,29.405714285714282,0.0,17
29.31,17.74,0.0,44.68,11.57,0,1,High,29.295714285714286,0.0,18
29.99,14.61,0.0,57.59,15.379999999999999,0,1,High,29.178571428571427,0.0,19
28.35,12.87,0.0,67.98,15.480000000000002,0,1,High,28.844285714285714,0.0,20
30.11,13.01,0.0,52.78,17.1,0,1,High,29.087142857142858,0.0,21
30.91,13.65,0.0,52.43,17.259999999999998,0,1,High,29.474285714285713,0.0,22
30.89,16.52,0.0,54.37,14.370000000000001,0,1,High,29.764285714285712,0.0,23
31.43,15.47,0.0,50.43,15.959999999999999,0,1,High,30.141428571428573,0.0,24
32.54,14.6,0.0,44.59,17.939999999999998,0,1,High,30.602857142857143,0.0,25
32.89,14.22,0.0,39.95,18.67,0,1,High,31.017142857142858,0.0,26
32.95,15.4,0.0,40.74,17.550000000000004,0,1,High,31.674285714285713,0.0,27
33.29,15.54,0.0,43.06,17.75,0,1,High,32.128571428571426,0.0,28
33.12,15.34,0.0,41.74,17.779999999999998,0,1,High,32.44428571428571,0.0,29
33.37,16.57,0.0,42.82,16.799999999999997,0,1,High,32.79857142857143,0.0,30
33.78,17.81,0.0,43.97,15.970000000000002,0,1,High,33.13428571428572,0.0,31
34.01,17.62,0.0,42.07,16.389999999999997,0,1,High,33.34428571428571,0.0,32
33.87,16.9,0.0,34.98,16.97,0,1,High,33.48428571428571,0.0,33
34.62,16.74,0.0,35.99,17.88,0,1,High,33.722857142857144,0.0,34
34.95,17.32,0.0,35.51,17.630000000000003,0,1,High,33.959999999999994,0.0,35
35.11,17.11,0.0,33.97,18.0,1,1,High,34.244285714285716,0.0,36
34.65,20.04,0.0,36.41,14.61,0,1,High,34.42714285714286,0.0,37
34.88,19.39,0.0,38.84,15.490000000000002,0,1,High,34.58428571428571,0.0,38
34.51,20.82,0.0,36.44,13.689999999999998,0,1,High,34.65571428571429,0.0,39
33.78,18.63,0.0,47.53,15.150000000000002,0,1,High,34.642857142857146,0.0,40
34.86,17.6,0.0,41.98,17.259999999999998,0,1,High,34.67714285714286,0.0,41
35.88,17.2,0.0,37.86,18.680000000000003,1,1,High,34.81,0.0,42
35.93,18.67,0.0,39.73,17.259999999999998,1,1,High,34.92714285714286,0.0,43
35.49,18.45,0.0,45.18,17.040000000000003,1,1,High,35.04714285714286,0.0,44
36.1,17.78,0.0,43.85,18.32,1,1,High,35.221428571428575,0.0,45
36.13,19.29,0.0,37.51,16.840000000000003,1,1,High,35.45285714285715,0.0,46
36.27,19.86,0.0,32.89,16.410000000000004,1,1,High,35.80857142857143,0.0,47
36.13,20.98,0.0,29.76,15.150000000000002,1,1,High,35.99,0.0,48
36.3,19.95,0.0,35.04,16.349999999999998,1,1,High,36.05,0.0,49
36.31,20.18,0.0,27.3,16.130000000000003,1,1,High,36.104285714285716,0.0,50
32.3,22.08,0.02,31.46,10.219999999999999,0,1,High,35.64857142857143,0.02,51
32.59,20.99,0.05,42.09,11.600000000000005,0,1,High,35.14714285714286,0.07,52
32.66,21.01,0.0,47.02,11.649999999999995,0,1,High,34.651428571428575,0.07,53
33.86,21.34,0.85,48.07,12.52,0,1,High,34.30714285714286,0.9199999999999999,54
35.24,19.84,0.39,46.51,15.400000000000002,1,1,High,34.18,1.31,55
34.64,17.65,0.0,46.64,16.990000000000002,0,1,High,33.94285714285714,1.31,56
34.19,16.28,0.0,50.69,17.909999999999997,0,1,High,33.64,1.31,57
33.53,14.59,0.0,48.58,18.94,0,1,High,33.815714285714286,1.29,58
33.47,14.8,0.0,45.48,18.669999999999998,0,1,High,33.94142857142857,1.24,59
36.74,16.75,0.0,31.49,19.990000000000002,1,1,High,34.52428571428571,1.24,60
36.6,18.8,0.0,24.34,17.8,1,1,High,34.91571428571429,0.3900000000000001,61
38.22,20.53,0.0,24.62,17.689999999999998,1,1,High,35.34142857142857,0.0,62
38.0,22.77,0.0,29.61,15.23,1,1,High,35.82142857142857,0.0,63
37.43,20.7,0.0,36.98,16.73,1,1,High,36.284285714285716,0.0,64
38.49,20.39,0.0,39.17,18.1,1,1,High,36.99285714285714,0.0,65
38.63,17.9,0.0,46.5,20.730000000000004,1,1,High,37.730000000000004,0.0,66
36.27,18.43,0.0,54.19,17.840000000000003,1,1,High,37.66285714285714,0.0,67
38.81,18.11,0.0,46.34,20.700000000000003,1,1,High,37.978571428571435,0.0,68
38.9,19.25,0.0,37.09,19.65,1,1,High,38.07571428571429,0.0,69
39.27,18.22,0.0,40.36,21.050000000000004,1,1,High,38.25714285714286,0.0,70
39.51,20.03,0.0,32.55,19.479999999999997,1,1,High,38.55428571428571,0.0,71
38.96,20.71,0.0,40.43,18.25,1,1,High,38.621428571428574,0.0,72
35.39,20.73,0.0,42.92,14.66,1,1,High,38.15857142857143,0.0,73
38.75,19.98,0.0,37.91,18.77,1,1,High,38.51285714285715,0.0,74
37.67,20.69,0.13,37.17,16.98,1,1,High,38.35,0.13000000000000012,75
38.16,21.22,0.0,27.05,16.939999999999998,1,1,High,38.24428571428571,0.13000000000000012,76
38.29,22.31,0.0,27.75,15.98,1,1,High,38.104285714285716,0.13000000000000012,77
37.9,23.07,0.0,34.15,14.829999999999998,1,1,High,37.87428571428571,0.13000000000000012,78
38.3,21.67,0.0,38.15,16.629999999999995,1,1,High,37.78000000000001,0.13000000000000012,79
38.77,19.87,0.0,41.69,18.900000000000002,1,1,High,38.262857142857136,0.13000000000000012,80
38.89,21.33,0.0,39.93,17.560000000000002,1,1,High,38.28285714285715,0.13000000000000012,81
38.67,22.17,0.0,40.3,16.5,1,1,High,38.42571428571428,0.0,82
39.99,22.13,0.01,44.66,17.860000000000003,1,1,High,38.68714285714286,0.010000000000000111,83
39.96,25.06,0.35,40.01,14.900000000000002,1,1,High,38.925714285714285,0.3600000000000001,84
41.01,23.66,0.12,40.01,17.349999999999998,1,1,High,39.370000000000005,0.4800000000000001,85
40.08,23.24,0.0,34.55,16.84,1,1,High,39.62428571428571,0.4800000000000001,86
37.55,21.41,0.0,50.44,16.139999999999997,1,1,High,39.449999999999996,0.4800000000000001,87
38.58,20.13,0.0,44.87,18.45,1,1,High,39.40571428571429,0.4800000000000001,88
40.04,20.5,0.0,29.67,19.54,1,1,High,39.60142857142857,0.4800000000000001,89
40.2,19.92,0.0,37.52,20.28,1,1,High,39.631428571428565,0.4700000000000001,90
39.99,19.74,0.0,36.7,20.250000000000004,1,1,High,39.635714285714286,0.1200000000000001,91
39.39,20.38,0.0,29.38,19.01,1,1,High,39.40428571428572,0.0,92
39.17,18.85,0.0,43.99,20.32,1,1,High,39.27428571428572,0.0,93
40.95,18.85,0.0,43.76,22.1,1,1,High,39.76,0.0,94
41.3,20.16,0.0,47.41,21.139999999999997,1,1,High,40.14857142857143,0.0,95
39.68,21.4,0.0,52.16,18.28,1,1,High,40.097142857142856,0.0,96
38.71,21.07,0.0,51.98,17.64,1,1,High,39.88428571428572,0.0,97
38.91,20.2,0.0,50.48,18.709999999999997,1,1,High,39.730000000000004,0.0,98
39.93,19.03,0.0,51.13,20.9,1,1,High,39.80714285714286,0.0,99
39.85,19.31,0.0,49.63,20.540000000000003,1,1,High,39.90428571428571,0.0,100
40.61,21.96,0.0,38.4,18.65,1,1,High,39.855714285714285,0.0,101
39.1,22.31,0.0,43.84,16.790000000000003,1,1,High,39.54142857142857,0.0,102
40.97,22.62,0.01,44.59,18.349999999999998,1,1,High,39.72571428571428,0.010000000000000111,103
38.2,23.17,0.01,47.12,15.030000000000001,1,1,High,39.652857142857144,0.02000000000000011,104
38.61,20.14,0.0,46.76,18.47,1,1,High,39.61,0.02000000000000011,105
40.28,20.5,0.0,47.41,19.78,1,1,High,39.660000000000004,0.02000000000000011,106
40.59,22.56,0.04,42.37,18.030000000000005,1,1,High,39.76571428571429,0.06000000000000011,107
39.3,23.39,0.05,51.07,15.909999999999997,1,1,High,39.57857142857143,0.11000000000000013,108
34.3,22.94,0.01,56.27,11.359999999999996,0,1,High,38.892857142857146,0.12000000000000012,109
38.25,21.47,0.42,55.48,16.78,1,1,High,38.50428571428571,0.5300000000000001,110
38.47,22.73,0.73,53.31,15.739999999999998,1,1,High,38.542857142857144,1.25,111
38.33,21.75,0.01,54.95,16.58,1,1,High,38.50285714285714,1.26,112
39.26,22.21,0.07,53.89,17.049999999999997,1,1,High,38.357142857142854,1.33,113
39.61,22.64,1.13,47.48,16.97,1,0,High,38.21714285714285,2.42,1
38.39,23.36,1.12,52.17,15.030000000000001,1,0,High,38.08714285714286,3.49,2
37.7,22.98,0.01,52.25,14.720000000000002,1,1,High,38.57285714285714,3.4899999999999998,1
38.7,22.04,0.01,54.54,16.660000000000004,1,1,High,38.637142857142855,3.08,2
38.24,21.69,0.0,52.44,16.55,1,1,High,38.604285714285716,2.35,3
36.98,22.35,0.0,49.45,14.629999999999995,1,1,High,38.41142857142857,2.3400000000000003,4
39.27,22.65,0.0,48.8,16.620000000000005,1,1,High,38.41285714285715,2.27,5
36.97,22.82,0.01,57.59,14.149999999999999,1,1,High,38.035714285714285,1.1500000000000001,6
37.36,22.37,0.0,55.93,14.989999999999998,1,1,High,37.88857142857143,0.03,7
39.48,23.12,0.01,54.83,16.359999999999996,1,1,High,38.142857142857146,0.03,8
37.22,24.63,1.89,63.04,12.59,1,0,Medium,37.93142857142857,1.91,1
37.34,24.45,0.77,64.05,12.890000000000004,1,1,High,37.80285714285714,2.6799999999999997,1
33.69,24.45,0.03,68.6,9.239999999999998,0,1,High,37.332857142857144,2.71,2
34.66,23.87,0.03,68.63,10.789999999999996,0,1,High,36.674285714285716,2.7399999999999998,3
35.6,24.37,0.33,66.96,11.23,1,1,High,36.47857142857143,3.06,4
33.35,24.31,7.12,67.55,9.040000000000003,0,0,Medium,35.90571428571428,10.18,1
32.52,23.53,9.6,73.06,8.990000000000002,0,0,Medium,34.91142857142857,19.770000000000003,2
29.43,23.4,5.81,79.99,6.030000000000001,0,0,Low,33.79857142857143,23.69,3
31.82,22.37,5.67,78.34,9.45,0,0,Low,33.01,28.59,4
31.24,23.01,2.73,76.62,8.229999999999997,0,0,Medium,32.660000000000004,31.29,5
30.29,23.56,7.81,78.62,6.73,0,0,Low,32.035714285714285,39.07,6
30.6,23.73,7.88,83.1,6.870000000000001,0,0,Low,31.321428571428573,46.620000000000005,7
27.47,23.15,11.35,88.16,4.32,0,0,Low,30.48142857142857,50.849999999999994,8
27.74,23.24,22.48,86.23,4.5,0,0,Low,29.798571428571428,63.730000000000004,9
30.13,23.29,16.98,83.71,6.84,0,0,Low,29.898571428571426,74.9,10
29.69,23.73,6.67,85.1,5.960000000000001,0,0,Low,29.594285714285714,75.9,11
29.59,23.77,0.9,82.99,5.82,0,1,High,29.358571428571427,74.07,1
31.25,23.64,0.4,79.75,7.609999999999999,0,1,High,29.495714285714286,66.66,2
31.23,23.48,0.43,79.74,7.75,0,1,High,29.58571428571429,59.21,3
30.09,23.38,8.02,81.23,6.710000000000001,0,0,Low,29.96,55.879999999999995,1
30.72,23.46,9.19,78.85,7.259999999999998,0,0,Low,30.385714285714283,42.59,2
29.22,23.01,23.83,82.37,6.209999999999997,0,0,Low,30.255714285714284,49.44,3
29.58,23.0,11.35,84.4,6.579999999999998,0,0,Low,30.240000000000002,54.12,4
30.03,23.26,1.16,84.77,6.77,0,0,Medium,30.302857142857142,54.379999999999995,5
29.87,23.23,2.84,84.05,6.640000000000001,0,0,Medium,30.10571428571429,56.82,6
26.2,23.39,35.92,90.42,2.8099999999999987,0,0,Low,29.387142857142855,92.31,7
28.85,22.32,15.67,85.16,6.530000000000001,0,0,Low,29.21,99.96000000000001,8
27.85,23.27,27.78,87.64,4.580000000000002,0,0,Low,28.800000000000004,118.55000000000001,9
27.01,21.04,38.91,87.51,5.970000000000002,0,0,Low,28.484285714285715,133.63,10
26.71,22.64,33.41,88.27,4.07,0,0,Low,28.074285714285715,155.69,11
26.65,23.09,21.37,90.2,3.5599999999999987,0,0,Low,27.59142857142857,175.9,12
27.55,22.69,5.72,87.66,4.859999999999999,0,0,Low,27.259999999999998,178.78,13
28.6,22.57,12.2,86.25,6.030000000000001,0,0,Low,27.602857142857143,155.06,14
27.12,22.56,10.66,87.87,4.560000000000002,0,0,Low,27.35571428571429,150.04999999999998,15
28.47,21.63,9.03,83.85,6.84,0,0,Low,27.444285714285712,131.29999999999998,16
28.64,21.15,2.62,82.65,7.490000000000002,0,0,Medium,27.677142857142858,95.00999999999999,17
28.45,22.48,11.56,87.36,5.969999999999999,0,0,Low,27.925714285714285,73.16,18
26.89,22.52,31.05,88.59,4.370000000000001,0,0,Low,27.96,82.84,19
26.21,22.79,42.7,91.13,3.4200000000000017,0,0,Low,27.768571428571427,119.82,20
25.97,22.7,46.66,92.57,3.2699999999999996,0,0,Low,27.392857142857142,154.28,21
26.71,22.67,20.5,90.46,4.039999999999999,0,0,Low,27.334285714285716,164.12,22
25.71,22.06,48.78,93.0,3.650000000000002,0,0,Low,26.94,203.87,23
26.48,21.98,30.71,90.68,4.5,0,0,Low,26.631428571428568,231.96,24
24.96,22.23,46.1,93.26,2.7300000000000004,0,0,Low,26.132857142857144,266.5,25
26.02,21.48,40.36,92.01,4.539999999999999,0,0,Low,26.00857142857143,275.81,26
26.35,21.38,13.89,90.32,4.970000000000002,0,0,Low,26.028571428571432,247.0,27
25.23,22.79,21.7,93.5,2.4400000000000013,0,0,Low,25.922857142857143,222.04000000000002,28
26.34,22.16,25.12,91.53,4.18,0,0,Low,25.87,226.66000000000003,29
26.73,22.0,28.08,91.02,4.73,0,0,Low,26.01571428571429,205.96,30
24.75,22.22,51.83,95.2,2.530000000000001,0,0,Low,25.768571428571427,227.07999999999998,31
24.73,22.6,74.82,95.57,2.129999999999999,0,0,Low,25.735714285714288,255.8,32
25.49,22.41,38.68,93.02,3.0799999999999983,0,0,Low,25.66,254.11999999999998,33
26.25,21.97,16.73,91.91,4.280000000000001,0,0,Low,25.645714285714284,256.96,34
26.22,21.73,16.09,91.33,4.489999999999998,0,0,Low,25.787142857142857,251.34999999999997,35
24.39,21.95,19.83,94.36,2.4400000000000013,0,0,Low,25.50857142857143,246.05999999999997,36
25.39,21.76,13.33,92.32,3.629999999999999,0,0,Low,25.31714285714285,231.31,37
25.24,21.45,11.65,92.52,3.789999999999999,0,0,Low,25.387142857142855,191.13,38
25.38,21.31,9.62,91.48,4.07,0,0,Low,25.479999999999997,125.92999999999999,39
25.93,21.48,5.69,91.48,4.449999999999999,0,0,Low,25.542857142857144,92.94000000000001,40
25.66,21.5,5.61,91.33,4.16,0,0,Low,25.458571428571428,81.82000000000001,41
26.11,21.78,5.19,91.3,4.329999999999998,0,0,Low,25.442857142857147,70.92,42
26.28,21.42,3.78,90.63,4.859999999999999,0,0,Medium,25.712857142857143,54.87,43
26.9,21.52,1.19,90.22,5.379999999999999,0,0,Medium,25.928571428571427,42.730000000000004,44
26.71,21.69,0.31,90.13,5.02,0,1,High,26.138571428571428,31.39,1
27.18,21.48,1.23,89.19,5.699999999999999,0,0,Medium,26.395714285714288,23.000000000000004,1
27.27,21.27,2.12,89.3,6.0,0,0,Medium,26.587142857142858,19.43,2
24.99,21.71,5.5,91.7,3.2799999999999976,0,0,Low,26.49142857142857,19.32,3
27.08,21.41,4.38,89.62,5.669999999999998,0,0,Medium,26.63,18.509999999999998,4
26.13,21.5,9.01,90.38,4.629999999999999,0,0,Low,26.608571428571427,23.740000000000002,5
25.12,21.3,12.38,91.42,3.8200000000000003,0,0,Low,26.354285714285716,34.93000000000001,6
26.52,21.23,3.03,89.27,5.289999999999999,0,0,Medium,26.327142857142857,37.65,7
26.0,20.98,3.27,89.55,5.02,0,0,Medium,26.158571428571427,39.690000000000005,8
26.34,21.1,5.08,89.26,5.239999999999998,0,0,Low,26.025714285714283,42.65,9
25.12,21.48,5.6,91.97,3.6400000000000006,0,0,Low,26.044285714285714,42.75,10
26.88,21.5,5.48,89.76,5.379999999999999,0,0,Low,26.015714285714285,43.85,11
26.92,21.35,7.82,89.23,5.57,0,0,Low,26.12857142857143,42.660000000000004,12
26.89,21.54,15.18,89.84,5.350000000000001,0,0,Low,26.381428571428568,45.46000000000001,13
25.27,21.42,18.63,90.9,3.849999999999998,0,0,Low,26.202857142857145,61.06,14
24.43,21.45,24.22,92.09,2.9800000000000004,0,0,Low,25.97857142857143,82.00999999999999,15
27.07,21.75,11.48,90.72,5.32,0,0,Low,26.082857142857144,88.41,16
24.39,21.79,14.91,93.75,2.6000000000000014,0,0,Low,25.978571428571428,97.72,17
25.23,21.39,25.95,93.16,3.84,0,0,Low,25.742857142857144,118.19,18
25.11,21.23,17.17,92.85,3.879999999999999,0,0,Low,25.48428571428571,127.53999999999999,19
26.04,21.02,11.74,91.15,5.02,0,0,Low,25.36285714285714,124.10000000000001,20
26.16,21.26,20.31,91.11,4.899999999999999,0,0,Low,25.490000000000002,125.78,21
25.38,21.14,27.9,92.74,4.239999999999998,0,0,Low,25.625714285714285,129.46,22
23.89,21.36,35.83,95.24,2.530000000000001,0,0,Low,25.17142857142857,153.81,23
26.0,21.26,28.81,92.45,4.739999999999998,0,0,Low,25.40142857142857,167.71,24
26.28,21.13,13.16,91.65,5.150000000000002,0,0,Low,25.55142857142857,154.92,25
26.3,20.89,11.0,91.09,5.41,0,0,Low,25.72142857142857,148.75,26
25.6,21.01,13.03,91.73,4.59,0,0,Low,25.65857142857143,150.04,27
25.48,20.96,17.5,91.67,4.52,0,0,Low,25.561428571428568,147.23000000000002,28
25.62,21.29,14.12,91.82,4.330000000000002,0,0,Low,25.595714285714283,133.45000000000002,29
25.86,21.01,6.94,91.66,4.849999999999998,0,0,Low,25.87714285714286,104.56,30
26.48,20.65,3.41,91.25,5.830000000000002,0,0,Medium,25.945714285714285,79.16000000000001,31
26.34,20.1,3.21,90.95,6.239999999999998,0,0,Medium,25.954285714285714,69.21000000000001,32
26.09,20.05,4.47,91.06,6.039999999999999,0,0,Medium,25.924285714285713,62.68000000000001,33
26.44,20.42,8.04,90.42,6.02,0,0,Low,26.044285714285714,57.690000000000005,34
26.0,20.71,13.76,90.73,5.289999999999999,0,0,Low,26.118571428571432,53.95,35
26.22,20.28,9.04,90.17,5.939999999999998,0,0,Low,26.204285714285714,48.870000000000005,36
26.24,19.8,3.16,90.18,6.439999999999998,0,0,Medium,26.25857142857143,45.09,37
26.36,19.99,1.91,89.63,6.370000000000001,0,0,Medium,26.24142857142857,43.59,38
26.09,19.87,1.13,89.67,6.219999999999999,0,0,Medium,26.205714285714286,41.510000000000005,39
25.92,19.67,2.5,89.23,6.25,0,0,Medium,26.18142857142857,39.540000000000006,40
24.97,18.86,1.58,89.4,6.109999999999999,0,0,Medium,25.97142857142857,33.080000000000005,41
26.22,17.93,0.97,88.42,8.29,0,1,High,26.002857142857142,20.29000000000001,1
27.54,18.56,0.16,85.07,8.98,0,1,High,26.19142857142857,11.410000000000007,2
28.47,18.9,0.03,83.23,9.57,0,1,High,26.509999999999998,8.280000000000006,3
26.94,18.85,0.38,86.89,8.09,0,1,High,26.592857142857145,6.750000000000007,4
26.72,17.97,0.86,88.63,8.75,0,1,High,26.68285714285714,6.4800000000000075,5
27.6,18.61,1.87,88.03,8.990000000000002,0,0,Medium,26.922857142857143,5.850000000000007,1
28.05,19.93,4.45,87.3,8.120000000000001,0,0,Medium,27.362857142857145,8.720000000000008,2
28.04,20.19,2.5,87.73,7.849999999999998,0,0,Medium,27.62285714285714,10.250000000000007,3
27.38,19.35,1.32,86.55,8.029999999999998,0,0,Medium,27.599999999999998,11.410000000000007,4
27.83,18.85,1.36,85.47,8.979999999999997,0,0,Medium,27.50857142857143,12.740000000000009,5
26.78,20.55,2.54,88.12,6.23,0,0,Medium,27.485714285714288,14.900000000000007,6
28.84,20.41,4.93,87.22,8.43,0,0,Medium,27.788571428571426,18.970000000000006,7
28.95,21.06,3.43,86.64,7.890000000000001,0,0,Medium,27.981428571428573,20.53000000000001,8
26.73,20.75,0.31,88.96,5.98,0,1,High,27.79285714285714,16.390000000000008,1
28.21,20.29,0.23,86.4,7.920000000000002,0,1,High,27.81714285714286,14.120000000000008,2
28.53,20.16,0.09,85.85,8.370000000000001,0,1,High,27.981428571428573,12.890000000000008,3
29.45,19.98,0.16,85.64,9.469999999999999,0,1,High,28.21285714285714,11.690000000000008,4
29.57,20.46,1.94,84.83,9.11,0,0,Medium,28.611428571428572,11.090000000000007,1
28.54,20.53,5.19,83.07,8.009999999999998,0,0,Low,28.568571428571428,11.350000000000009,2
29.35,19.83,8.36,80.19,9.520000000000003,0,0,Low,28.625714285714285,16.28000000000001,3
30.42,20.66,1.03,77.99,9.760000000000002,0,0,Medium,29.152857142857147,17.000000000000007,4
30.85,20.2,0.45,76.51,10.650000000000002,0,1,High,29.53,17.220000000000006,1
31.29,19.87,6.26,76.54,11.419999999999998,0,0,Low,29.924285714285713,23.390000000000008,1
30.15,20.18,2.34,79.43,9.969999999999999,0,0,Medium,30.024285714285718,25.570000000000007,2
28.85,21.6,2.98,82.92,7.25,0,0,Medium,29.92142857142857,26.61000000000001,3
27.68,21.44,2.66,82.94,6.239999999999998,0,0,Medium,29.798571428571428,24.08000000000001,4
28.85,21.15,0.26,78.25,7.700000000000003,0,1,High,29.72714285714286,15.98000000000001,1
29.87,19.88,0.0,72.7,9.990000000000002,0,1,High,29.648571428571426,14.95000000000001,2
31.05,20.1,0.0,68.84,10.95,0,1,High,29.677142857142858,14.500000000000009,3
30.52,20.45,0.09,73.06,10.07,0,1,High,29.56714285714286,8.330000000000009,4
30.33,18.42,0.0,71.55,11.909999999999997,0,1,High,29.592857142857145,5.990000000000009,5
30.47,19.11,0.0,71.13,11.36,0,1,High,29.824285714285715,3.010000000000009,6
30.67,17.83,0.0,73.51,12.840000000000003,0,1,High,30.25142857142857,0.35000000000000886,7
30.85,19.41,0.01,72.31,11.440000000000001,0,1,High,30.537142857142857,0.10000000000000887,8
30.65,17.94,0.0,66.06,12.709999999999997,0,1,High,30.648571428571426,0.10000000000000887,9
30.62,16.84,0.0,64.89,13.780000000000001,0,1,High,30.587142857142855,0.10000000000000887,10
30.55,17.71,0.0,65.49,12.84,0,1,High,30.591428571428573,0.010000000000008882,11
30.72,17.67,0.08,71.39,13.049999999999997,0,1,High,30.647142857142857,0.09000000000000888,12
28.87,20.9,0.55,77.4,7.970000000000002,0,1,High,30.41857142857143,0.6400000000000089,13
27.63,20.31,5.24,83.13,7.32,0,0,Low,29.984285714285715,5.880000000000009,1
28.37,20.02,2.88,75.88,8.350000000000001,0,0,Medium,29.630000000000003,8.750000000000009,2
30.24,18.77,0.01,71.56,11.469999999999999,0,1,High,29.571428571428573,8.760000000000009,1
30.29,17.99,0.0,69.81,12.3,0,1,High,29.524285714285718,8.760000000000009,2
30.77,18.11,0.01,68.4,12.66,0,1,High,29.555714285714284,8.770000000000008,3
30.71,17.3,0.02,57.88,13.41,0,1,High,29.554285714285715,8.710000000000008,4
31.04,16.16,0.01,58.3,14.879999999999999,0,1,High,29.86428571428571,8.170000000000009,5
28.2,20.17,0.34,72.73,8.029999999999998,0,1,High,29.945714285714285,3.270000000000009,6
30.09,19.55,0.06,64.94,10.54,0,1,High,30.191428571428567,0.4500000000000089,7
30.3,16.5,0.0,59.5,13.8,0,1,High,30.2,0.4400000000000089,8
30.08,15.93,0.0,57.88,14.149999999999999,0,1,High,30.169999999999998,0.4400000000000089,9
29.24,14.82,0.0,57.17,14.419999999999998,0,1,High,29.951428571428572,0.4300000000000089,10
28.52,13.96,0.0,56.55,14.559999999999999,0,1,High,29.638571428571428,0.4100000000000089,11
29.7,14.68,0.0,59.81,15.02,0,1,High,29.447142857142858,0.4000000000000089,12
28.98,14.12,0.0,58.43,14.860000000000001,0,1,High,29.558571428571433,0.06000000000000888,13
29.74,15.34,0.0,65.79,14.399999999999999,0,1,High,29.50857142857143,0.0,14
29.99,19.59,0.23,74.36,10.399999999999999,0,1,High,29.464285714285715,0.2300000000000089,15
29.29,20.15,3.51,80.72,9.14,0,0,Medium,29.351428571428574,3.7400000000000087,1
25.74,21.38,9.25,87.82,4.359999999999999,0,0,Low,28.851428571428574,12.990000000000009,2
29.64,19.63,0.43,74.49,10.010000000000002,0,1,High,29.01142857142857,13.420000000000009,1
29.99,18.19,0.0,65.82,11.799999999999997,0,1,High,29.052857142857142,13.420000000000009,2
30.36,15.42,0.0,65.11,14.94,0,1,High,29.249999999999996,13.420000000000009,3
30.42,16.2,0.0,64.15,14.220000000000002,0,1,High,29.34714285714286,13.420000000000009,4
29.75,15.91,0.0,60.26,13.84,0,1,High,29.312857142857144,13.190000000000008,5
29.74,14.53,0.0,57.68,15.209999999999999,0,1,High,29.377142857142854,9.680000000000009,6
29.22,13.49,0.0,54.19,15.729999999999999,0,1,High,29.874285714285712,0.4300000000000089,7
29.01,13.68,0.0,51.59,15.330000000000002,0,1,High,29.784285714285716,0.0,8
28.95,13.76,0.0,55.66,15.19,0,1,High,29.635714285714283,0.0,9
30.38,12.6,0.0,51.3,17.78,0,1,High,29.638571428571428,0.0,10
30.0,13.65,0.0,48.52,16.35,0,1,High,29.578571428571426,0.0,11
29.95,13.78,0.0,55.53,16.17,0,1,High,29.607142857142858,0.0,12
30.31,16.2,0.0,63.73,14.11,0,1,High,29.68857142857143,0.0,13
29.54,18.56,0.05,66.46,10.98,0,1,High,29.734285714285715,0.050000000000008885,14
28.67,20.27,0.45,72.64,8.400000000000002,0,1,High,29.685714285714283,0.5000000000000089,15
28.44,19.52,0.01,71.59,8.920000000000002,0,1,High,29.61285714285714,0.5100000000000089,16
29.35,18.0,0.0,62.17,11.350000000000001,0,1,High,29.465714285714288,0.5100000000000089,17
29.57,16.31,0.0,54.29,13.260000000000002,0,1,High,29.404285714285717,0.5100000000000089,18
29.34,15.19,0.0,56.89,14.15,0,1,High,29.31714285714286,0.5100000000000089,19
28.35,14.74,0.0,53.78,13.610000000000001,0,1,High,29.03714285714286,0.5100000000000089,20
28.62,14.36,0.0,54.76,14.260000000000002,0,1,High,28.905714285714286,0.4600000000000089,21
28.8,13.64,0.0,45.01,15.16,0,1,High,28.92428571428572,0.010000000000008882,22
27.16,14.01,0.0,50.15,13.15,0,1,High,28.741428571428575,0.0,23
28.12,12.67,0.0,48.8,15.450000000000001,0,1,High,28.565714285714282,0.0,24
28.47,12.65,0.0,48.67,15.819999999999999,0,1,High,28.40857142857143,0.0,25
26.59,12.97,0.0,52.81,13.62,0,1,High,28.015714285714285,0.0,26
27.76,13.78,0.0,54.75,13.980000000000002,0,1,High,27.931428571428572,0.0,27
28.05,14.67,0.0,59.29,13.38,0,1,High,27.849999999999998,0.0,28
27.12,16.24,0.0,62.57,10.880000000000003,0,1,High,27.609999999999996,0.0,29
29.05,15.64,0.0,61.1,13.41,0,1,High,27.88,0.0,30
28.77,15.14,0.0,63.0,13.629999999999999,0,1,High,27.972857142857144,0.0,31
29.47,13.74,0.0,57.19,15.729999999999999,0,1,High,28.115714285714287,0.0,32
29.56,15.38,0.0,59.19,14.179999999999998,0,1,High,28.54,0.0,33
29.32,15.33,0.0,57.96,13.99,0,1,High,28.762857142857143,0.0,34
27.06,14.04,0.0,50.23,13.02,0,1,High,28.621428571428574,0.0,35
27.67,9.94,0.0,50.01,17.730000000000004,0,1,High,28.7,0.0,36
26.82,12.78,0.0,59.6,14.040000000000001,0,1,High,28.381428571428568,0.0,37
27.13,10.84,0.0,55.84,16.29,0,1,High,28.147142857142853,0.0,38
27.22,12.9,0.0,54.54,14.319999999999999,0,1,High,27.825714285714287,0.0,39
27.25,15.08,0.0,59.77,12.17,0,1,High,27.495714285714286,0.0,40
26.64,12.79,0.0,50.38,13.850000000000001,0,1,High,27.11285714285714,0.0,41
26.32,11.07,0.0,52.54,15.25,0,1,High,27.00714285714286,0.0,42
27.33,12.98,0.0,59.52,14.349999999999998,0,1,High,26.958571428571428,0.0,43
27.22,10.76,0.0,47.16,16.46,0,1,High,27.01571428571429,0.0,44
27.51,10.62,0.0,48.45,16.89,0,1,High,27.07,0.0,45
28.3,12.21,0.0,57.59,16.09,0,1,High,27.224285714285717,0.0,46
29.13,11.77,0.0,50.54,17.36,0,1,High,27.492857142857144,0.0,47
29.39,13.91,0.0,56.32,15.48,0,1,High,27.885714285714283,0.0,48
30.1,15.87,0.0,62.94,14.230000000000002,0,1,High,28.42571428571429,0.0,49
30.28,16.02,0.0,58.07,14.260000000000002,0,1,High,28.84714285714286,0.0,50
28.88,15.25,0.0,54.29,13.629999999999999,0,1,High,29.084285714285716,0.0,51
28.29,10.11,0.0,35.34,18.18,0,1,High,29.195714285714285,0.0,52
26.94,9.06,0.0,26.19,17.880000000000003,0,1,High,29.00142857142857,0.0,53
27.93,8.98,0.0,26.77,18.95,0,1,High,28.830000000000002,0.0,54
28.02,9.81,0.0,27.99,18.21,0,1,High,28.634285714285713,0.0,55
28.45,10.25,0.0,29.18,18.2,0,1,High,28.398571428571426,0.0,56
29.66,10.32,0.0,26.85,19.34,0,1,High,28.31,0.0,57
30.49,10.51,0.0,29.01,19.979999999999997,0,1,High,28.539999999999996,0.0,58
30.15,12.91,0.0,31.66,17.24,0,1,High,28.805714285714284,0.0,59
30.66,10.98,0.0,30.66,19.68,0,1,High,29.337142857142855,0.0,60
30.62,12.16,0.0,38.25,18.46,0,1,High,29.721428571428568,0.0,61
30.34,11.75,0.0,38.53,18.59,0,1,High,30.052857142857142,0.0,62
29.39,11.49,0.0,33.15,17.9,0,1,High,30.187142857142856,0.0,63
29.75,10.63,0.0,28.1,19.119999999999997,0,1,High,30.2,0.0,64
30.78,10.46,0.0,30.5,20.32,0,1,High,30.241428571428575,0.0,65
30.71,10.29,0.0,29.95,20.42,0,1,High,30.321428571428573,0.0,66
30.65,11.13,0.0,36.49,19.519999999999996,0,1,High,30.32,0.0,67
30.06,15.0,0.0,36.78,15.059999999999999,0,1,High,30.240000000000002,0.0,68
29.98,11.03,0.0,40.7,18.950000000000003,0,1,High,30.18857142857143,0.0,69
30.0,12.71,0.0,41.09,17.29,0,1,High,30.275714285714283,0.0,70
30.12,13.36,0.0,38.8,16.76,0,1,High,30.328571428571426,0.0,71
31.11,13.52,0.0,43.06,17.59,0,1,High,30.375714285714285,0.0,72
31.3,13.03,0.0,36.0,18.270000000000003,0,1,High,30.46,0.0,73
31.56,12.79,0.0,32.27,18.77,0,1,High,30.59,0.0,74
31.27,13.15,0.0,31.33,18.119999999999997,0,1,High,30.762857142857143,0.0,75
31.51,13.44,0.0,32.48,18.07,0,1,High,30.981428571428573,0.0,76
30.84,13.46,0.0,45.73,17.38,0,1,High,31.101428571428574,0.0,77
27.82,13.13,0.0,69.84,14.69,0,1,High,30.77285714285714,0.0,78
27.56,13.29,0.0,68.19,14.27,0,1,High,30.265714285714285,0.0,79
29.33,10.12,0.0,47.82,19.21,0,1,High,29.984285714285715,0.0,80
28.09,9.29,0.0,38.74,18.8,0,1,High,29.48857142857143,0.0,81
28.38,8.67,0.0,41.05,19.71,0,1,High,29.075714285714287,0.0,82
27.51,12.54,0.0,58.5,14.970000000000002,0,1,High,28.504285714285714,0.0,83
26.99,12.08,0.0,38.34,14.909999999999998,0,1,High,27.954285714285714,0.0,84
28.28,10.48,0.0,25.56,17.8,0,1,High,28.020000000000003,0.0,85
29.57,9.94,0.0,25.3,19.630000000000003,0,1,High,28.307142857142857,0.0,86
30.82,11.8,0.0,32.72,19.02,0,1,High,28.52,0.0,87
30.96,13.13,0.0,42.88,17.83,0,1,High,28.93,0.0,88
31.12,13.89,0.0,43.26,17.23,0,1,High,29.321428571428573,0.0,89
31.28,14.97,0.0,43.35,16.310000000000002,0,1,High,29.860000000000003,0.0,90
32.22,15.76,0.0,40.92,16.46,0,1,High,30.607142857142858,0.0,91
32.41,15.46,0.0,44.95,16.949999999999996,0,1,High,31.197142857142858,0.0,92
32.43,15.28,0.0,48.4,17.15,0,1,High,31.60571428571429,0.0,93
27.71,12.03,0.0,62.65,15.680000000000001,0,1,High,31.16142857142857,0.0,94
26.85,9.95,0.0,55.37,16.900000000000002,0,1,High,30.574285714285715,0.0,95
30.07,7.2,0.0,30.71,22.87,0,1,High,30.424285714285713,0.0,96
32.31,10.47,0.0,22.67,21.840000000000003,0,1,High,30.571428571428573,0.0,97
32.98,12.78,0.0,28.83,20.199999999999996,0,1,High,30.68,0.0,98
33.74,16.54,0.0,39.24,17.200000000000003,0,1,High,30.87,0.0,99
34.21,18.92,0.0,40.27,15.29,0,1,High,31.124285714285715,0.0,100
34.36,17.75,0.0,39.92,16.61,0,1,High,32.074285714285715,0.0,101
32.3,16.34,0.0,44.66,15.959999999999997,0,1,High,32.85285714285714,0.0,102
32.44,12.85,0.0,38.73,19.589999999999996,0,1,High,33.191428571428574,0.0,103
32.59,13.03,0.0,29.74,19.560000000000002,0,1,High,33.23142857142857,0.0,104
35.27,13.72,0.0,27.99,21.550000000000004,1,1,High,33.55857142857143,0.0,105
36.61,15.99,0.0,28.22,20.619999999999997,1,1,High,33.96857142857143,0.0,106
37.18,15.78,0.0,34.08,21.4,1,1,High,34.392857142857146,0.0,107
36.12,17.76,0.0,50.63,18.359999999999996,1,1,High,34.644285714285715,0.0,108
35.57,20.34,0.0,37.91,15.23,1,1,High,35.11142857142857,0.0,109
37.03,19.99,0.0,30.62,17.040000000000003,1,1,High,35.76714285714286,0.0,110
36.43,19.2,0.0,23.18,17.23,1,1,High,36.315714285714286,0.0,111
35.38,17.77,0.0,26.87,17.610000000000003,1,1,High,36.331428571428575,0.0,112
31.94,16.41,0.0,33.45,15.530000000000001,0,1,High,35.66428571428572,0.0,113
30.26,14.93,0.0,47.79,15.330000000000002,0,1,High,34.675714285714285,0.0,114
31.36,13.24,0.0,43.68,18.119999999999997,0,1,High,33.99571428571429,0.0,115
34.09,12.79,0.0,26.05,21.300000000000004,0,1,High,33.784285714285716,0.0,116
37.06,15.58,0.0,34.71,21.480000000000004,1,1,High,33.78857142857143,0.0,117
34.12,16.56,0.0,59.28,17.56,0,1,High,33.45857142857143,0.0,118
33.46,16.9,0.0,64.13,16.560000000000002,0,1,High,33.184285714285714,0.0,119
33.01,17.17,0.0,59.49,15.839999999999996,0,1,High,33.33714285714286,0.0,120
32.57,14.07,0.0,55.2,18.5,0,1,High,33.667142857142856,0.0,121
34.31,12.87,0.0,40.9,21.440000000000005,0,1,High,34.08857142857143,0.0,122
36.4,16.11,0.0,27.08,20.29,1,1,High,34.41857142857143,0.0,123
36.16,17.77,0.0,29.82,18.389999999999997,1,1,High,34.29,0.0,124
37.32,16.96,0.0,30.31,20.36,1,1,High,34.747142857142855,0.0,125
35.59,17.15,0.0,38.21,18.440000000000005,1,1,High,35.05142857142857,0.0,126
36.29,15.98,0.0,39.24,20.31,1,1,High,35.52,0.0,127
35.07,16.36,0.0,43.19,18.71,1,1,High,35.87714285714286,0.0,128
35.15,16.29,0.0,39.89,18.86,1,1,High,35.997142857142855,0.0,129
36.78,16.95,0.0,24.12,19.830000000000002,1,1,High,36.051428571428566,0.0,130
38.11,18.18,0.0,22.85,19.93,1,1,High,36.33,0.0,131
36.81,18.98,0.0,24.75,17.830000000000002,1,1,High,36.25714285714286,0.0,132
37.56,17.77,0.0,25.89,19.790000000000003,1,1,High,36.53857142857142,0.0,133
37.73,18.0,0.0,25.72,19.729999999999997,1,1,High,36.74428571428571,0.0,134
37.26,18.17,0.0,31.9,19.089999999999996,1,1,High,37.05714285714286,0.0,135
36.65,16.05,0.0,41.53,20.599999999999998,1,1,High,37.271428571428565,0.0,136
37.15,16.64,0.0,29.97,20.509999999999998,1,1,High,37.324285714285715,0.0,137
38.99,18.15,0.0,21.9,20.840000000000003,1,1,High,37.449999999999996,0.0,138
39.52,19.31,0.0,18.41,20.210000000000004,1,1,High,37.83714285714286,0.0,139
40.3,20.91,0.0,20.81,19.389999999999997,1,1,High,38.22857142857142,0.0,140
40.16,21.45,0.0,21.44,18.709999999999997,1,1,High,38.575714285714284,0.0,141
40.11,20.8,0.0,29.66,19.31,1,1,High,38.98285714285714,0.0,142
40.36,19.54,0.0,22.37,20.82,1,1,High,39.512857142857136,0.0,143
40.69,19.6,0.0,27.78,21.089999999999996,1,1,High,40.01857142857143,0.0,144
40.46,20.98,0.0,32.82,19.48,1,1,High,40.228571428571435,0.0,145
38.76,20.65,0.0,42.91,18.11,1,1,High,40.12,0.0,146
38.76,19.23,0.0,39.64,19.529999999999998,1,1,High,39.89999999999999,0.0,147
39.93,18.95,0.0,38.44,20.98,1,1,High,39.86714285714286,0.0,148
40.87,18.84,0.0,38.82,22.029999999999998,1,1,High,39.97571428571428,0.0,149
41.41,20.82,0.01,33.83,20.589999999999996,1,1,High,40.12571428571429,0.010000000000008882,150
39.7,20.85,0.0,48.97,18.85,1,1,High,39.98428571428571,0.010000000000008882,151
39.94,20.42,0.0,40.66,19.519999999999996,1,1,High,39.910000000000004,0.010000000000008882,152
39.16,20.46,0.0,39.22,18.699999999999996,1,1,High,39.96714285714285,0.010000000000008882,153
40.31,19.72,0.0,39.3,20.590000000000003,1,1,High,40.18857142857143,0.010000000000008882,154
38.91,20.31,0.0,39.51,18.599999999999998,1,1,High,40.04285714285714,0.010000000000008882,155
40.3,19.9,0.0,30.94,20.4,1,1,High,39.96142857142858,0.010000000000008882,156
40.52,19.62,0.0,37.09,20.900000000000002,1,1,High,39.83428571428572,0.0,157
40.31,21.18,0.02,39.81,19.130000000000003,1,1,High,39.92142857142857,0.020000000000008882,158
41.32,21.76,0.02,28.87,19.56,1,1,High,40.11857142857143,0.04000000000000888,159
39.34,23.23,0.78,33.63,16.110000000000003,1,1,High,40.144285714285715,0.8200000000000089,160
37.27,24.74,1.17,36.61,12.530000000000005,1,0,Medium,39.71,1.9900000000000089,1
35.54,22.23,0.6,51.31,13.309999999999999,1,1,High,39.228571428571435,2.5900000000000087,1
35.42,19.24,0.0,48.69,16.180000000000003,1,1,High,38.53142857142858,2.5900000000000087,2
37.66,15.04,0.0,39.01,22.619999999999997,1,1,High,38.12285714285714,2.5900000000000087,3
38.62,18.35,0.0,46.72,20.269999999999996,1,1,High,37.88142857142857,2.5700000000000087,4
38.26,18.99,0.0,40.35,19.27,1,1,High,37.44428571428572,2.5500000000000087,5
37.78,19.26,0.0,47.02,18.52,1,1,High,37.221428571428575,1.770000000000009,6
38.33,19.17,0.0,39.08,19.159999999999997,1,1,High,37.37285714285714,0.6000000000000089,7
40.65,19.02,0.0,37.35,21.63,1,1,High,38.10285714285715,0.0,8
41.71,21.21,0.0,33.89,20.5,1,1,High,39.00142857142857,0.0,9
41.89,21.51,0.0,39.06,20.38,1,1,High,39.605714285714285,0.0,10
43.2,23.5,0.0,31.62,19.700000000000003,1,1,High,40.26,0.0,11
42.96,24.1,0.0,32.96,18.86,1,1,High,40.93142857142857,0.0,12
42.52,26.02,0.0,27.23,16.500000000000004,1,1,High,41.60857142857143,0.0,13
40.33,22.71,0.0,39.9,17.619999999999997,1,1,High,41.894285714285715,0.0,14
38.7,23.0,0.0,38.14,15.700000000000003,1,1,High,41.61571428571428,0.0,15
36.93,20.75,0.0,52.89,16.18,1,1,High,40.93285714285714,0.0,16
36.75,19.78,0.0,51.79,16.97,1,1,High,40.19857142857143,0.0,17
35.87,19.16,0.0,55.73,16.709999999999997,1,1,High,39.151428571428575,0.0,18
35.71,20.31,0.0,60.49,15.400000000000002,1,1,High,38.11571428571428,0.0,19
36.89,21.1,0.0,55.5,15.79,1,1,High,37.31142857142857,0.0,20
38.68,20.57,0.0,52.18,18.11,1,1,High,37.075714285714284,0.0,21
37.91,20.54,0.0,54.3,17.369999999999997,1,1,High,36.962857142857146,0.0,22
36.95,22.11,0.0,59.73,14.840000000000003,1,1,High,36.965714285714284,0.0,23
36.52,21.67,0.0,56.54,14.850000000000001,1,1,High,36.93285714285714,0.0,24
36.87,21.28,0.0,55.08,15.589999999999996,1,1,High,37.075714285714284,0.0,25
39.1,20.44,0.0,53.34,18.66,1,1,High,37.56,0.0,26
40.07,20.7,0.0,53.75,19.37,1,1,High,38.01428571428572,0.0,27
39.67,21.7,0.0,51.96,17.970000000000002,1,1,High,38.15571428571428,0.0,28
38.9,20.72,0.0,50.78,18.18,1,1,High,38.29714285714285,0.0,29
38.82,20.31,0.0,49.47,18.51,1,1,High,38.56428571428571,0.0,30
38.68,20.19,0.13,49.32,18.49,1,1,High,38.87285714285714,0.1300000000000089,31
39.2,19.61,0.0,48.47,19.590000000000003,1,1,High,39.205714285714286,0.1300000000000089,32
39.91,21.01,0.0,41.4,18.899999999999995,1,1,High,39.32142857142857,0.1300000000000089,33
40.62,22.95,0.0,32.33,17.669999999999998,1,1,High,39.4,0.1300000000000089,34
41.61,22.83,0.0,34.77,18.78,1,1,High,39.67714285714286,0.1300000000000089,35
40.65,22.46,0.0,50.67,18.189999999999998,1,1,High,39.92714285714286,0.1300000000000089,36
39.92,22.93,0.0,54.29,16.990000000000002,1,1,High,40.08428571428571,0.1300000000000089,37
38.69,22.82,0.0,55.05,15.869999999999997,1,1,High,40.08571428571428,0.0,38
38.43,22.22,0.0,55.67,16.21,1,1,High,39.97571428571428,0.0,39
37.1,23.3,0.0,54.54,13.8,1,1,High,39.574285714285715,0.0,40
37.79,22.33,0.0,50.61,15.46,1,1,High,39.17,0.0,41
38.43,21.94,0.0,52.62,16.49,1,1,High,38.715714285714284,0.0,42
40.01,22.59,0.0,52.63,17.419999999999998,1,1,High,38.62428571428571,0.0,43
39.95,22.84,0.0,52.51,17.110000000000003,1,1,High,38.628571428571426,0.0,44
38.92,22.55,0.0,56.49,16.37,1,1,High,38.66142857142857,0.0,45
39.64,23.56,0.0,55.38,16.080000000000002,1,1,High,38.83428571428572,0.0,46
39.8,23.87,0.0,55.02,15.929999999999996,1,1,High,39.21999999999999,0.0,47
40.0,23.43,0.0,57.14,16.57,1,1,High,39.535714285714285,0.0,48
31.84,24.0,0.01,64.48,7.84,0,1,High,38.59428571428571,0.010000000000008882,49
37.69,23.57,0.02,59.15,14.119999999999997,1,1,High,38.262857142857136,0.03000000000000888,50
38.72,22.91,0.06,54.83,15.809999999999999,1,1,High,38.08714285714286,0.09000000000000888,51
37.31,24.32,0.03,51.96,12.990000000000002,1,1,High,37.857142857142854,0.12000000000000888,52
38.63,23.19,0.19,53.86,15.440000000000001,1,1,High,37.712857142857146,0.3100000000000089,53
32.1,24.41,0.95,61.15,7.690000000000001,0,1,High,36.61285714285714,1.260000000000009,54
31.85,24.96,5.27,66.67,6.890000000000001,0,0,Low,35.44857142857143,6.530000000000008,1
32.52,24.2,14.23,75.41,8.320000000000004,0,0,Medium,35.54571428571428,20.750000000000007,2
33.56,24.31,10.93,77.03,9.250000000000004,0,0,Medium,34.955714285714286,31.66000000000001,3
30.89,23.4,6.89,76.7,7.490000000000002,0,0,Low,33.83714285714286,38.49000000000001,4
30.86,22.67,5.97,73.65,8.189999999999998,0,0,Low,32.91571428571429,44.43000000000001,5
31.07,21.96,12.72,75.32,9.11,0,0,Low,31.835714285714285,56.96000000000001,6
31.22,22.73,12.67,76.76,8.489999999999998,0,0,Low,31.71,68.68,7
32.13,23.05,2.54,76.85,9.080000000000002,0,0,Medium,31.75,65.95,8
31.44,23.11,2.08,76.99,8.330000000000002,0,0,Medium,31.595714285714287,53.800000000000004,9
31.08,22.77,5.26,77.38,8.309999999999999,0,0,Low,31.24142857142857,48.13,10
30.71,23.17,7.58,79.27,7.539999999999999,0,0,Low,31.215714285714288,48.820000000000014,11
31.46,22.95,1.46,76.93,8.510000000000002,0,0,Medium,31.301428571428573,44.31,12
33.23,22.15,0.04,72.29,11.079999999999998,0,1,High,31.610000000000003,31.630000000000006,1
32.1,22.79,0.86,73.82,9.310000000000002,0,1,High,31.735714285714288,19.820000000000007,2
29.62,23.24,3.21,79.97,6.380000000000003,0,0,Medium,31.377142857142854,20.49000000000001,1
27.13,22.58,6.64,82.4,4.550000000000001,0,0,Low,30.76142857142857,25.050000000000008,2
31.97,22.66,4.66,78.84,9.309999999999999,0,0,Medium,30.888571428571428,24.45000000000001,3
31.4,23.2,9.6,82.16,8.2,0,0,Low,30.987142857142857,26.470000000000006,4
28.97,22.85,58.54,87.12,6.119999999999997,0,0,Low,30.631428571428568,83.55000000000001,5
26.56,21.81,106.74,90.76,4.75,0,0,Low,29.678571428571427,190.25,6
25.17,21.7,39.67,92.59,3.4700000000000024,0,0,Low,28.68857142857143,229.06,7
26.66,22.86,38.02,89.69,3.8000000000000007,0,0,Low,28.26571428571429,263.87,8
25.6,22.72,55.88,90.95,2.8800000000000026,0,0,Low,28.04714285714286,313.11,9
27.58,22.3,32.6,88.49,5.279999999999998,0,0,Low,27.419999999999998,341.05,10
26.3,21.93,12.79,89.78,4.370000000000001,0,0,Low,26.69142857142857,344.24,11
25.84,20.6,4.47,83.28,5.239999999999998,0,0,Medium,26.244285714285716,290.17,12
26.55,20.71,35.31,91.46,5.84,0,0,Low,26.24285714285714,218.74,13
25.82,23.4,63.1,93.07,2.4200000000000017,0,0,Low,26.33571428571429,242.17,14
25.57,23.26,45.42,93.98,2.3099999999999987,0,0,Low,26.18,249.57000000000002,15
26.96,23.25,39.66,91.54,3.710000000000001,0,0,Low,26.374285714285715,233.35,16
26.84,23.64,29.36,92.66,3.1999999999999993,0,0,Low,26.268571428571427,230.10999999999999,17
26.88,23.49,30.98,92.06,3.3900000000000006,0,0,Low,26.351428571428574,248.3,18
25.38,23.19,36.32,93.71,2.1899999999999977,0,0,Low,26.285714285714285,280.15,19
27.61,22.57,5.46,89.44,5.039999999999999,0,0,Low,26.437142857142856,250.3,20
27.21,22.76,7.02,90.72,4.449999999999999,0,0,Low,26.635714285714283,194.22,21
26.68,22.89,11.35,92.21,3.789999999999999,0,0,Low,26.794285714285714,160.14999999999998,22
27.56,22.46,8.54,89.7,5.099999999999998,0,0,Low,26.88,129.03,23
26.38,22.45,7.85,91.42,3.9299999999999997,0,0,Low,26.814285714285713,107.52000000000001,24
26.8,22.02,2.4,89.81,4.780000000000001,0,0,Medium,26.80285714285714,78.94,25
28.27,21.7,3.7,87.72,6.57,0,0,Medium,27.215714285714284,46.32,26
28.98,21.64,14.57,87.21,7.34,0,0,Low,27.41142857142857,55.42999999999999,27
29.36,22.61,17.59,86.02,6.75,0,0,Low,27.71857142857143,66.0,28
28.83,22.7,11.95,88.37,6.129999999999999,0,0,Low,28.025714285714283,66.6,29
26.99,23.01,12.63,92.83,3.979999999999997,0,0,Low,27.944285714285712,70.69,30
28.84,22.56,10.95,90.22,6.280000000000001,0,0,Low,28.295714285714286,73.78999999999999,31
25.52,23.19,41.9,93.84,2.3299999999999983,0,0,Low,28.112857142857145,113.29,32
26.23,23.08,24.46,93.44,3.150000000000002,0,0,Low,27.821428571428573,134.05,33
25.4,23.02,72.45,94.15,2.379999999999999,0,0,Low,27.310000000000002,191.93,34
24.24,22.6,62.85,95.4,1.639999999999997,0,0,Low,26.578571428571426,237.19,35
24.93,22.56,26.8,94.3,2.370000000000001,0,0,Low,26.021428571428572,252.04,36
24.29,22.52,55.34,95.47,1.7699999999999996,0,0,Low,25.635714285714283,294.75,37
24.19,22.02,46.2,95.31,2.1700000000000017,0,0,Low,24.971428571428568,330.0,38
24.46,22.04,32.18,94.78,2.4200000000000017,0,0,Low,24.819999999999997,320.28,39
25.78,22.04,36.67,92.75,3.740000000000002,0,0,Low,24.755714285714284,332.49,40
25.19,21.89,52.34,93.85,3.3000000000000007,0,0,Low,24.725714285714282,312.38,41
24.43,22.67,71.94,96.03,1.759999999999998,0,0,Low,24.752857142857145,321.47,42
24.5,22.57,103.69,96.42,1.9299999999999997,0,0,Low,24.69142857142857,398.36,43
24.72,22.87,39.84,95.23,1.8499999999999979,0,0,Low,24.752857142857145,382.85999999999996,44
24.5,22.85,27.76,95.25,1.6499999999999986,0,0,Low,24.79714285714286,364.41999999999996,45
24.4,22.84,32.7,95.89,1.5599999999999987,0,0,Low,24.78857142857143,364.93999999999994,46
24.86,22.48,22.64,95.08,2.379999999999999,0,0,Low,24.657142857142855,350.91,47
24.25,22.43,24.63,95.84,1.8200000000000003,0,0,Low,24.52285714285714,323.2,48
25.58,21.53,22.81,93.32,4.049999999999997,0,0,Low,24.687142857142856,274.07,49
25.95,21.33,15.0,92.25,4.620000000000001,0,0,Low,24.89428571428571,185.38,50
25.47,21.37,7.28,92.78,4.099999999999998,0,0,Low,25.00142857142857,152.81999999999996,51
27.2,21.76,7.85,92.28,5.439999999999998,0,0,Low,25.387142857142855,132.90999999999997,52
25.47,22.31,6.7,94.52,3.16,0,0,Low,25.539999999999996,106.90999999999997,53
26.84,22.29,7.41,92.04,4.550000000000001,0,0,Low,25.822857142857142,91.67999999999996,54
27.23,21.83,7.02,90.95,5.400000000000002,0,0,Low,26.24857142857143,74.06999999999998,55
27.05,21.4,2.41,90.36,5.650000000000002,0,0,Medium,26.458571428571425,53.66999999999997,56
27.0,21.11,2.53,90.57,5.890000000000001,0,0,Medium,26.608571428571427,41.199999999999974,57
27.3,20.88,1.6,90.68,6.420000000000002,0,0,Medium,26.87,35.51999999999997,58
26.89,20.96,2.02,90.58,5.93,0,0,Medium,26.82571428571428,29.689999999999973,59
27.21,20.46,9.44,90.29,6.75,0,0,Low,27.074285714285715,32.42999999999997,60
26.77,20.93,7.53,90.11,5.84,0,0,Low,27.064285714285717,32.54999999999997,61
26.36,20.39,5.2,90.69,5.969999999999999,0,0,Low,26.939999999999998,30.729999999999976,62
26.64,21.2,5.24,90.0,5.440000000000001,0,0,Low,26.881428571428575,33.559999999999974,63
26.14,20.37,3.43,89.84,5.77,0,0,Medium,26.75857142857143,34.45999999999997,64
26.0,19.87,1.69,90.36,6.129999999999999,0,0,Medium,26.572857142857142,34.54999999999997,65
26.43,20.02,3.28,90.07,6.41,0,0,Medium,26.50714285714286,35.809999999999974,66
27.59,20.66,1.47,89.11,6.93,0,0,Medium,26.56142857142857,27.83999999999997,67
28.27,20.95,8.11,89.43,7.32,0,0,Low,26.775714285714287,28.419999999999973,68
27.4,21.9,17.11,90.72,5.5,0,0,Low,26.924285714285713,40.32999999999997,69
26.05,22.21,23.48,93.52,3.84,0,0,Low,26.84,58.56999999999998,70
25.3,22.49,15.58,92.9,2.8100000000000023,0,0,Low,26.720000000000002,70.71999999999997,71
26.65,22.5,21.02,91.87,4.149999999999999,0,0,Low,26.812857142857144,90.04999999999997,72
25.81,21.36,55.34,93.01,4.449999999999999,0,0,Low,26.724285714285713,142.10999999999996,73
25.13,22.17,67.23,95.22,2.9599999999999973,0,0,Low,26.37285714285714,207.86999999999998,74
25.06,22.32,45.24,95.25,2.7399999999999984,0,0,Low,25.91428571428571,245.0,75
25.11,22.05,38.78,94.45,3.0599999999999987,0,0,Low,25.587142857142858,266.66999999999996,76
25.32,21.67,54.96,94.21,3.6499999999999986,0,0,Low,25.482857142857142,298.15,77
25.49,21.97,27.33,93.83,3.5199999999999996,0,0,Low,25.509999999999998,309.9,78
25.91,22.26,23.5,93.73,3.6499999999999986,0,0,Low,25.404285714285717,312.38,79
26.51,22.06,16.41,92.94,4.450000000000003,0,0,Low,25.504285714285714,273.45,80
25.43,21.75,9.0,93.2,3.6799999999999997,0,0,Low,25.54714285714286,215.21999999999997,81
24.66,21.83,15.07,94.16,2.830000000000002,0,0,Low,25.490000000000002,185.04999999999995,82
26.24,21.93,30.05,93.34,4.309999999999999,0,0,Low,25.65142857142857,176.31999999999996,83
26.67,22.08,32.87,92.79,4.590000000000003,0,0,Low,25.844285714285714,154.22999999999996,84
26.86,20.99,10.27,91.6,5.870000000000001,0,0,Low,26.04,137.16999999999996,85
26.57,20.58,9.09,92.03,5.990000000000002,0,0,Low,26.134285714285713,122.75999999999996,86
26.38,21.69,14.08,92.45,4.689999999999998,0,0,Low,26.115714285714287,120.42999999999998,87
27.8,21.42,15.29,92.64,6.379999999999999,0,0,Low,26.454285714285714,126.71999999999997,88
28.34,22.06,22.14,90.66,6.280000000000001,0,0,Low,26.98,133.78999999999996,89
25.45,20.81,11.58,93.09,4.640000000000001,0,0,Low,26.867142857142856,115.31999999999996,90
27.57,19.61,6.57,90.46,7.960000000000001,0,0,Low,26.995714285714286,89.01999999999997,91
28.49,21.11,2.8,91.21,7.379999999999999,0,0,Medium,27.228571428571428,81.54999999999997,92
28.28,21.05,16.22,88.86,7.23,0,0,Low,27.472857142857144,88.67999999999998,93
27.18,21.89,38.27,91.89,5.289999999999999,0,0,Low,27.587142857142858,112.86999999999996,94
26.78,22.35,45.5,92.25,4.43,0,0,Low,27.441428571428567,143.07999999999998,95
24.71,21.71,30.25,96.08,3.0,0,0,Low,26.922857142857143,151.18999999999997,96
26.06,20.58,2.52,92.39,5.48,0,0,Medium,27.009999999999998,142.12999999999997,97
26.8,20.48,1.26,91.65,6.32,0,0,Medium,26.900000000000002,136.81999999999996,98
26.42,19.82,0.77,91.86,6.600000000000001,0,1,High,26.604285714285712,134.79,1
26.83,20.42,1.74,91.9,6.409999999999997,0,0,Medium,26.397142857142857,120.30999999999997,1
27.59,20.0,0.6,89.54,7.59,0,1,High,26.45571428571429,82.63999999999997,1
28.34,20.09,0.16,86.29,8.25,0,1,High,26.678571428571427,37.29999999999997,2
29.04,20.39,1.74,86.41,8.649999999999999,0,0,Medium,27.29714285714286,8.78999999999997,1
27.34,21.12,15.37,88.65,6.219999999999999,0,0,Low,27.48,21.639999999999972,2
27.13,20.83,16.83,85.97,6.300000000000001,0,0,Low,27.527142857142856,37.209999999999965,3
26.97,20.39,6.29,86.26,6.579999999999998,0,0,Low,27.60571428571429,42.729999999999976,4
27.42,20.57,6.71,87.82,6.850000000000001,0,0,Low,27.689999999999998,47.699999999999974,5
28.62,20.4,11.69,86.06,8.220000000000002,0,0,Low,27.837142857142855,58.78999999999997,6
28.27,20.77,12.94,85.57,7.5,0,0,Low,27.827142857142857,71.56999999999996,7
27.43,20.58,6.18,83.86,6.850000000000001,0,0,Low,27.59714285714286,76.00999999999996,8
27.03,20.56,2.72,83.88,6.470000000000002,0,0,Medium,27.552857142857142,63.35999999999997,9
27.56,20.36,4.54,86.56,7.199999999999999,0,0,Medium,27.61428571428571,51.06999999999997,10
26.22,21.26,5.39,91.23,4.959999999999997,0,0,Low,27.507142857142856,50.169999999999966,11
28.75,20.44,0.2,85.25,8.309999999999999,0,1,High,27.697142857142858,43.65999999999997,1
28.08,18.95,0.0,81.11,9.129999999999999,0,1,High,27.62,31.969999999999967,2
27.26,17.37,0.0,81.22,9.89,0,1,High,27.475714285714282,19.02999999999997,3
27.16,19.02,0.03,85.9,8.14,0,1,High,27.437142857142852,12.87999999999997,4
26.12,20.43,1.94,87.77,5.690000000000001,0,0,Medium,27.307142857142853,12.09999999999997,1
23.93,19.61,31.91,94.09,4.32,0,0,Low,26.78857142857143,39.46999999999997,2
24.78,19.99,18.34,92.83,4.790000000000003,0,0,Low,26.582857142857144,52.41999999999997,3
24.31,20.28,19.05,93.52,4.029999999999998,0,0,Low,25.94857142857143,71.26999999999998,4
25.24,20.68,17.93,94.77,4.559999999999999,0,0,Low,25.542857142857144,89.19999999999997,5
24.93,20.7,14.99,91.61,4.23,0,0,Low,25.21,104.18999999999997,6
24.38,20.6,8.63,94.72,3.7799999999999976,0,0,Low,24.812857142857144,112.78999999999998,7
24.94,20.42,4.57,93.27,4.52,0,0,Medium,24.64428571428571,115.41999999999997,8
26.09,20.18,1.45,91.21,5.91,0,0,Medium,24.95285714285714,84.95999999999997,9
25.36,18.27,1.07,84.27,7.09,0,0,Medium,25.035714285714285,67.68999999999998,10
27.69,17.11,2.61,87.28,10.580000000000002,0,0,Medium,25.518571428571427,51.24999999999997,11
28.19,20.39,1.05,88.61,7.800000000000001,0,0,Medium,25.939999999999998,34.369999999999976,12
27.76,21.1,2.7,88.86,6.66,0,0,Medium,26.344285714285718,22.07999999999997,13
25.74,20.52,0.74,89.88,5.219999999999999,0,1,High,26.53857142857143,14.189999999999971,1
24.41,20.66,9.99,94.12,3.75,0,0,Low,26.46285714285714,19.60999999999997,1
26.2,18.89,5.98,87.65,7.309999999999999,0,0,Low,26.47857142857143,24.139999999999972,2
27.79,19.44,8.22,87.49,8.349999999999998,0,0,Low,26.825714285714287,31.28999999999997,3
28.18,19.22,12.55,88.93,8.96,0,0,Low,26.895714285714288,41.229999999999976,4
28.39,18.86,2.59,84.3,9.530000000000001,0,0,Medium,26.924285714285713,42.76999999999997,5
27.84,19.05,1.87,83.22,8.79,0,0,Medium,26.935714285714283,41.939999999999976,6
26.95,18.6,0.84,90.48,8.349999999999998,0,1,High,27.108571428571427,42.03999999999997,1
26.43,18.46,2.72,89.69,7.969999999999999,0,0,Medium,27.397142857142857,34.76999999999997,1
27.37,18.13,0.63,81.81,9.240000000000002,0,1,High,27.564285714285713,29.419999999999973,1
27.81,16.71,0.0,82.16,11.099999999999998,0,1,High,27.56714285714286,21.199999999999974,2
28.01,16.92,0.0,80.31,11.09,0,1,High,27.54285714285714,8.649999999999972,3
27.1,17.19,0.0,83.02,9.91,0,1,High,27.358571428571427,6.059999999999972,4
26.17,16.99,0.0,84.36,9.180000000000003,0,1,High,27.12,4.189999999999972,5
26.14,14.91,0.01,83.02,11.23,0,1,High,27.004285714285718,3.359999999999972,6
26.59,18.13,0.0,83.81,8.46,0,1,High,27.027142857142856,0.6399999999999716,7
27.19,17.92,0.0,86.3,9.27,0,1,High,27.00142857142857,0.009999999999971578,8
26.54,18.5,0.0,85.24,8.04,0,1,High,26.82,0.009999999999971578,9
26.65,16.58,0.0,83.1,10.07,0,1,High,26.625714285714285,0.009999999999971578,10
25.99,15.75,0.0,80.03,10.239999999999998,0,1,High,26.467142857142854,0.009999999999971578,11
27.12,14.65,0.0,78.97,12.47,0,1,High,26.602857142857143,0.009999999999971578,12
26.85,16.81,0.0,84.07,10.040000000000003,0,1,High,26.70428571428571,0.0,13
26.45,16.39,0.0,81.23,10.059999999999999,0,1,High,26.684285714285718,0.0,14
25.98,15.35,0.0,79.5,10.63,0,1,High,26.511428571428574,0.0,15
25.18,15.35,0.0,79.71,9.83,0,1,High,26.31714285714286,0.0,16
26.68,13.98,0.0,79.03,12.7,0,1,High,26.321428571428573,0.0,17
26.34,15.02,0.0,78.98,11.32,0,1,High,26.37142857142857,0.0,18
26.24,15.14,0.0,77.27,11.099999999999998,0,1,High,26.245714285714286,0.0,19
26.97,14.77,0.0,79.39,12.2,0,1,High,26.262857142857143,0.0,20
27.45,16.73,0.0,80.01,10.719999999999999,0,1,High,26.405714285714282,0.0,21
27.31,17.03,0.0,80.19,10.279999999999998,0,1,High,26.595714285714283,0.0,22
27.03,18.77,0.0,84.12,8.260000000000002,0,1,High,26.859999999999996,0.0,23
26.86,18.19,0.04,83.17,8.669999999999998,0,1,High,26.885714285714283,0.03999999999997158,24
26.1,17.54,0.03,86.56,8.560000000000002,0,1,High,26.851428571428574,0.06999999999997158,25
25.03,18.75,0.07,87.66,6.280000000000001,0,1,High,26.678571428571427,0.1399999999999716,26
25.31,18.7,0.02,87.31,6.609999999999999,0,1,High,26.44142857142857,0.15999999999997158,27
25.06,16.04,0.0,80.87,9.02,0,1,High,26.1,0.15999999999997158,28
25.68,15.05,0.0,80.68,10.629999999999999,0,1,High,25.867142857142856,0.15999999999997158,29
26.48,14.41,0.0,78.71,12.07,0,1,High,25.78857142857143,0.15999999999997158,30
27.03,16.34,0.0,81.63,10.690000000000001,0,1,High,25.812857142857144,0.11999999999997159,31
26.96,17.0,0.0,78.66,9.96,0,1,High,25.935714285714287,0.0899999999999716,32
27.61,16.48,0.0,74.19,11.129999999999999,0,1,High,26.304285714285715,0.019999999999971593,33
26.86,15.94,0.0,82.14,10.92,0,1,High,26.525714285714287,0.0,34
26.52,15.49,0.0,78.71,11.03,0,1,High,26.73428571428571,0.0,35
26.78,14.18,0.0,79.91,12.600000000000001,0,1,High,26.89142857142857,0.0,36
26.92,15.46,0.0,78.46,11.46,0,1,High,26.954285714285714,0.0,37
26.35,17.19,0.0,82.01,9.16,0,1,High,26.857142857142858,0.0,38
26.33,16.05,0.0,81.46,10.279999999999998,0,1,High,26.767142857142858,0.0,39
25.93,15.48,0.0,81.43,10.45,0,1,High,26.527142857142856,0.0,40
26.19,14.53,0.0,77.6,11.660000000000002,0,1,High,26.43142857142857,0.0,41
26.42,14.67,0.0,73.02,11.750000000000002,0,1,High,26.41714285714286,0.0,42
26.06,15.92,0.0,75.69,10.139999999999999,0,1,High,26.314285714285717,0.0,43
26.28,15.15,0.0,80.98,11.13,0,1,High,26.222857142857144,0.0,44
27.14,17.16,0.0,78.12,9.98,0,1,High,26.335714285714285,0.0,45
26.95,17.02,0.0,82.58,9.93,0,1,High,26.424285714285713,0.0,46
25.68,19.1,0.11,85.54,6.579999999999998,0,1,High,26.388571428571428,0.10999999999997159,47
26.02,17.93,0.13,85.76,8.09,0,1,High,26.364285714285717,0.2399999999999716,48
26.74,16.16,0.0,82.08,10.579999999999998,0,1,High,26.41,0.2399999999999716,49
26.5,13.37,0.0,78.07,13.13,0,1,High,26.472857142857144,0.2399999999999716,50
25.86,14.8,0.0,82.77,11.059999999999999,0,1,High,26.412857142857142,0.2399999999999716,51
26.05,15.4,0.0,86.31,10.65,0,1,High,26.25714285714286,0.2399999999999716,52
24.44,13.2,0.0,80.97,11.240000000000002,0,1,High,25.898571428571426,0.2399999999999716,53
25.4,11.18,0.0,76.18,14.219999999999999,0,1,High,25.85857142857143,0.12999999999997158,54
25.74,12.76,0.0,77.99,12.979999999999999,0,1,High,25.818571428571428,0.0,55
24.37,12.48,0.0,80.61,11.89,0,1,High,25.479999999999997,0.0,56
24.06,9.85,0.0,75.26,14.209999999999999,0,1,High,25.131428571428568,0.0,57
24.46,11.7,0.0,79.12,12.760000000000002,0,1,High,24.931428571428572,0.0,58
26.26,12.72,0.0,76.77,13.540000000000001,0,1,High,24.96142857142857,0.0,59
26.89,14.79,0.0,83.01,12.100000000000001,0,1,High,25.31142857142857,0.0,60
24.8,14.96,0.0,88.48,9.84,0,1,High,25.225714285714282,0.0,61
25.32,11.27,0.0,79.48,14.05,0,1,High,25.16571428571429,0.0,62
25.57,12.89,0.0,79.38,12.68,0,1,High,25.337142857142858,0.0,63
26.09,13.01,0.0,74.8,13.08,0,1,High,25.62714285714286,0.0,64
25.83,12.54,0.0,65.31,13.29,0,1,High,25.822857142857142,0.0,65
25.95,14.76,0.0,74.37,11.19,0,1,High,25.77857142857143,0.0,66
25.53,13.84,0.0,82.97,11.690000000000001,0,1,High,25.58428571428571,0.0,67
25.64,12.15,0.0,82.48,13.49,0,1,High,25.704285714285714,0.0,68
22.3,9.88,0.0,77.7,12.42,0,1,High,25.272857142857145,0.0,69
23.99,7.25,0.0,61.93,16.74,0,1,High,25.047142857142855,0.0,70
27.03,9.71,0.0,67.89,17.32,0,1,High,25.18142857142857,0.0,71
27.15,11.69,0.0,70.25,15.459999999999999,0,1,High,25.37,0.0,72
28.22,12.8,0.0,72.66,15.419999999999998,0,1,High,25.694285714285712,0.0,73
28.38,14.92,0.0,70.85,13.459999999999999,0,1,High,26.101428571428567,0.0,74
28.58,14.5,0.0,68.41,14.079999999999998,0,1,High,26.521428571428572,0.0,75
27.93,14.54,0.0,64.63,13.39,0,1,High,27.32571428571428,0.0,76
28.17,14.16,0.0,65.1,14.010000000000002,0,1,High,27.922857142857143,0.0,77
28.68,14.76,0.0,63.27,13.92,0,1,High,28.15857142857143,0.0,78
29.47,14.9,0.0,65.53,14.569999999999999,0,1,High,28.490000000000002,0.0,79
28.18,14.88,0.0,70.07,13.299999999999999,0,1,High,28.48428571428571,0.0,80
24.53,13.46,0.0,84.12,11.07,0,1,High,27.934285714285714,0.0,81
23.68,11.2,0.0,78.82,12.48,0,1,High,27.23428571428571,0.0,82
26.0,8.62,0.0,63.08,17.380000000000003,0,1,High,26.958571428571428,0.0,83
26.67,9.97,0.0,60.88,16.700000000000003,0,1,High,26.744285714285716,0.0,84
27.47,9.01,0.0,60.44,18.46,0,1,High,26.571428571428573,0.0,85
27.92,13.07,0.0,69.05,14.850000000000001,0,1,High,26.349999999999998,0.0,86
27.81,12.91,0.0,77.08,14.899999999999999,0,1,High,26.29714285714286,0.0,87
27.1,14.14,0.0,74.87,12.96,0,1,High,26.664285714285715,0.0,88
28.27,11.81,0.0,60.61,16.46,0,1,High,27.32,0.0,89
27.35,12.74,0.0,59.68,14.610000000000001,0,1,High,27.512857142857143,0.0,90
25.22,11.4,0.0,54.63,13.819999999999999,0,1,High,27.305714285714284,0.0,91
26.05,9.65,0.0,69.76,16.4,0,1,High,27.102857142857143,0.0,92
27.15,13.84,0.0,70.94,13.309999999999999,0,1,High,26.99285714285714,0.0,93
28.34,15.71,0.0,69.63,12.629999999999999,0,1,High,27.068571428571428,0.0,94
28.35,16.64,0.0,70.75,11.71,0,1,High,27.247142857142858,0.0,95
29.52,16.94,0.0,65.44,12.579999999999998,0,1,High,27.425714285714285,0.0,96
29.34,15.59,0.0,59.54,13.75,0,1,High,27.71,0.0,97
29.93,14.43,0.0,58.76,15.5,0,1,High,28.382857142857144,0.0,98
30.62,14.08,0.0,55.31,16.54,0,1,High,29.035714285714285,0.0,99
31.97,14.54,0.0,51.55,17.43,0,1,High,29.724285714285717,0.0,100
32.03,14.99,0.0,49.43,17.04,0,1,High,30.251428571428573,0.0,101
31.74,15.6,0.0,49.35,16.14,0,1,High,30.735714285714284,0.0,102
31.97,17.04,0.0,54.3,14.93,0,1,High,31.085714285714285,0.0,103
32.2,16.88,0.0,54.83,15.320000000000004,0,1,High,31.494285714285716,0.0,104
31.78,15.88,0.0,55.94,15.9,0,1,High,31.75857142857143,0.0,105
32.27,16.09,0.0,52.98,16.180000000000003,0,1,High,31.994285714285716,0.0,106
32.89,16.68,0.0,49.28,16.21,0,1,High,32.12571428571429,0.0,107
33.26,16.51,0.0,45.37,16.749999999999996,0,1,High,32.30142857142857,0.0,108
31.81,14.6,0.0,41.49,17.21,0,1,High,32.31142857142857,0.0,109
31.5,14.83,0.0,36.52,16.67,0,1,High,32.244285714285716,0.0,110
32.43,14.38,0.0,35.66,18.049999999999997,0,1,High,32.277142857142856,0.0,111
33.19,14.39,0.0,41.12,18.799999999999997,0,1,High,32.47857142857143,0.0,112
32.58,16.06,0.0,46.64,16.52,0,1,High,32.52285714285714,0.0,113
32.04,18.65,0.38,51.98,13.39,0,1,High,32.401428571428575,0.3799999999999716,114
32.41,16.95,0.0,52.44,15.459999999999997,0,1,High,32.28,0.3799999999999716,115
29.99,16.41,0.0,58.74,13.579999999999998,0,1,High,32.019999999999996,0.3799999999999716,116
29.51,14.17,0.0,68.07,15.340000000000002,0,1,High,31.735714285714288,0.3799999999999716,117
30.14,14.78,0.0,66.38,15.360000000000001,0,1,High,31.408571428571427,0.3799999999999716,118
28.11,15.77,0.0,72.19,12.34,0,1,High,30.68285714285714,0.3799999999999716,119
29.28,14.83,0.0,66.13,14.450000000000001,0,1,High,30.21142857142857,0.3799999999999716,120
32.09,13.76,0.0,58.82,18.330000000000005,0,1,High,30.21857142857143,0.0,121
30.98,15.63,0.0,63.27,15.35,0,1,High,30.014285714285712,0.0,122
30.7,14.72,0.0,70.72,15.979999999999999,0,1,High,30.115714285714287,0.0,123
29.5,15.2,0.0,67.48,14.3,0,1,High,30.114285714285717,0.0,124
29.57,13.7,0.0,69.88,15.870000000000001,0,1,High,30.032857142857146,0.0,125
30.22,13.14,0.0,60.89,17.08,0,1,High,30.334285714285716,0.0,126
33.46,10.92,0.0,34.15,22.54,0,1,High,30.93142857142857,0.0,127
34.9,13.85,0.0,32.97,21.049999999999997,0,1,High,31.33285714285714,0.0,128
36.17,17.65,0.11,38.3,18.520000000000003,1,1,High,32.074285714285715,0.10999999999997158,129
36.43,21.09,0.0,38.02,15.34,1,1,High,32.892857142857146,0.10999999999997158,130
35.79,21.21,0.0,37.9,14.579999999999998,1,1,High,33.79142857142857,0.10999999999997158,131
34.51,18.12,0.0,39.14,16.389999999999997,0,1,High,34.497142857142855,0.10999999999997158,132
32.88,16.79,0.0,49.33,16.090000000000003,0,1,High,34.87714285714286,0.10999999999997158,133
33.78,16.07,0.0,52.85,17.71,0,1,High,34.92285714285715,0.10999999999997158,134
35.25,16.63,0.0,47.75,18.62,1,1,High,34.972857142857144,0.10999999999997158,135
36.5,18.74,0.0,44.27,17.76,1,1,High,35.019999999999996,0.0,136
37.58,19.95,0.43,43.41,17.63,1,1,High,35.184285714285714,0.42999999999997157,137
33.42,23.44,2.99,51.72,9.98,0,0,Medium,34.84571428571429,3.419999999999972,1
33.18,21.79,2.38,61.71,11.39,0,0,Medium,34.65571428571429,5.799999999999972,2
34.97,21.47,0.36,57.43,13.5,0,1,High,34.95428571428572,6.159999999999972,1
35.22,20.48,1.09,48.66,14.739999999999998,1,0,Medium,35.160000000000004,7.249999999999972,1
37.15,21.44,1.04,45.3,15.709999999999997,1,0,Medium,35.431428571428576,8.289999999999973,2
37.18,21.89,0.2,44.03,15.29,1,1,High,35.528571428571425,8.489999999999972,1
37.37,20.12,0.09,41.7,17.249999999999996,1,1,High,35.498571428571424,8.149999999999972,2
37.81,20.59,0.0,37.46,17.220000000000002,1,1,High,36.12571428571429,5.159999999999972,3
38.22,20.24,0.0,33.91,17.98,1,1,High,36.84571428571429,2.779999999999972,4
38.48,20.86,0.0,35.17,17.619999999999997,1,1,High,37.347142857142856,2.419999999999972,5
38.65,20.8,0.01,39.12,17.849999999999998,1,1,High,37.83714285714286,1.3399999999999717,6
38.75,20.92,0.09,41.94,17.83,1,1,High,38.065714285714286,0.3899999999999716,7
37.15,19.0,0.07,51.3,18.15,1,1,High,38.061428571428564,0.2599999999999716,8
36.57,19.29,0.0,47.3,17.28,1,1,High,37.94714285714286,0.16999999999997156,9
35.15,17.44,0.0,46.11,17.709999999999997,1,1,High,37.56714285714286,0.16999999999997156,10
36.53,16.8,0.0,51.15,19.73,1,1,High,37.325714285714284,0.16999999999997156,11
38.05,19.19,0.0,42.53,18.859999999999996,1,1,High,37.26428571428571,0.16999999999997156,12
38.68,23.07,0.01,39.56,15.61,1,1,High,37.26857142857143,0.16999999999997156,13
38.73,24.5,0.63,35.09,14.229999999999997,1,1,High,37.26571428571429,0.7099999999999715,14
39.67,23.44,0.1,34.38,16.23,1,1,High,37.62571428571429,0.7399999999999715,15
40.26,21.78,0.32,33.02,18.479999999999997,1,1,High,38.152857142857144,1.0599999999999716,16
40.02,24.25,0.11,32.77,15.770000000000003,1,1,High,38.848571428571425,1.1699999999999717,17
40.16,23.21,0.07,42.39,16.949999999999996,1,1,High,39.36714285714286,1.2399999999999716,18
39.64,22.2,0.02,44.29,17.44,1,1,High,39.59428571428571,1.2599999999999716,19
40.05,23.12,0.05,42.24,16.929999999999996,1,1,High,39.79,1.2999999999999716,20
40.38,22.96,1.49,41.05,17.42,1,0,High,40.02571428571429,2.1599999999999717,1
39.63,25.58,0.02,34.04,14.050000000000004,1,1,High,40.019999999999996,2.079999999999971,1
39.01,22.88,0.0,30.36,16.13,1,1,High,39.84142857142857,1.7599999999999716,2
39.54,20.28,0.0,41.93,19.259999999999998,1,1,High,39.77285714285714,1.6499999999999715,3
38.67,21.83,0.0,48.29,16.840000000000003,1,1,High,39.56,1.5799999999999714,4
37.8,21.54,0.0,51.97,16.259999999999998,1,1,High,39.297142857142866,1.5599999999999714,5
36.49,21.87,0.0,52.99,14.620000000000001,1,1,High,38.78857142857142,1.5099999999999714,6
38.91,18.61,0.0,46.93,20.299999999999997,1,1,High,38.57857142857143,0.019999999999971357,7
38.27,20.41,0.0,56.05,17.860000000000003,1,1,High,38.38428571428572,0.0,8
40.47,21.73,0.01,47.24,18.74,1,1,High,38.59285714285714,0.009999999999971356,9
39.76,22.77,0.22,47.66,16.99,1,1,High,38.62428571428571,0.22999999999997137,10
40.24,23.57,0.88,51.64,16.67,1,1,High,38.848571428571425,1.1099999999999715,11
39.3,22.71,1.27,56.01,16.589999999999996,1,0,High,39.06285714285714,2.3799999999999715,1
39.0,22.93,5.2,57.53,16.07,1,0,High,39.42142857142857,7.579999999999972,2
39.51,22.54,0.04,52.27,16.97,1,1,High,39.50714285714286,7.619999999999972,1
39.36,21.35,0.01,48.36,18.009999999999998,1,1,High,39.66285714285714,7.6299999999999715,2
39.64,20.7,0.02,55.07,18.94,1,1,High,39.544285714285714,7.639999999999972,3
40.09,22.31,0.05,47.9,17.780000000000005,1,1,High,39.59142857142857,7.469999999999971,4
41.15,22.17,0.0,40.52,18.979999999999997,1,1,High,39.72142857142857,6.589999999999971,5
40.45,21.05,0.0,48.32,19.400000000000002,1,1,High,39.885714285714286,5.319999999999972,6
41.01,21.24,0.0,47.22,19.77,1,1,High,40.17285714285714,0.11999999999997157,7
40.27,22.51,1.22,48.15,17.76,1,0,High,40.28142857142858,1.2999999999999716,1
40.31,23.48,5.17,46.66,16.830000000000002,1,0,High,40.417142857142856,6.4599999999999715,2
39.03,22.41,0.08,43.71,16.62,1,1,High,40.33,6.519999999999972,1
39.23,22.73,0.77,50.64,16.499999999999996,1,1,High,40.207142857142856,7.239999999999971,2
38.74,24.21,1.28,52.7,14.530000000000001,1,0,High,39.862857142857145,8.519999999999971,1
33.55,24.32,4.1,60.61,9.229999999999997,0,0,Medium,38.87714285714286,12.61999999999997,2
35.45,23.49,0.25,58.92,11.960000000000004,1,1,High,38.082857142857144,12.86999999999997,1
36.19,23.9,0.99,58.85,12.29,1,1,High,37.5,12.63999999999997,2
33.63,23.6,0.31,60.17,10.030000000000001,0,1,High,36.54571428571429,7.779999999999971,3
36.54,23.09,0.01,61.28,13.45,1,1,High,36.190000000000005,7.709999999999971,4
38.35,22.6,0.01,57.49,15.75,1,1,High,36.06428571428571,6.949999999999972,5
39.09,23.19,0.0,56.54,15.900000000000002,1,1,High,36.114285714285714,5.6699999999999715,6
38.81,23.75,0.0,53.84,15.060000000000002,1,1,High,36.86571428571428,1.5699999999999716,7
40.89,21.93,0.0,48.53,18.96,1,1,High,37.642857142857146,1.3199999999999716,8
40.53,23.29,0.0,50.84,17.240000000000002,1,1,High,38.26285714285715,0.3299999999999716,9
40.4,23.62,0.0,53.23,16.779999999999998,1,1,High,39.230000000000004,0.01999999999997158,10
39.75,23.68,0.0,54.26,16.07,1,1,High,39.68857142857143,0.009999999999971578,11
38.49,23.15,0.0,55.68,15.340000000000003,1,1,High,39.70857142857143,0.0,12
37.4,23.33,0.0,60.87,14.07,1,1,High,39.46714285714285,0.0,13
36.67,23.63,0.0,62.49,13.040000000000003,1,1,High,39.16142857142857,0.0,14
35.09,25.03,0.0,61.12,10.060000000000002,1,1,High,38.332857142857144,0.0,15
30.96,24.69,1.17,64.51,6.27,0,0,Medium,36.965714285714284,1.1699999999999715,1
29.95,23.38,7.12,70.3,6.57,0,0,Low,35.472857142857144,8.28999999999997,2
29.27,22.54,16.91,77.74,6.73,0,0,Low,33.97571428571428,25.19999999999997,3
27.42,22.94,79.26,87.83,4.48,0,0,Low,32.394285714285715,104.45999999999998,4
26.18,22.43,26.22,88.69,3.75,0,0,Low,30.791428571428575,130.67999999999998,5
30.59,21.06,2.25,76.29,9.530000000000001,0,0,Medium,29.92285714285714,132.92999999999998,6
29.44,21.68,8.45,80.88,7.760000000000002,0,0,Low,29.115714285714287,141.37999999999997,7
29.44,22.33,5.22,82.6,7.110000000000003,0,0,Low,28.898571428571433,145.42999999999998,8
30.02,21.03,8.66,73.38,8.989999999999998,0,0,Low,28.908571428571427,146.96999999999997,9
29.8,19.41,3.36,77.87,10.39,0,0,Medium,28.984285714285715,133.42,10
30.18,20.22,5.71,80.73,9.96,0,0,Low,29.37857142857143,59.86999999999997,11
27.72,22.04,5.32,85.85,5.68,0,0,Low,29.598571428571432,38.96999999999997,12
30.23,22.35,5.37,82.89,7.879999999999999,0,0,Low,29.54714285714286,42.08999999999997,13
28.01,21.76,15.09,88.0,6.25,0,0,Low,29.342857142857138,48.729999999999976,14
30.31,23.13,10.06,86.77,7.18,0,0,Low,29.467142857142854,53.56999999999997,15
28.74,23.09,19.36,90.39,5.649999999999999,0,0,Low,29.284285714285716,64.26999999999998,16
28.26,22.26,11.15,87.44,6.0,0,0,Low,29.064285714285713,72.05999999999997,17
27.82,23.15,26.86,87.83,4.670000000000002,0,0,Low,28.727142857142855,93.20999999999997,18
27.49,22.85,28.39,88.98,4.639999999999997,0,0,Low,28.694285714285712,116.27999999999997,19
28.93,22.93,8.61,86.01,6.0,0,0,Low,28.50857142857143,119.51999999999997,20
28.51,23.13,1.93,86.42,5.380000000000003,0,0,Medium,28.580000000000002,106.35999999999999,21
28.14,22.77,4.05,86.88,5.370000000000001,0,0,Medium,28.270000000000003,100.34999999999998,22
28.74,22.75,2.17,83.74,5.989999999999998,0,0,Medium,28.27,83.15999999999998,23
29.78,22.4,2.34,80.69,7.380000000000003,0,0,Medium,28.487142857142857,74.34999999999997,24
30.39,21.76,1.88,80.97,8.629999999999999,0,0,Medium,28.854285714285712,49.36999999999997,25
31.43,22.36,8.8,81.01,9.07,0,0,Low,29.41714285714286,29.779999999999973,26
26.42,22.64,6.56,88.63,3.780000000000001,0,0,Low,29.05857142857143,27.729999999999972,27
29.53,22.25,4.38,84.91,7.280000000000001,0,0,Medium,29.204285714285714,30.17999999999997,28
28.74,22.77,10.29,86.25,5.969999999999999,0,0,Low,29.29,36.41999999999997,29
29.98,22.49,28.3,86.5,7.490000000000002,0,0,Low,29.467142857142857,62.54999999999997,30
26.76,22.64,27.34,91.76,4.120000000000001,0,0,Low,29.035714285714285,87.54999999999997,31
27.43,21.84,4.86,86.62,5.59,0,0,Medium,28.61285714285714,90.52999999999997,32
29.08,21.87,8.03,86.08,7.209999999999997,0,0,Low,28.277142857142856,89.75999999999996,33
24.96,22.26,23.72,90.63,2.6999999999999993,0,0,Low,28.06857142857143,106.91999999999997,34
27.06,22.44,50.41,91.69,4.619999999999997,0,0,Low,27.715714285714284,152.94999999999996,35
26.88,22.44,34.17,90.09,4.439999999999998,0,0,Low,27.449999999999996,176.82999999999998,36
27.56,23.29,24.24,88.97,4.27,0,0,Low,27.104285714285712,172.76999999999995,37
26.87,22.66,43.03,91.09,4.210000000000001,0,0,Low,27.119999999999997,188.45999999999995,38
27.85,22.05,18.7,88.1,5.800000000000001,0,0,Low,27.18,202.29999999999995,39
28.06,22.04,19.19,87.81,6.02,0,0,Low,27.034285714285712,213.45999999999998,40
27.28,22.46,17.3,90.02,4.82,0,0,Low,27.365714285714283,207.03999999999996,41
27.26,22.83,11.92,89.46,4.430000000000003,0,0,Low,27.39428571428572,168.54999999999998,42
26.93,22.14,13.83,88.73,4.789999999999999,0,0,Low,27.40142857142857,148.20999999999998,43
27.7,21.38,11.57,89.96,6.32,0,0,Low,27.421428571428574,135.53999999999996,44
27.56,22.47,19.44,89.77,5.09,0,0,Low,27.520000000000003,111.94999999999997,45
24.81,22.85,38.04,93.71,1.9599999999999973,0,0,Low,27.08571428571429,131.28999999999996,46
24.78,21.35,21.53,92.12,3.4299999999999997,0,0,Low,26.61714285714286,133.62999999999997,47
27.71,21.09,17.49,89.5,6.620000000000001,0,0,Low,26.678571428571427,133.81999999999996,48
28.35,21.69,7.57,89.4,6.66,0,0,Low,26.834285714285716,129.46999999999997,49
28.34,22.26,4.46,90.07,6.079999999999998,0,0,Medium,27.035714285714285,120.09999999999998,50
26.65,21.96,2.27,89.45,4.689999999999998,0,0,Medium,26.885714285714283,110.79999999999997,51
28.36,21.23,1.21,87.77,7.129999999999999,0,0,Medium,27.0,92.56999999999996,52
27.89,22.17,4.56,89.42,5.719999999999999,0,0,Medium,27.439999999999998,59.089999999999975,53
26.68,22.13,8.06,90.71,4.550000000000001,0,0,Low,27.71142857142857,45.61999999999997,54
27.26,21.62,27.69,89.43,5.640000000000001,0,0,Low,27.647142857142857,55.81999999999998,55
25.6,21.03,11.32,90.15,4.57,0,0,Low,27.254285714285714,59.56999999999998,56
27.82,21.1,17.34,88.47,6.719999999999999,0,0,Low,27.18,72.44999999999997,57
27.12,21.61,12.2,90.8,5.510000000000002,0,0,Low,27.247142857142858,82.37999999999998,58
26.4,21.68,16.54,91.92,4.719999999999999,0,0,Low,26.967142857142854,97.70999999999997,59
26.53,21.86,5.9,92.79,4.670000000000002,0,0,Low,26.772857142857145,99.04999999999998,60
27.74,21.41,6.55,88.17,6.329999999999998,0,0,Low,26.924285714285713,97.53999999999998,61
25.78,21.41,6.7,91.79,4.370000000000001,0,0,Low,26.712857142857143,76.54999999999997,62
27.04,22.04,3.93,92.35,5.0,0,0,Medium,26.918571428571425,69.15999999999997,63
26.92,21.81,7.4,91.89,5.110000000000003,0,0,Low,26.79,59.21999999999997,64
26.55,22.68,30.78,93.07,3.870000000000001,0,0,Low,26.708571428571425,77.79999999999998,65
25.54,22.8,92.3,95.14,2.7399999999999984,0,0,Low,26.58571428571429,153.55999999999997,66
25.62,22.53,74.93,95.28,3.09,0,0,Low,26.455714285714286,222.58999999999997,67
24.42,21.24,52.36,94.77,3.1800000000000033,0,0,Low,25.981428571428573,268.4,68
26.83,22.87,23.93,91.96,3.9599999999999973,0,0,Low,26.131428571428575,285.63,69
26.74,22.31,12.04,91.35,4.43,0,0,Low,26.08857142857143,293.74,70
26.47,22.27,8.23,92.12,4.199999999999999,0,0,Low,26.024285714285714,294.56999999999994,71
25.37,22.6,33.99,94.1,2.7699999999999996,0,0,Low,25.85571428571429,297.78,72
26.12,22.2,15.93,92.62,3.9200000000000017,0,0,Low,25.93857142857143,221.40999999999997,73
25.55,22.31,28.97,93.6,3.240000000000002,0,0,Low,25.928571428571427,175.44999999999996,74
24.28,22.46,47.0,95.73,1.8200000000000003,0,0,Low,25.90857142857143,170.08999999999997,75
25.1,22.52,49.34,94.5,2.580000000000002,0,0,Low,25.66142857142857,195.49999999999997,76
25.03,22.63,42.83,94.7,2.400000000000002,0,0,Low,25.41714285714286,226.28999999999996,77
24.53,22.69,30.39,95.52,1.8399999999999999,0,0,Low,25.140000000000004,248.45,78
24.31,21.92,36.92,95.75,2.389999999999997,0,0,Low,24.98857142857143,251.37999999999997,79
26.02,21.95,22.18,93.24,4.07,0,0,Low,24.974285714285713,257.63,80
26.53,22.13,14.87,92.59,4.400000000000002,0,0,Low,25.11428571428571,243.52999999999997,81
24.33,22.25,33.49,95.92,2.0799999999999983,0,0,Low,25.12142857142857,230.01999999999998,82
24.67,22.24,30.88,95.25,2.4300000000000033,0,0,Low,25.06,211.55999999999997,83
26.51,22.42,13.86,93.26,4.09,0,0,Low,25.271428571428572,182.58999999999997,84
26.46,22.3,8.79,92.44,4.16,0,0,Low,25.547142857142855,160.98999999999995,85
26.29,21.81,6.7,92.04,4.48,0,0,Low,25.830000000000002,130.76999999999998,86
26.8,21.4,4.22,91.73,5.400000000000002,0,0,Medium,25.94142857142857,112.80999999999997,87
27.19,20.77,2.49,91.14,6.420000000000002,0,0,Medium,26.035714285714285,100.42999999999996,88
26.62,21.03,3.81,92.34,5.59,0,0,Medium,26.36285714285714,70.74999999999997,89
26.41,21.09,29.57,92.63,5.32,0,0,Low,26.611428571428576,69.43999999999997,90
25.03,21.65,31.88,94.58,3.3800000000000026,0,0,Low,26.400000000000002,87.45999999999998,91
24.95,21.94,21.22,94.43,3.009999999999998,0,0,Low,26.184285714285718,99.88999999999996,92
26.56,21.63,13.04,92.54,4.93,0,0,Low,26.222857142857144,106.22999999999996,93
27.23,20.82,3.73,91.65,6.41,0,0,Medium,26.284285714285716,105.73999999999997,94
26.75,21.12,0.66,91.1,5.629999999999999,0,1,High,26.22142857142857,103.90999999999997,1
27.59,21.59,4.61,90.16,6.0,0,0,Medium,26.360000000000003,104.70999999999997,1
28.91,21.42,3.25,86.98,7.489999999999998,0,0,Medium,26.717142857142857,78.38999999999997,2
29.62,21.89,9.45,86.2,7.73,0,0,Low,27.372857142857146,55.959999999999965,3
29.84,21.99,19.17,86.29,7.850000000000001,0,0,Low,28.071428571428573,53.90999999999997,4
29.16,22.99,15.52,88.44,6.170000000000002,0,0,Low,28.442857142857143,56.38999999999997,5
27.89,22.79,5.31,92.17,5.100000000000001,0,0,Low,28.537142857142857,57.96999999999998,6
27.83,21.67,15.54,89.68,6.159999999999997,0,0,Low,28.69142857142857,72.84999999999997,7
25.63,22.53,26.21,93.92,3.099999999999998,0,0,Low,28.41142857142857,94.44999999999997,8
26.4,22.15,13.89,92.19,4.25,0,0,Low,28.052857142857142,105.08999999999997,9
27.47,21.86,15.16,90.82,5.609999999999999,0,0,Low,27.745714285714286,110.79999999999997,10
26.88,21.81,4.18,92.95,5.07,0,0,Medium,27.322857142857142,95.80999999999997,11
24.8,21.14,3.76,93.37,3.66,0,0,Medium,26.7,84.04999999999997,12
24.35,20.96,4.23,93.78,3.3900000000000006,0,0,Medium,26.194285714285712,82.96999999999997,13
25.54,21.16,5.23,93.38,4.379999999999999,0,0,Low,25.867142857142856,72.65999999999998,14
26.2,21.37,7.01,93.25,4.829999999999998,0,0,Low,25.948571428571427,53.459999999999965,15
24.38,21.46,3.23,95.11,2.919999999999998,0,0,Medium,25.66,42.79999999999997,16
25.88,20.98,13.64,94.2,4.899999999999999,0,0,Low,25.43285714285714,41.27999999999997,17
25.79,21.94,14.94,93.0,3.849999999999998,0,0,Low,25.277142857142856,52.03999999999997,18
26.79,22.3,12.62,94.37,4.489999999999998,0,0,Low,25.561428571428568,60.89999999999998,19
24.9,22.33,42.42,96.61,2.5700000000000003,0,0,Low,25.639999999999997,99.08999999999997,20
25.19,22.27,35.13,95.49,2.9200000000000017,0,0,Low,25.59,128.98999999999998,21
28.16,21.7,4.94,92.23,6.460000000000001,0,0,Medium,25.87,126.91999999999999,22
25.39,21.74,13.34,94.49,3.650000000000002,0,0,Low,26.014285714285712,137.02999999999997,23
25.33,20.45,2.46,92.65,4.879999999999999,0,0,Medium,25.935714285714283,125.84999999999998,24
26.67,19.67,2.08,89.82,7.0,0,0,Medium,26.06142857142857,112.98999999999998,25
27.35,19.98,0.27,89.4,7.370000000000001,0,1,High,26.141428571428573,100.63999999999997,1
26.64,20.26,0.29,90.18,6.379999999999999,0,1,High,26.390000000000004,58.50999999999998,2
27.45,19.67,0.36,89.81,7.779999999999998,0,1,High,26.712857142857143,23.739999999999974,3
27.32,20.3,0.35,89.13,7.02,0,1,High,26.592857142857145,19.14999999999997,4
27.9,20.89,2.26,88.66,7.009999999999998,0,0,Medium,26.951428571428572,8.069999999999972,1
28.9,21.26,5.87,87.69,7.639999999999997,0,0,Low,27.461428571428574,11.479999999999972,2
27.0,21.89,4.37,91.49,5.109999999999999,0,0,Medium,27.50857142857143,13.769999999999971,3
27.81,21.29,0.52,88.84,6.52,0,1,High,27.57428571428571,14.019999999999971,1
27.0,20.17,0.13,88.85,6.829999999999998,0,1,High,27.625714285714285,13.859999999999971,2
28.82,20.61,0.09,82.59,8.21,0,1,High,27.821428571428573,13.589999999999971,3
28.87,21.31,0.23,76.5,7.560000000000002,0,1,High,28.042857142857144,13.469999999999972,4
28.15,20.21,0.07,82.04,7.939999999999998,0,1,High,28.078571428571426,11.279999999999973,5
27.44,22.03,15.35,86.79,5.41,0,0,Low,27.869999999999997,20.75999999999997,1
27.15,21.48,12.85,88.33,5.669999999999998,0,0,Low,27.89142857142857,29.239999999999966,2
26.76,20.52,5.32,90.08,6.240000000000002,0,0,Low,27.741428571428575,34.03999999999997,3
28.23,22.08,19.0,87.26,6.150000000000002,0,0,Low,27.917142857142856,52.90999999999997,4
26.89,22.19,28.83,92.68,4.699999999999999,0,0,Low,27.641428571428573,81.64999999999998,5
26.03,22.43,41.91,94.88,3.6000000000000014,0,0,Low,27.235714285714284,123.32999999999996,6
27.66,21.31,1.27,91.24,6.350000000000001,0,0,Medium,27.16571428571429,124.52999999999997,7
27.56,19.78,2.15,89.35,7.779999999999998,0,0,Medium,27.18285714285715,111.32999999999996,8
27.98,20.24,5.16,90.25,7.740000000000002,0,0,Low,27.301428571428573,103.63999999999997,9
27.18,21.45,13.99,91.73,5.73,0,0,Low,27.361428571428572,112.30999999999996,10
28.73,21.31,15.14,89.38,7.420000000000002,0,0,Low,27.43285714285714,108.44999999999997,11
28.7,23.02,4.94,88.48,5.68,0,0,Medium,27.691428571428567,84.55999999999997,12
26.77,22.55,13.4,93.18,4.219999999999999,0,0,Low,27.79714285714286,56.04999999999997,13
26.08,21.47,6.31,91.17,4.609999999999999,0,0,Low,27.571428571428573,61.08999999999997,14
27.59,20.86,7.74,89.17,6.73,0,0,Low,27.57571428571428,66.67999999999996,15
27.71,20.36,6.64,82.65,7.350000000000001,0,0,Low,27.537142857142857,68.15999999999997,16
27.44,19.04,1.29,88.44,8.400000000000002,0,0,Medium,27.57428571428571,55.45999999999997,17
27.44,18.97,0.01,83.07,8.470000000000002,0,1,High,27.389999999999997,40.32999999999997,1
27.74,18.1,0.0,76.03,9.639999999999997,0,1,High,27.252857142857145,35.38999999999997,2
28.13,16.37,0.0,74.79,11.759999999999998,0,1,High,27.447142857142858,21.98999999999997,3
28.29,16.16,0.0,72.51,12.129999999999999,0,1,High,27.762857142857143,15.679999999999973,4
27.88,16.3,0.0,77.22,11.579999999999998,0,1,High,27.804285714285715,7.939999999999971,5
27.76,18.48,0.0,81.48,9.280000000000001,0,1,High,27.81142857142857,1.2999999999999716,6
25.51,19.47,0.0,83.89,6.040000000000003,0,1,High,27.535714285714285,0.009999999999971578,7
27.41,17.18,0.0,79.44,10.23,0,1,High,27.53142857142857,0.0,8
27.96,16.74,0.0,75.07,11.220000000000002,0,1,High,27.562857142857144,0.0,9
26.74,15.55,0.0,75.69,11.189999999999998,0,1,High,27.364285714285717,0.0,10
26.05,14.49,0.0,73.46,11.56,0,1,High,27.044285714285714,0.0,11
27.05,13.67,0.0,80.57,13.38,0,1,High,26.92571428571429,0.0,12
27.21,16.12,0.0,82.86,11.09,0,1,High,26.84714285714286,0.0,13
26.58,14.09,0.0,75.8,12.489999999999998,0,1,High,27.0,0.0,14
25.02,12.57,0.0,72.99,12.45,0,1,High,26.65857142857143,0.0,15
24.91,11.76,0.0,73.89,13.15,0,1,High,26.222857142857144,0.0,16
25.75,12.09,0.0,78.32,13.66,0,1,High,26.08142857142857,0.0,17
27.36,17.73,0.0,86.6,9.629999999999999,0,1,High,26.268571428571427,0.0,18
28.12,19.13,0.0,84.55,8.990000000000002,0,1,High,26.42142857142857,0.0,19
28.33,17.35,0.0,80.48,10.979999999999997,0,1,High,26.58142857142857,0.0,20
28.07,17.18,0.0,84.19,10.89,0,1,High,26.794285714285714,0.0,21
27.11,19.05,0.0,84.24,8.059999999999999,0,1,High,27.092857142857145,0.0,22
27.69,18.2,0.05,85.66,9.490000000000002,0,1,High,27.490000000000002,0.04999999999997158,23
27.88,20.11,0.04,83.99,7.77,0,1,High,27.794285714285714,0.08999999999997157,24
28.15,19.41,0.87,82.69,8.739999999999998,0,1,High,27.907142857142855,0.9599999999999715,25
28.15,19.54,0.29,82.04,8.61,0,1,High,27.91142857142857,1.2499999999999716,26
26.29,18.67,0.01,86.02,7.619999999999997,0,1,High,27.62,1.2599999999999716,27
27.59,18.4,0.0,84.32,9.190000000000001,0,1,High,27.551428571428573,1.2599999999999716,28
27.13,17.09,0.0,80.46,10.04,0,1,High,27.554285714285715,1.2599999999999716,29
26.35,15.44,0.0,75.83,10.910000000000002,0,1,High,27.36285714285714,1.2099999999999715,30
26.71,14.59,0.0,79.74,12.120000000000001,0,1,High,27.195714285714285,1.1699999999999715,31
25.36,16.35,0.0,83.31,9.009999999999998,0,1,High,26.797142857142855,0.29999999999997157,32
25.86,16.25,0.0,84.68,9.61,0,1,High,26.470000000000002,0.009999999999971578,33
26.95,17.95,0.0,85.47,9.0,0,1,High,26.564285714285713,0.0,34
27.56,18.76,0.0,86.17,8.799999999999997,0,1,High,26.560000000000002,0.0,35
27.56,18.85,0.0,85.42,8.709999999999997,0,1,High,26.62142857142857,0.0,36
26.69,16.55,0.0,80.34,10.14,0,1,High,26.669999999999998,0.0,37
26.35,13.79,0.0,75.77,12.560000000000002,0,1,High,26.618571428571425,0.0,38
26.88,13.42,0.0,72.41,13.459999999999999,0,1,High,26.835714285714285,0.0,39
26.16,13.06,0.0,70.76,13.1,0,1,High,26.878571428571426,0.0,40
26.27,13.11,0.0,72.56,13.16,0,1,High,26.78142857142857,0.0,41
26.68,12.36,0.0,71.42,14.32,0,1,High,26.655714285714286,0.0,42
26.89,12.99,0.0,69.31,13.9,0,1,High,26.56,0.0,43
26.81,14.16,0.01,75.23,12.649999999999999,0,1,High,26.577142857142857,0.009999999999971578,44
27.43,16.59,0.2,76.34,10.84,0,1,High,26.731428571428573,0.2099999999999716,45
24.77,18.58,0.64,84.83,6.190000000000001,0,1,High,26.43,0.8499999999999717,46
26.54,17.11,0.05,80.64,9.43,0,1,High,26.484285714285715,0.8999999999999716,47
25.57,16.97,1.08,79.2,8.600000000000001,0,0,Medium,26.384285714285713,1.9799999999999716,1
26.28,17.51,4.56,81.36,8.77,0,0,Medium,26.327142857142857,6.539999999999971,2
26.42,15.93,0.16,80.68,10.490000000000002,0,1,High,26.259999999999998,6.699999999999972,1
26.79,16.14,0.0,78.72,10.649999999999999,0,1,High,26.25714285714286,6.689999999999972,2
26.4,15.74,0.0,80.44,10.659999999999998,0,1,High,26.109999999999996,6.489999999999972,3
25.86,14.78,0.0,79.54,11.08,0,1,High,26.26571428571429,5.849999999999971,4
24.88,14.51,0.0,79.17,10.37,0,1,High,26.02857142857143,5.799999999999971,5
25.14,13.33,0.0,72.37,11.81,0,1,High,25.967142857142857,4.719999999999971,6
24.39,11.37,0.0,63.27,13.020000000000001,0,1,High,25.697142857142858,0.15999999999997158,7
24.46,9.56,0.0,63.1,14.9,0,1,High,25.417142857142856,0.0,8
25.23,10.16,0.0,61.56,15.07,0,1,High,25.194285714285712,0.0,9
25.87,10.39,0.0,66.48,15.48,0,1,High,25.118571428571425,0.0,10
26.12,13.26,0.0,73.71,12.860000000000001,0,1,High,25.155714285714286,0.0,11
26.65,13.24,0.0,70.6,13.409999999999998,0,1,High,25.40857142857143,0.0,12
27.51,13.79,0.0,74.86,13.720000000000002,0,1,High,25.747142857142855,0.0,13
26.67,12.95,0.0,74.01,13.720000000000002,0,1,High,26.072857142857146,0.0,14
26.83,12.52,0.0,72.32,14.309999999999999,0,1,High,26.41142857142857,0.0,15
26.76,12.82,0.0,72.16,13.940000000000001,0,1,High,26.630000000000003,0.0,16
26.68,14.45,0.0,77.59,12.23,0,1,High,26.745714285714286,0.0,17
26.8,15.76,0.01,78.45,11.040000000000001,0,1,High,26.842857142857145,0.009999999999971578,18
26.02,17.59,0.0,82.12,8.43,0,1,High,26.752857142857142,0.009999999999971578,19
26.13,16.65,0.0,77.4,9.48,0,1,High,26.555714285714288,0.009999999999971578,20
26.09,17.16,1.07,82.8,8.93,0,0,Medium,26.472857142857144,1.0799999999999716,1
25.07,16.53,0.13,81.44,8.54,0,1,High,26.22142857142857,1.2099999999999715,1
26.57,17.48,0.04,80.92,9.09,0,1,High,26.194285714285716,1.2499999999999716,2
24.34,19.22,1.84,90.06,5.120000000000001,0,0,Medium,25.860000000000003,3.0899999999999714,1
26.55,18.36,9.98,88.65,8.190000000000001,0,0,Low,25.82428571428571,13.059999999999972,2
27.2,18.74,3.4,83.79,8.46,0,0,Medium,25.992857142857144,16.459999999999972,3
27.78,19.0,0.15,78.06,8.780000000000001,0,1,High,26.228571428571428,16.60999999999997,1
28.88,17.28,0.0,72.05,11.599999999999998,0,1,High,26.627142857142854,15.539999999999973,2
29.48,16.57,0.0,69.67,12.91,0,1,High,27.257142857142856,15.409999999999972,3
28.2,17.05,0.0,69.94,11.149999999999999,0,1,High,27.490000000000002,15.369999999999973,4
28.39,16.16,0.0,67.29,12.23,0,1,High,28.068571428571428,13.529999999999973,5
28.93,14.6,0.0,70.39,14.33,0,1,High,28.40857142857143,3.5499999999999714,6
28.9,15.92,0.0,67.05,12.979999999999999,0,1,High,28.65142857142857,0.14999999999997157,7
29.66,17.54,0.0,72.42,12.120000000000001,0,1,High,28.919999999999998,0.0,8
29.34,18.75,0.0,76.75,10.59,0,1,High,28.985714285714288,0.0,9
29.35,16.73,0.0,73.0,12.620000000000001,0,1,High,28.967142857142857,0.0,10
28.95,16.82,0.0,66.92,12.129999999999999,0,1,High,29.07428571428571,0.0,11
28.07,13.81,0.0,60.8,14.26,0,1,High,29.028571428571432,0.0,12
28.9,13.16,0.0,57.11,15.739999999999998,0,1,High,29.024285714285714,0.0,13
29.23,15.0,0.0,62.16,14.23,0,1,High,29.071428571428573,0.0,14
29.05,15.6,0.0,61.77,13.450000000000001,0,1,High,28.98428571428571,0.0,15
29.28,12.24,0.0,59.07,17.04,0,1,High,28.975714285714282,0.0,16
28.56,14.74,0.0,55.26,13.819999999999999,0,1,High,28.86285714285714,0.0,17
28.21,13.19,0.0,55.19,15.020000000000001,0,1,High,28.75714285714286,0.0,18
28.33,14.36,0.0,58.04,13.969999999999999,0,1,High,28.794285714285714,0.0,19
28.3,12.45,0.0,57.96,15.850000000000001,0,1,High,28.708571428571428,0.0,20
28.22,13.35,0.0,60.32,14.87,0,1,High,28.564285714285713,0.0,21
28.45,13.19,0.0,62.03,15.26,0,1,High,28.47857142857143,0.0,22
28.23,13.77,0.0,57.53,14.46,0,1,High,28.32857142857143,0.0,23
28.36,13.01,0.0,47.43,15.35,0,1,High,28.3,0.0,24
28.32,11.16,0.0,44.19,17.16,0,1,High,28.315714285714286,0.0,25
28.52,11.55,0.0,50.39,16.97,0,1,High,28.342857142857138,0.0,26
28.15,12.93,0.0,59.21,15.219999999999999,0,1,High,28.321428571428573,0.0,27
28.29,11.29,0.0,52.36,17.0,0,1,High,28.33142857142857,0.0,28
28.1,12.32,0.0,50.59,15.780000000000001,0,1,High,28.281428571428574,0.0,29
28.6,11.42,0.0,45.12,17.18,0,1,High,28.334285714285716,0.0,30
29.3,10.59,0.0,40.62,18.71,0,1,High,28.46857142857143,0.0,31
29.95,11.62,0.0,41.32,18.33,0,1,High,28.701428571428572,0.0,32
30.42,12.37,0.0,42.1,18.050000000000004,0,1,High,28.972857142857144,0.0,33
30.64,14.25,0.0,48.51,16.39,0,1,High,29.32857142857143,0.0,34
30.43,14.84,0.0,52.11,15.59,0,1,High,29.634285714285713,0.0,35
30.24,15.48,0.0,55.07,14.759999999999998,0,1,High,29.939999999999998,0.0,36
29.77,15.56,0.0,57.84,14.209999999999999,0,1,High,30.107142857142858,0.0,37
29.65,14.68,0.0,63.86,14.969999999999999,0,1,High,30.157142857142862,0.0,38
29.69,15.1,0.02,64.87,14.590000000000002,0,1,High,30.12,0.01999999999997158,39
29.3,16.75,3.38,65.04,12.55,0,0,Medium,29.96,3.3999999999999715,1
26.97,16.49,5.37,69.49,10.48,0,0,Low,29.435714285714283,8.769999999999971,2
28.33,14.28,0.0,59.84,14.049999999999999,0,1,High,29.13571428571429,8.769999999999971,1
29.49,16.57,0.0,58.6,12.919999999999998,0,1,High,29.02857142857143,8.769999999999971,2
30.24,16.9,0.0,58.67,13.34,0,1,High,29.095714285714283,8.769999999999971,3
31.9,17.42,0.0,55.11,14.479999999999997,0,1,High,29.417142857142856,8.769999999999971,4
32.45,15.82,0.0,49.37,16.630000000000003,0,1,High,29.811428571428568,8.749999999999972,5
32.55,15.98,0.0,51.85,16.569999999999997,0,1,High,30.275714285714287,5.369999999999972,6
32.61,17.26,0.0,50.9,15.349999999999998,0,1,High,31.08142857142857,0.0,7
33.54,17.11,0.0,43.63,16.43,0,1,High,31.82571428571428,0.0,8
34.22,16.35,0.0,42.43,17.869999999999997,0,1,High,32.50142857142857,0.0,9
35.18,17.15,0.0,44.11,18.03,1,1,High,33.207142857142856,0.0,10
34.64,17.14,0.0,39.36,17.5,0,1,High,33.598571428571425,0.0,11
34.84,16.02,0.0,31.41,18.820000000000004,0,1,High,33.940000000000005,0.0,12
35.14,15.48,0.0,33.7,19.66,1,1,High,34.309999999999995,0.0,13
34.87,15.71,0.0,34.3,19.159999999999997,0,1,High,34.63285714285714,0.0,14
34.63,18.96,0.0,42.41,15.670000000000002,0,1,High,34.78857142857142,0.0,15
34.67,18.77,0.0,39.76,15.900000000000002,0,1,High,34.85285714285715,0.0,16
34.97,17.02,0.0,38.95,17.95,0,1,High,34.822857142857146,0.0,17
35.4,17.18,0.0,39.67,18.22,1,1,High,34.93142857142857,0.0,18
35.11,20.19,0.0,40.03,14.919999999999998,1,1,High,34.97,0.0,19
35.19,18.39,0.0,41.87,16.799999999999997,1,1,High,34.97714285714286,0.0,20
35.06,18.24,0.0,41.04,16.820000000000004,1,1,High,35.004285714285714,0.0,21
35.36,18.78,0.0,36.98,16.58,1,1,High,35.10857142857143,0.0,22
35.76,19.1,0.0,38.02,16.659999999999997,1,1,High,35.26428571428571,0.0,23
35.95,19.17,0.0,36.61,16.78,1,1,High,35.40428571428571,0.0,24
35.7,19.83,0.0,36.29,15.870000000000005,1,1,High,35.44714285714286,0.0,25
35.9,19.38,0.0,36.03,16.52,1,1,High,35.56,0.0,26
34.56,21.06,0.0,38.49,13.500000000000004,0,1,High,35.470000000000006,0.0,27
35.11,19.81,0.0,38.23,15.3,1,1,High,35.47714285714286,0.0,28
35.3,19.02,0.02,39.68,16.279999999999998,1,1,High,35.46857142857143,0.019999999999972467,29
35.28,20.83,0.07,40.25,14.450000000000003,1,1,High,35.4,0.08999999999997248,30
33.16,21.06,2.57,47.35,12.099999999999998,0,0,Medium,35.00142857142857,2.659999999999972,1
35.85,20.48,0.09,44.12,15.370000000000001,1,1,High,35.02285714285714,2.749999999999972,1
36.02,23.0,0.02,39.24,13.020000000000003,1,1,High,35.04,2.769999999999972,2
36.8,20.6,1.25,34.24,16.199999999999996,1,0,Medium,35.36,4.019999999999972,1
37.56,19.54,0.0,29.86,18.020000000000003,1,1,High,35.71,4.019999999999972,1
38.34,19.13,0.0,27.69,19.210000000000004,1,1,High,36.144285714285715,3.9999999999999725,2
38.12,19.67,0.0,28.94,18.449999999999996,1,1,High,36.550000000000004,3.929999999999972,3
39.05,20.39,0.0,31.78,18.659999999999997,1,1,High,37.39142857142857,1.3599999999999726,4
36.87,19.51,0.0,38.76,17.359999999999996,1,1,High,37.537142857142854,1.2699999999999725,5
37.47,17.87,0.0,35.76,19.599999999999998,1,1,High,37.744285714285716,1.2499999999999725,6
36.61,18.64,0.0,51.54,17.97,1,1,High,37.71714285714285,0.0,7
36.7,17.89,0.0,56.2,18.810000000000002,1,1,High,37.59428571428571,0.0,8
37.3,18.54,0.0,57.69,18.759999999999998,1,1,High,37.44571428571429,0.0,9
37.32,19.56,0.0,56.21,17.76,1,1,High,37.33142857142857,0.0,10
38.95,20.43,0.0,44.24,18.520000000000003,1,1,High,37.31714285714286,0.0,11
39.97,21.0,0.0,36.01,18.97,1,1,High,37.76,0.0,12
39.47,21.58,0.0,29.61,17.89,1,1,High,38.04571428571428,0.0,13
38.13,20.97,0.0,37.78,17.160000000000004,1,1,High,38.262857142857136,0.0,14
35.89,22.44,0.11,40.38,13.45,1,1,High,38.14714285714285,0.10999999999997247,15
36.71,23.36,0.09,34.69,13.350000000000001,1,1,High,38.06285714285714,0.19999999999997248,16
36.73,22.68,0.83,40.46,14.049999999999997,1,1,High,37.978571428571435,1.0299999999999725,17
36.12,22.88,1.28,41.91,13.239999999999998,1,0,Medium,37.574285714285715,2.309999999999972,1
34.24,25.33,5.59,46.03,8.910000000000004,0,0,Medium,36.75571428571429,7.899999999999972,2
35.52,22.91,1.88,46.47,12.610000000000003,1,0,Medium,36.191428571428574,9.779999999999973,3
36.15,22.81,0.5,42.72,13.34,1,1,High,35.90857142857143,10.279999999999973,1
36.97,20.13,0.5,43.43,16.84,1,1,High,36.06285714285714,10.669999999999973,2
37.9,19.58,0.0,40.94,18.32,1,1,High,36.23285714285714,10.579999999999973,3
38.96,20.97,0.0,35.87,17.990000000000002,1,1,High,36.55142857142857,9.749999999999972,4
37.64,21.35,0.0,44.36,16.29,1,1,High,36.76857142857143,8.46999999999997,5
36.56,19.96,0.0,53.55,16.6,1,1,High,37.1,2.8799999999999715,6
35.99,20.91,0.0,53.38,15.080000000000002,1,1,High,37.167142857142856,0.9999999999999716,7
37.32,19.29,0.0,47.25,18.03,1,1,High,37.33428571428572,0.4999999999999716,8
37.77,19.95,0.0,49.31,17.820000000000004,1,1,High,37.44857142857143,0.0,9
37.94,20.17,0.0,41.73,17.769999999999996,1,1,High,37.45428571428572,0.0,10
39.85,21.07,0.0,37.71,18.78,1,1,High,37.58142857142858,0.0,11
37.68,22.82,0.17,51.84,14.86,1,1,High,37.58714285714286,0.1699999999999716,12
38.84,22.61,1.87,46.56,16.230000000000004,1,0,High,37.91285714285714,2.0399999999999716,1
37.46,23.03,0.41,41.29,14.43,1,1,High,38.12285714285714,2.4499999999999718,1
38.48,21.43,0.17,48.67,17.049999999999997,1,1,High,38.28857142857142,2.6199999999999717,2
37.85,23.51,0.57,43.45,14.34,1,1,High,38.300000000000004,3.1899999999999715,3
37.94,24.28,0.11,40.37,13.659999999999997,1,1,High,38.300000000000004,3.2999999999999714,4
36.93,22.85,8.41,52.31,14.079999999999998,1,0,Medium,37.88285714285714,11.709999999999972,1
35.35,23.08,4.82,59.91,12.270000000000003,1,0,Medium,37.550000000000004,16.35999999999997,2
35.55,23.12,6.01,57.71,12.429999999999996,1,0,Medium,37.08,20.49999999999997,3
36.76,23.01,0.55,52.42,13.749999999999996,1,1,High,36.980000000000004,20.639999999999972,1
35.88,23.47,4.15,56.71,12.410000000000004,1,0,Medium,36.60857142857143,24.619999999999973,1
35.29,22.8,1.91,60.71,12.489999999999998,1,0,Medium,36.24285714285714,25.959999999999972,2
37.61,23.47,0.93,53.98,14.14,1,1,High,36.19571428571429,26.779999999999973,1
37.15,23.74,0.56,54.35,13.41,1,1,High,36.22714285714285,18.92999999999997,2
38.07,22.47,0.0,55.74,15.600000000000001,1,1,High,36.61571428571428,14.109999999999971,3
36.85,21.88,0.0,53.69,14.970000000000002,1,1,High,36.80142857142857,8.099999999999971,4
37.87,21.09,0.0,53.72,16.779999999999998,1,1,High,36.959999999999994,7.549999999999972,5
35.87,23.19,0.01,50.28,12.679999999999996,1,1,High,36.958571428571425,3.4099999999999717,6
37.2,23.21,2.77,46.89,13.990000000000002,1,0,Medium,37.23142857142857,4.269999999999972,1
33.53,25.22,6.15,60.63,8.310000000000002,0,0,Medium,36.64857142857142,9.489999999999972,2
32.04,23.69,16.4,73.86,8.349999999999998,0,0,Medium,35.91857142857143,25.32999999999997,3
27.31,23.07,129.13,86.71,4.239999999999998,0,0,Low,34.38142857142857,154.45999999999998,4
29.3,23.07,33.84,85.17,6.23,0,0,Low,33.30285714285714,188.29999999999998,5
28.1,22.74,13.78,86.89,5.360000000000003,0,0,Low,31.907142857142855,202.07999999999998,6
30.95,21.41,0.39,79.54,9.54,0,1,High,31.204285714285714,202.45999999999998,1
31.83,21.94,0.9,76.72,9.889999999999997,0,1,High,30.437142857142856,200.58999999999997,2
30.86,22.73,1.88,78.62,8.129999999999999,0,0,Medium,30.055714285714284,196.31999999999996,1
31.23,21.89,0.98,77.83,9.34,0,1,High,29.94,180.89999999999998,1
32.67,22.19,0.72,75.11,10.48,0,1,High,30.705714285714286,52.489999999999974,2
32.59,22.71,0.12,77.21,9.880000000000003,0,1,High,31.175714285714285,18.76999999999997,3
31.22,22.61,0.05,78.5,8.61,0,1,High,31.62142857142857,5.039999999999972,4
31.64,21.95,0.05,76.3,9.690000000000001,0,1,High,31.720000000000002,4.699999999999972,5
32.39,23.22,0.07,76.18,9.170000000000002,0,1,High,31.8,3.8699999999999712,6
31.82,23.45,11.49,78.7,8.370000000000001,0,0,Low,31.937142857142856,13.479999999999972,1
30.64,22.99,7.43,81.28,7.650000000000002,0,0,Low,31.852857142857143,19.92999999999997,2
29.25,23.4,11.8,83.65,5.850000000000001,0,0,Low,31.364285714285717,31.009999999999973,3
30.75,22.57,14.68,83.09,8.18,0,0,Low,31.101428571428574,45.56999999999997,4
30.33,23.23,15.72,82.56,7.099999999999998,0,0,Low,30.974285714285713,61.239999999999974,5
31.8,23.03,3.52,78.01,8.77,0,0,Medium,30.997142857142855,64.70999999999997,6
30.1,22.98,2.32,80.0,7.120000000000001,0,0,Medium,30.669999999999998,66.95999999999998,7
26.88,22.28,18.19,84.92,4.599999999999998,0,0,Low,29.964285714285715,73.65999999999997,8
29.92,21.67,8.48,80.35,8.25,0,0,Low,29.861428571428572,74.70999999999998,9
29.66,21.89,3.48,81.39,7.77,0,0,Medium,29.919999999999998,66.38999999999997,10
29.7,21.4,17.34,84.23,8.3,0,0,Low,29.77,69.04999999999997,11
28.63,23.49,28.8,86.12,5.140000000000001,0,0,Low,29.52714285714286,82.12999999999997,12
26.25,22.67,28.5,90.54,3.5799999999999983,0,0,Low,28.734285714285715,107.10999999999999,13
28.85,22.89,17.24,86.13,5.960000000000001,0,0,Low,28.555714285714288,122.02999999999997,14
27.62,24.14,23.48,91.31,3.4800000000000004,0,0,Low,28.66142857142857,127.31999999999996,15
27.72,23.79,13.55,89.94,3.9299999999999997,0,0,Low,28.34714285714286,132.38999999999996,16
29.0,22.99,4.07,85.51,6.010000000000002,0,0,Medium,28.252857142857145,132.98,17
27.47,23.91,19.56,88.32,3.5599999999999987,0,0,Low,27.934285714285714,135.2,18
26.39,23.64,41.31,92.35,2.75,0,0,Low,27.61428571428571,147.70999999999998,19
27.56,23.33,48.01,89.71,4.23,0,0,Low,27.80142857142857,167.21999999999997,20
27.65,23.37,51.5,89.59,4.279999999999998,0,0,Low,27.63,201.48,21
25.83,23.19,40.03,91.23,2.639999999999997,0,0,Low,27.374285714285712,218.02999999999997,22
27.48,22.69,13.86,88.66,4.789999999999999,0,0,Low,27.34,218.33999999999997,23
27.58,22.02,4.93,89.1,5.559999999999999,0,0,Medium,27.137142857142855,219.19999999999996,24
27.56,21.76,5.14,88.1,5.799999999999997,0,0,Low,27.15,204.77999999999997,25
27.67,21.67,6.1,88.59,6.0,0,0,Low,27.332857142857144,169.57,26
27.12,21.93,7.22,88.09,5.190000000000001,0,0,Low,27.27,128.77999999999997,27
26.17,21.9,14.09,89.37,4.270000000000003,0,0,Low,27.05857142857143,91.36999999999996,28
27.63,21.63,5.47,87.88,6.0,0,0,Low,27.315714285714286,56.80999999999997,29
25.5,21.46,5.82,90.23,4.039999999999999,0,0,Low,27.032857142857143,48.76999999999997,30
26.37,21.17,17.92,91.03,5.199999999999999,0,0,Low,26.860000000000003,61.75999999999998,31
28.45,22.39,3.35,88.19,6.059999999999999,0,0,Medium,26.987142857142857,59.96999999999997,32
27.3,22.32,2.96,90.04,4.98,0,0,Medium,26.934285714285714,56.82999999999997,33
26.45,22.11,2.13,90.83,4.34,0,0,Medium,26.83857142857143,51.739999999999974,34
28.25,21.68,0.5,87.47,6.57,0,1,High,27.135714285714283,38.14999999999998,1
28.06,21.96,2.46,87.86,6.099999999999998,0,0,Medium,27.197142857142858,35.13999999999998,1
28.59,21.29,1.24,86.51,7.300000000000001,0,0,Medium,27.638571428571428,30.559999999999974,2
27.84,21.64,4.86,87.5,6.199999999999999,0,0,Medium,27.84857142857143,17.49999999999997,3
28.85,21.45,2.6,86.6,7.400000000000002,0,0,Medium,27.905714285714286,16.74999999999997,4
27.95,22.16,3.64,87.43,5.789999999999999,0,0,Medium,27.99857142857143,17.42999999999997,5
26.54,22.44,15.74,90.81,4.099999999999998,0,0,Low,28.011428571428574,31.03999999999997,6
26.81,21.83,10.22,88.69,4.98,0,0,Low,27.805714285714288,40.75999999999998,7
28.29,21.05,9.34,83.22,7.239999999999998,0,0,Low,27.83857142857143,47.63999999999997,8
26.58,21.59,13.35,92.12,4.989999999999998,0,0,Low,27.551428571428573,59.74999999999997,9
25.03,22.55,48.58,93.43,2.4800000000000004,0,0,Low,27.150000000000002,103.46999999999997,10
26.49,22.01,25.79,91.11,4.479999999999997,0,0,Low,26.812857142857144,126.65999999999997,11
25.18,21.86,17.09,92.65,3.3200000000000003,0,0,Low,26.417142857142856,140.10999999999999,12
25.94,23.08,31.23,94.4,2.860000000000003,0,0,Low,26.33142857142857,155.59999999999997,13
27.22,22.17,14.18,90.34,5.049999999999997,0,0,Low,26.389999999999997,159.55999999999997,14
26.82,22.41,35.86,92.48,4.41,0,0,Low,26.18,186.07999999999996,15
25.61,23.23,44.84,94.09,2.379999999999999,0,0,Low,26.041428571428575,217.56999999999996,16
25.39,22.53,73.76,94.43,2.8599999999999994,0,0,Low,26.092857142857138,242.74999999999997,17
25.45,22.44,37.97,93.77,3.009999999999998,0,0,Low,25.944285714285716,254.92999999999998,18
24.07,22.59,95.24,95.48,1.4800000000000004,0,0,Low,25.785714285714285,333.08,19
25.21,22.05,60.77,93.74,3.16,0,0,Low,25.681428571428572,362.62,20
24.52,22.24,84.96,95.07,2.280000000000001,0,0,Low,25.295714285714286,433.4,21
26.97,22.27,38.04,91.69,4.699999999999999,0,0,Low,25.31714285714286,435.58,22
26.44,22.56,27.81,93.12,3.8800000000000026,0,0,Low,25.435714285714283,418.54999999999995,23
26.44,22.48,19.62,92.03,3.960000000000001,0,0,Low,25.58571428571429,364.40999999999997,24
26.33,21.9,15.18,91.0,4.43,0,0,Low,25.71142857142857,341.61999999999995,25
25.95,21.85,12.1,90.86,4.099999999999998,0,0,Low,25.979999999999997,258.47999999999996,26
24.87,21.58,12.8,93.16,3.2900000000000027,0,0,Low,25.93142857142857,210.51,27
24.98,21.6,10.8,92.27,3.379999999999999,0,0,Low,25.997142857142858,136.34999999999997,28
25.26,21.65,8.7,91.9,3.610000000000003,0,0,Low,25.752857142857145,107.00999999999998,29
25.92,21.29,6.13,90.65,4.630000000000003,0,0,Low,25.678571428571427,85.32999999999997,30
26.32,21.43,10.87,90.3,4.890000000000001,0,0,Low,25.661428571428576,76.57999999999997,31
26.91,21.8,14.36,90.73,5.109999999999999,0,0,Low,25.744285714285716,75.75999999999996,32
26.64,21.82,14.0,91.51,4.82,0,0,Low,25.842857142857145,77.65999999999997,33
26.96,21.65,7.33,90.72,5.310000000000002,0,0,Low,26.141428571428573,72.18999999999997,34
27.28,21.57,4.59,90.15,5.710000000000001,0,0,Medium,26.47,65.97999999999996,35
27.81,21.21,2.57,89.15,6.599999999999998,0,0,Medium,26.834285714285716,59.84999999999997,36
27.31,20.95,3.69,90.63,6.359999999999999,0,0,Medium,27.032857142857146,57.40999999999997,37
27.76,21.41,1.7,89.59,6.350000000000001,0,0,Medium,27.238571428571426,48.239999999999974,38
27.65,21.23,2.89,89.68,6.419999999999998,0,0,Medium,27.344285714285714,36.76999999999997,39
27.27,21.02,3.84,89.42,6.25,0,0,Medium,27.434285714285718,26.60999999999997,40
27.93,21.17,8.22,88.51,6.759999999999998,0,0,Low,27.572857142857142,27.49999999999997,41
27.86,21.32,5.89,88.74,6.539999999999999,0,0,Low,27.655714285714286,28.79999999999997,42
27.0,21.23,15.5,89.53,5.77,0,0,Low,27.54,41.729999999999976,43
27.22,21.17,12.77,89.68,6.049999999999997,0,0,Low,27.527142857142856,50.809999999999974,44
27.14,21.54,6.96,88.76,5.600000000000001,0,0,Low,27.43857142857143,56.06999999999997,45
24.82,20.8,9.96,92.31,4.02,0,0,Low,27.034285714285716,63.13999999999997,46
24.88,19.96,18.35,91.76,4.919999999999998,0,0,Low,26.692857142857143,77.64999999999998,47
25.1,20.59,17.24,92.7,4.510000000000002,0,0,Low,26.28857142857143,86.66999999999997,48
26.38,20.43,10.78,90.99,5.949999999999999,0,0,Low,26.077142857142857,91.55999999999997,49
25.17,20.61,19.3,92.2,4.560000000000002,0,0,Low,25.815714285714286,95.35999999999997,50
25.68,19.38,1.25,89.59,6.300000000000001,0,0,Medium,25.595714285714283,83.83999999999997,51
27.71,19.12,0.24,87.03,8.59,0,1,High,25.677142857142858,77.11999999999998,1
26.94,20.74,1.75,89.12,6.200000000000003,0,0,Medium,25.979999999999997,68.90999999999997,1
27.53,20.78,1.55,89.56,6.75,0,0,Medium,26.358571428571427,52.10999999999997,2
27.49,20.88,2.63,89.61,6.609999999999999,0,0,Medium,26.7,37.49999999999998,3
27.95,20.64,3.16,88.76,7.309999999999999,0,0,Medium,26.924285714285713,29.879999999999974,4
27.05,20.7,0.61,88.38,6.350000000000001,0,1,High,27.192857142857143,11.189999999999971,1
26.84,20.47,0.63,87.65,6.370000000000001,0,1,High,27.35857142857143,10.569999999999972,2
24.43,20.52,6.72,91.7,3.91,0,0,Low,26.890000000000004,17.049999999999972,1
23.92,20.12,38.89,95.38,3.8000000000000007,0,0,Low,26.458571428571428,54.18999999999997,2
27.16,21.14,7.26,91.23,6.02,0,0,Low,26.405714285714286,59.89999999999997,3
25.04,20.76,4.8,93.14,4.279999999999998,0,0,Medium,26.055714285714284,62.06999999999997,4
26.63,20.94,10.01,91.22,5.689999999999998,0,0,Low,25.867142857142856,68.91999999999996,5
27.4,20.8,12.94,90.75,6.599999999999998,0,0,Low,25.917142857142856,81.24999999999997,6
26.24,21.52,13.73,91.43,4.719999999999999,0,0,Low,25.83142857142857,94.34999999999997,7
25.56,21.04,14.16,93.26,4.52,0,0,Low,25.99285714285714,101.78999999999998,8
25.46,21.42,32.97,95.61,4.039999999999999,0,0,Low,26.212857142857143,95.86999999999998,9
24.82,22.14,23.7,96.01,2.6799999999999997,0,0,Low,25.87857142857143,112.30999999999996,10
26.45,21.54,13.57,92.18,4.91,0,0,Low,26.080000000000002,121.07999999999997,11
26.59,21.97,14.38,91.86,4.620000000000001,0,0,Low,26.074285714285715,125.44999999999996,12
26.48,22.25,24.42,92.4,4.23,0,0,Low,25.942857142857143,136.92999999999995,13
26.01,22.77,36.74,93.82,3.240000000000002,0,0,Low,25.91,159.93999999999997,14
26.0,22.94,30.35,94.14,3.0599999999999987,0,0,Low,25.972857142857144,176.13,15
25.91,21.94,12.28,92.66,3.969999999999999,0,0,Low,26.03714285714286,155.43999999999997,16
26.05,21.44,3.07,92.05,4.609999999999999,0,0,Medium,26.212857142857143,134.80999999999997,17
26.48,21.14,0.64,91.65,5.34,0,1,High,26.217142857142857,121.87999999999997,1
25.93,20.7,0.48,91.2,5.23,0,1,High,26.122857142857146,107.97999999999998,2
27.09,20.11,1.53,90.5,6.98,0,0,Medium,26.210000000000004,85.08999999999997,1
27.27,20.6,8.82,90.69,6.669999999999998,0,0,Low,26.389999999999997,57.16999999999997,2
26.94,21.26,9.98,91.48,5.68,0,0,Low,26.524285714285714,36.79999999999997,3
26.12,21.78,26.26,93.03,4.34,0,0,Low,26.554285714285715,50.77999999999997,4
26.69,21.51,18.93,91.97,5.18,0,0,Low,26.645714285714284,66.63999999999997,5
27.22,21.06,7.11,90.99,6.16,0,0,Low,26.75142857142857,73.10999999999997,6
26.75,20.25,1.24,90.05,6.5,0,0,Medium,26.868571428571425,73.86999999999996,7
26.62,20.58,2.27,90.52,6.040000000000003,0,0,Medium,26.801428571428573,74.60999999999999,8
26.49,20.7,2.03,90.29,5.789999999999999,0,0,Medium,26.69,67.81999999999998,9
25.4,21.13,7.89,91.97,4.27,0,0,Low,26.470000000000002,65.72999999999996,10
23.89,20.72,34.57,93.96,3.1700000000000017,0,0,Low,26.15142857142857,74.03999999999996,11
25.82,20.71,9.52,91.77,5.109999999999999,0,0,Low,26.027142857142856,64.62999999999997,12
27.49,21.19,4.46,90.66,6.299999999999997,0,0,Medium,26.065714285714286,61.97999999999997,13
28.79,20.73,8.01,88.16,8.059999999999999,0,0,Low,26.357142857142858,68.74999999999997,14
27.64,22.44,3.05,89.23,5.199999999999999,0,0,Medium,26.502857142857145,69.52999999999997,15
28.82,21.08,4.76,88.82,7.740000000000002,0,0,Medium,26.835714285714285,72.25999999999998,16
28.94,21.97,9.89,88.67,6.970000000000002,0,0,Low,27.34142857142857,74.25999999999996,17
28.98,22.28,4.65,88.84,6.699999999999999,0,0,Medium,28.068571428571428,44.33999999999997,18
27.56,21.09,11.38,87.2,6.469999999999999,0,0,Low,28.31714285714286,46.19999999999997,19
29.63,21.64,1.26,85.83,7.989999999999998,0,0,Medium,28.62285714285714,42.99999999999997,20
25.55,22.66,3.85,94.37,2.8900000000000006,0,0,Medium,28.16,38.83999999999997,21
27.43,21.92,20.82,91.93,5.509999999999998,0,0,Low,28.13,56.60999999999997,22
27.41,21.63,5.75,89.16,5.780000000000001,0,0,Low,27.928571428571427,57.59999999999997,23
28.3,21.42,2.77,87.41,6.879999999999999,0,0,Medium,27.837142857142858,50.479999999999976,24
28.84,20.82,4.47,84.95,8.02,0,0,Medium,27.81714285714286,50.299999999999976,25
28.66,19.62,0.09,82.8,9.04,0,1,High,27.974285714285713,39.00999999999997,1
28.05,18.96,0.13,80.93,9.09,0,1,High,27.74857142857143,37.879999999999974,2
29.06,20.0,0.0,82.31,9.059999999999999,0,1,High,28.25,34.02999999999997,3
28.77,18.47,0.0,79.96,10.3,0,1,High,28.44142857142857,13.209999999999972,4
28.39,20.78,0.1,86.07,7.609999999999999,0,1,High,28.58142857142857,7.559999999999972,5
26.91,19.61,0.15,88.52,7.300000000000001,0,1,High,28.38285714285714,4.939999999999972,6
26.71,18.08,0.06,86.47,8.630000000000003,0,1,High,28.07857142857143,0.5299999999999716,7
28.28,17.52,0.0,82.97,10.760000000000002,0,1,High,28.024285714285714,0.43999999999997164,8
28.69,16.41,0.0,76.11,12.280000000000001,0,1,High,28.115714285714287,0.30999999999997163,9
28.12,16.51,0.0,77.97,11.61,0,1,High,27.981428571428573,0.30999999999997163,10
27.96,16.04,0.0,80.45,11.920000000000002,0,1,High,27.865714285714287,0.30999999999997163,11
27.17,15.83,0.0,84.57,11.340000000000002,0,1,High,27.69142857142857,0.20999999999997157,12
27.45,15.95,0.0,81.92,11.5,0,1,High,27.76857142857143,0.059999999999971576,13
26.9,15.13,0.0,78.52,11.769999999999998,0,1,High,27.795714285714286,0.0,14
26.93,15.49,0.0,76.06,11.44,0,1,High,27.602857142857143,0.0,15
26.52,15.86,0.0,80.51,10.66,0,1,High,27.292857142857144,0.0,16
27.69,15.92,0.0,80.16,11.770000000000001,0,1,High,27.231428571428573,0.0,17
28.17,16.12,0.0,78.82,12.05,0,1,High,27.26142857142857,0.0,18
28.01,17.05,0.0,79.81,10.96,0,1,High,27.381428571428575,0.0,19
28.47,16.9,0.0,81.15,11.57,0,1,High,27.527142857142856,0.0,20
27.28,16.63,0.0,81.39,10.650000000000002,0,1,High,27.581428571428575,0.0,21
26.89,18.06,0.0,84.58,8.830000000000002,0,1,High,27.575714285714287,0.0,22
28.15,19.36,0.51,84.31,8.79,0,1,High,27.80857142857143,0.5099999999999716,23
25.99,20.49,4.59,89.55,5.5,0,0,Medium,27.565714285714286,5.099999999999971,1
26.16,19.43,3.52,86.12,6.73,0,0,Medium,27.278571428571432,8.61999999999997,2
26.23,18.91,2.19,85.47,7.32,0,0,Medium,27.024285714285714,10.80999999999997,3
26.52,16.34,0.0,76.36,10.18,0,1,High,26.745714285714286,10.80999999999997,1
26.27,14.52,0.0,73.52,11.75,0,1,High,26.601428571428567,10.80999999999997,2
26.45,13.57,0.0,71.22,12.879999999999999,0,1,High,26.53857142857143,10.80999999999997,3
25.66,13.85,0.0,72.89,11.81,0,1,High,26.18285714285714,10.299999999999972,4
27.68,14.54,0.0,74.25,13.14,0,1,High,26.424285714285713,5.7099999999999715,5
28.81,19.08,0.0,85.05,9.73,0,1,High,26.802857142857142,2.1899999999999715,6
28.73,19.79,0.3,85.5,8.940000000000001,0,1,High,27.16,0.29999999999997157,7
28.67,21.08,0.22,86.44,7.590000000000003,0,1,High,27.467142857142854,0.5199999999999716,8
27.59,21.47,5.17,88.75,6.120000000000001,0,0,Low,27.655714285714286,5.689999999999971,1
26.94,21.74,4.26,90.26,5.200000000000003,0,0,Medium,27.725714285714282,9.94999999999997,2
28.52,20.7,5.01,82.79,7.82,0,0,Low,28.134285714285713,14.95999999999997,3
28.12,20.04,0.87,84.5,8.080000000000002,0,1,High,28.197142857142858,15.82999999999997,1
28.01,20.38,0.97,87.45,7.630000000000003,0,1,High,28.08285714285714,16.799999999999972,2
28.92,20.81,11.45,84.75,8.110000000000003,0,0,Low,28.110000000000003,27.949999999999967,1
28.23,21.36,2.88,88.45,6.870000000000001,0,0,Medium,28.04714285714286,30.60999999999997,2
28.64,21.38,0.02,87.95,7.260000000000002,0,1,High,28.19714285714286,25.45999999999997,1
28.91,20.43,0.0,83.75,8.48,0,1,High,28.47857142857143,21.19999999999997,2
27.06,18.61,0.0,80.88,8.45,0,1,High,28.270000000000003,16.18999999999997,3
27.41,16.5,0.0,79.39,10.91,0,1,High,28.16857142857143,15.319999999999972,4
27.18,15.17,0.0,75.33,12.01,0,1,High,28.050000000000004,14.349999999999971,5
25.22,15.11,0.0,76.04,10.11,0,1,High,27.52142857142857,2.8999999999999715,6
26.03,14.49,0.0,76.57,11.540000000000001,0,1,High,27.207142857142856,0.01999999999997158,7
22.55,17.95,0.31,89.11,4.600000000000001,0,1,High,26.337142857142855,0.3099999999999716,8
20.71,17.32,64.48,92.73,3.3900000000000006,0,0,Low,25.165714285714284,64.78999999999998,1
23.82,15.4,14.04,89.65,8.42,0,0,Low,24.70285714285714,78.82999999999998,2
26.61,17.21,0.47,88.62,9.399999999999999,0,1,High,24.58857142857143,79.29999999999998,1
26.02,17.45,0.61,86.85,8.57,0,1,High,24.42285714285714,79.90999999999998,2
25.62,15.36,0.02,84.18,10.260000000000002,0,1,High,24.48,79.92999999999998,3
25.64,13.66,0.0,81.61,11.98,0,1,High,24.424285714285713,79.92999999999998,4
26.14,14.75,0.0,79.68,11.39,0,1,High,24.937142857142856,79.61999999999998,5
25.91,15.29,0.0,77.73,10.620000000000001,0,1,High,25.68,15.13999999999997,6
26.37,14.85,0.0,79.12,11.520000000000001,0,1,High,26.044285714285714,1.0999999999999714,7
26.23,16.42,0.0,83.48,9.809999999999999,0,1,High,25.990000000000002,0.6299999999999716,8
26.13,16.34,0.0,82.85,9.79,0,1,High,26.005714285714287,0.01999999999997158,9
26.01,15.98,0.0,79.53,10.030000000000001,0,1,High,26.06142857142857,0.0,10
24.9,15.52,0.0,81.74,9.379999999999999,0,1,High,25.955714285714286,0.0,11
25.15,15.04,0.0,83.1,10.11,0,1,High,25.814285714285713,0.0,12
25.07,15.38,0.0,83.51,9.69,0,1,High,25.694285714285716,0.0,13
25.07,15.3,0.0,82.99,9.77,0,1,High,25.50857142857143,0.0,14
24.97,15.54,0.0,79.19,9.43,0,1,High,25.328571428571426,0.0,15
25.55,13.73,0.0,75.17,11.82,0,1,High,25.245714285714286,0.0,16
24.48,12.57,0.0,74.78,11.91,0,1,High,25.027142857142856,0.0,17
24.64,11.2,0.0,68.51,13.440000000000001,0,1,High,24.990000000000002,0.0,18
25.33,10.61,0.0,68.48,14.719999999999999,0,1,High,25.01571428571429,0.0,19
26.19,11.39,0.0,69.24,14.8,0,1,High,25.175714285714285,0.0,20
26.61,11.93,0.0,72.03,14.68,0,1,High,25.395714285714288,0.0,21
25.63,13.6,0.0,73.32,12.03,0,1,High,25.490000000000002,0.0,22
26.35,12.37,0.0,70.95,13.980000000000002,0,1,High,25.604285714285712,0.0,23
26.78,11.48,0.0,71.24,15.3,0,1,High,25.93285714285714,0.0,24
26.83,12.28,0.0,64.69,14.549999999999999,0,1,High,26.245714285714282,0.0,25
26.35,13.63,0.01,70.94,12.72,0,1,High,26.391428571428573,0.009999999999971578,26
25.16,11.6,0.0,71.43,13.56,0,1,High,26.244285714285716,0.009999999999971578,27
24.92,12.89,0.0,80.1,12.030000000000001,0,1,High,26.002857142857142,0.009999999999971578,28
25.83,14.35,0.0,78.23,11.479999999999999,0,1,High,26.03142857142857,0.009999999999971578,29
26.38,15.3,0.0,77.45,11.079999999999998,0,1,High,26.035714285714285,0.009999999999971578,30
26.31,14.78,0.0,78.85,11.53,0,1,High,25.96857142857143,0.009999999999971578,31
26.29,15.59,0.0,76.19,10.7,0,1,High,25.89142857142857,0.009999999999971578,32
26.69,14.85,0.0,71.59,11.840000000000002,0,1,High,25.939999999999998,0.0,33
26.5,13.56,0.0,72.63,12.94,0,1,High,26.131428571428568,0.0,34
26.42,14.32,0.0,76.88,12.100000000000001,0,1,High,26.345714285714287,0.0,35
26.05,14.39,0.0,82.67,11.66,0,1,High,26.377142857142854,0.0,36
25.01,15.04,0.51,84.99,9.970000000000002,0,1,High,26.181428571428572,0.5099999999999716,37
23.84,13.15,0.61,85.3,10.69,0,1,High,25.82857142857143,1.1199999999999717,38
24.93,10.95,0.0,75.33,13.98,0,1,High,25.634285714285713,1.1199999999999717,39
22.48,10.98,0.0,72.43,11.5,0,1,High,25.032857142857146,1.1199999999999717,40
23.81,8.65,0.0,81.69,15.159999999999998,0,1,High,24.648571428571433,1.1199999999999717,41
23.52,10.06,0.0,82.45,13.459999999999999,0,1,High,24.23428571428571,1.1199999999999717,42
24.12,11.67,0.0,82.16,12.450000000000001,0,1,High,23.958571428571428,1.1199999999999717,43
25.48,13.24,0.0,77.19,12.24,0,1,High,24.025714285714287,0.6099999999999716,44
26.48,13.27,0.0,77.01,13.21,0,1,High,24.40285714285714,0.0,45
26.05,15.48,0.0,75.15,10.57,0,1,High,24.562857142857144,0.0,46
27.4,14.54,0.0,71.4,12.86,0,1,High,25.265714285714285,0.0,47
27.26,12.86,0.0,66.29,14.400000000000002,0,1,High,25.75857142857143,0.0,48
27.31,14.23,0.0,61.32,13.079999999999998,0,1,High,26.300000000000004,0.0,49
26.33,14.33,0.0,67.07,11.999999999999998,0,1,High,26.615714285714287,0.0,50
24.79,13.87,0.05,85.35,10.92,0,1,High,26.517142857142854,0.04999999999997158,51
21.72,10.35,0.1,82.07,11.37,0,1,High,25.837142857142855,0.1499999999999716,52
21.25,6.96,0.0,68.24,14.29,0,1,High,25.15142857142857,0.1499999999999716,53
23.21,5.96,0.0,56.48,17.25,0,1,High,24.552857142857142,0.1499999999999716,54
24.91,7.71,0.0,56.84,17.2,0,1,High,24.217142857142854,0.1499999999999716,55
25.52,8.74,0.0,59.43,16.78,0,1,High,23.96142857142857,0.1499999999999716,56
26.18,9.96,0.0,57.7,16.22,0,1,High,23.939999999999998,0.1499999999999716,57
26.62,9.98,0.0,46.74,16.64,0,1,High,24.201428571428572,0.09999999999997158,58
27.69,10.4,0.0,48.46,17.29,0,1,High,25.054285714285715,0.0,59
28.38,11.84,0.0,51.48,16.54,0,1,High,26.072857142857146,0.0,60
28.92,11.29,0.0,52.33,17.630000000000003,0,1,High,26.888571428571428,0.0,61
29.76,12.16,0.0,54.26,17.6,0,1,High,27.58142857142857,0.0,62
26.36,12.47,0.0,69.39,13.889999999999999,0,1,High,27.701428571428572,0.0,63
25.08,13.36,0.0,73.53,11.719999999999999,0,1,High,27.544285714285714,0.0,64
27.43,9.47,0.0,56.67,17.96,0,1,High,27.66,0.0,65
29.34,9.86,0.0,54.0,19.48,0,1,High,27.895714285714288,0.0,66
28.05,12.93,0.0,70.15,15.120000000000001,0,1,High,27.84857142857143,0.0,67
28.03,12.85,0.0,76.46,15.180000000000001,0,1,High,27.72142857142857,0.0,68
27.36,13.01,0.0,73.9,14.35,0,1,High,27.37857142857143,0.0,69
28.29,10.99,0.0,59.5,17.299999999999997,0,1,High,27.654285714285713,0.0,70
29.17,13.1,0.0,51.47,16.07,0,1,High,28.23857142857143,0.0,71
29.31,12.88,0.0,50.66,16.43,0,1,High,28.50714285714286,0.0,72
29.29,13.1,0.0,55.26,16.189999999999998,0,1,High,28.5,0.0,73
29.25,12.83,0.0,58.65,16.42,0,1,High,28.67142857142857,0.0,74
28.4,12.42,0.0,64.95,15.979999999999999,0,1,High,28.724285714285713,0.0,75
26.57,11.92,0.0,66.68,14.65,0,1,High,28.611428571428572,0.0,76
27.99,12.79,0.0,59.9,15.2,0,1,High,28.56857142857143,0.0,77
29.35,13.72,0.0,58.94,15.63,0,1,High,28.594285714285714,0.0,78
31.02,13.84,0.0,63.29,17.18,0,1,High,28.83857142857143,0.0,79
31.04,15.01,0.0,52.69,16.03,0,1,High,29.08857142857143,0.0,80
32.03,14.86,0.0,43.39,17.17,0,1,High,29.485714285714288,0.0,81
33.5,14.55,0.0,43.17,18.95,0,1,High,30.214285714285715,0.0,82
33.55,14.29,0.0,48.61,19.259999999999998,0,1,High,31.211428571428574,0.0,83
32.9,16.6,0.0,49.2,16.299999999999997,0,1,High,31.912857142857142,0.0,84
32.93,17.06,0.0,48.31,15.870000000000001,0,1,High,32.424285714285716,0.0,85
32.92,17.81,0.0,47.03,15.110000000000003,0,1,High,32.69571428571429,0.0,86
32.6,15.11,0.0,46.4,17.490000000000002,0,1,High,32.91857142857143,0.0,87
32.54,14.79,0.0,40.48,17.75,0,1,High,32.99142857142857,0.0,88
32.89,15.29,0.0,39.71,17.6,0,1,High,32.90428571428571,0.0,89
33.73,16.27,0.0,40.82,17.459999999999997,0,1,High,32.93,0.0,90
33.55,16.55,0.0,40.68,16.999999999999996,0,1,High,33.02285714285714,0.0,91
33.64,17.09,0.0,39.47,16.55,0,1,High,33.12428571428571,0.0,92
33.89,17.12,0.0,39.91,16.77,0,1,High,33.262857142857136,0.0,93
34.03,18.53,0.0,43.95,15.5,0,1,High,33.46714285714285,0.0,94
33.2,19.89,0.06,46.33,13.310000000000002,0,1,High,33.56142857142857,0.059999999999971576,95
33.4,19.62,0.08,47.05,13.779999999999998,0,1,High,33.63428571428572,0.1399999999999716,96
34.51,21.13,0.04,44.53,13.379999999999999,0,1,High,33.745714285714286,0.17999999999997157,97
32.61,19.79,0.01,42.44,12.82,0,1,High,33.61142857142857,0.18999999999997158,98
33.94,20.28,0.68,45.46,13.659999999999997,0,1,High,33.65428571428571,0.8699999999999717,99
33.88,19.83,0.08,47.34,14.050000000000004,0,1,High,33.652857142857144,0.9499999999999715,100
35.0,18.33,0.0,37.46,16.67,1,1,High,33.791428571428575,0.9499999999999715,101
35.92,17.61,0.0,27.11,18.310000000000002,1,1,High,34.18,0.8899999999999715,102
36.95,17.24,0.0,32.59,19.710000000000004,1,1,High,34.68714285714286,0.8099999999999715,103
37.9,18.45,0.0,31.02,19.45,1,1,High,35.17142857142857,0.7699999999999715,104
38.38,18.87,0.0,31.26,19.51,1,1,High,35.99571428571429,0.7599999999999716,105
38.48,21.33,0.0,31.03,17.15,1,1,High,36.644285714285715,0.07999999999997158,106
37.83,20.79,0.0,40.12,17.04,1,1,High,37.20857142857143,0.0,107
36.4,18.99,0.0,45.84,17.41,1,1,High,37.40857142857143,0.0,108
36.43,18.44,0.0,46.31,17.99,1,1,High,37.48142857142857,0.0,109
37.72,19.26,0.0,33.38,18.459999999999997,1,1,High,37.59142857142857,0.0,110
37.96,19.81,0.01,34.59,18.150000000000002,1,1,High,37.6,0.009999999999971578,111
37.11,19.84,0.04,40.61,17.27,1,1,High,37.41857142857143,0.04999999999997158,112
37.32,20.11,0.04,47.32,17.21,1,1,High,37.25285714285714,0.08999999999997157,113
37.94,20.35,0.0,48.13,17.589999999999996,1,1,High,37.26857142857143,0.08999999999997157,114
39.15,19.58,0.0,48.61,19.57,1,1,High,37.66142857142857,0.08999999999997157,115
39.32,19.81,0.0,48.76,19.51,1,1,High,38.074285714285715,0.08999999999997157,116
39.47,20.05,0.0,38.44,19.419999999999998,1,1,High,38.324285714285715,0.08999999999997157,117
38.98,21.59,0.0,30.23,17.389999999999997,1,1,High,38.470000000000006,0.0799999999999716,118
38.21,20.78,0.0,31.33,17.43,1,1,High,38.62714285714286,0.03999999999997158,119
39.11,19.24,0.0,25.37,19.87,1,1,High,38.88285714285714,0.0,120
39.59,21.28,0.0,28.08,18.310000000000002,1,1,High,39.11857142857143,0.0,121
40.02,18.85,0.0,35.11,21.17,1,1,High,39.24285714285714,0.0,122
39.94,20.72,0.0,33.39,19.22,1,1,High,39.33142857142857,0.0,123
40.4,20.45,0.01,46.19,19.95,1,1,High,39.464285714285715,0.009999999999971578,124
40.32,20.52,0.04,49.51,19.8,1,1,High,39.65571428571428,0.04999999999997158,125
40.42,21.83,0.0,36.11,18.590000000000003,1,1,High,39.971428571428575,0.04999999999997158,126
39.96,22.51,0.39,29.15,17.45,1,1,High,40.09285714285714,0.4399999999999716,127
37.51,22.58,0.28,45.47,14.93,1,1,High,39.79571428571428,0.7199999999999716,128
36.41,21.28,0.01,53.5,15.129999999999995,1,1,High,39.28000000000001,0.7299999999999716,129
38.91,21.52,0.01,39.75,17.389999999999997,1,1,High,39.13285714285714,0.7399999999999716,130
39.43,22.91,0.0,35.42,16.52,1,1,High,38.99428571428571,0.7299999999999716,131
38.42,24.34,0.0,29.76,14.080000000000002,1,1,High,38.722857142857144,0.6899999999999715,132
36.06,23.71,0.0,35.85,12.350000000000001,1,1,High,38.1,0.6899999999999715,133
36.38,21.77,0.0,54.16,14.610000000000003,1,1,High,37.58857142857143,0.2999999999999716,134
38.33,19.85,0.0,48.85,18.479999999999997,1,1,High,37.705714285714286,0.01999999999997158,135
39.28,19.55,0.02,50.19,19.73,1,1,High,38.11571428571428,0.029999999999971577,136
39.1,20.69,0.0,50.57,18.41,1,1,High,38.142857142857146,0.01999999999997158,137
35.52,20.7,0.0,52.42,14.820000000000004,1,1,High,37.58428571428572,0.019999999999971582,138
37.64,21.38,0.0,49.36,16.26,1,1,High,37.472857142857144,0.019999999999971582,139
38.81,24.01,0.0,30.29,14.8,1,1,High,37.86571428571428,0.019999999999971582,140
39.56,24.61,6.3,33.74,14.950000000000003,1,0,High,38.32,6.319999999999971,1
35.77,23.57,1.61,55.03,12.200000000000003,1,0,Medium,37.95428571428572,7.929999999999971,2
36.06,23.18,0.11,49.0,12.880000000000003,1,1,High,37.494285714285716,8.019999999999971,1
38.91,21.52,0.0,45.56,17.389999999999997,1,1,High,37.46714285714286,8.019999999999971,2
39.02,22.57,0.85,37.55,16.450000000000003,1,1,High,37.96714285714285,8.86999999999997,3
40.72,23.57,0.0,29.37,17.15,1,1,High,38.40714285714286,8.86999999999997,4
41.0,24.5,0.0,29.64,16.5,1,1,High,38.720000000000006,8.86999999999997,5
39.44,23.37,0.01,42.85,16.069999999999997,1,1,High,38.70285714285715,2.5799999999999716,6
39.25,22.67,0.0,40.44,16.58,1,1,High,39.199999999999996,0.9699999999999716,7
38.08,21.09,0.0,55.03,16.99,1,1,High,39.48857142857143,0.8599999999999716,8
36.22,21.29,0.0,58.85,14.93,1,1,High,39.104285714285716,0.8599999999999716,9
33.49,22.19,0.0,63.76,11.3,0,1,High,38.31428571428571,0.009999999999971578,10
38.48,21.91,0.0,54.02,16.569999999999997,1,1,High,37.99428571428571,0.009999999999971578,11
38.81,21.71,0.0,52.77,17.1,1,1,High,37.68142857142857,0.009999999999971578,12
39.3,21.39,0.0,53.92,17.909999999999997,1,1,High,37.66142857142857,0.0,13
38.87,22.91,0.0,54.97,15.959999999999997,1,1,High,37.607142857142854,0.0,14
40.74,22.5,0.0,50.11,18.240000000000002,1,1,High,37.987142857142864,0.0,15
39.19,23.41,0.0,52.46,15.779999999999998,1,1,High,38.41142857142857,0.0,16
37.15,23.25,0.0,61.8,13.899999999999999,1,1,High,38.934285714285714,0.0,17
38.77,23.32,0.0,63.19,15.450000000000003,1,1,High,38.97571428571428,0.0,18
37.13,24.11,0.01,63.7,13.020000000000003,1,1,High,38.73571428571428,0.009999999999971578,19
35.53,23.75,0.0,61.62,11.780000000000001,1,1,High,38.19714285714286,0.009999999999971578,20
37.3,23.6,0.01,60.54,13.699999999999996,1,1,High,37.972857142857144,0.01999999999997158,21
37.1,23.37,0.0,60.77,13.73,1,1,High,37.452857142857134,0.01999999999997158,22
39.3,23.61,0.01,58.59,15.689999999999998,1,1,High,37.46857142857142,0.029999999999971577,23
37.22,23.82,0.02,60.73,13.399999999999999,1,1,High,37.478571428571435,0.04999999999997158,24
35.22,23.91,0.0,61.1,11.309999999999999,1,1,High,36.971428571428575,0.04999999999997158,25
35.86,24.12,2.31,59.91,11.739999999999998,1,0,Medium,36.79,2.3499999999999717,1
32.84,23.27,0.98,65.63,9.570000000000004,0,1,High,36.40571428571429,3.3299999999999716,1
33.7,22.67,0.07,68.54,11.030000000000001,0,1,High,35.89142857142857,3.3899999999999717,2
33.72,22.71,0.06,69.67,11.009999999999998,0,1,High,35.40857142857143,3.4499999999999718,3
33.87,23.32,0.95,71.1,10.549999999999997,0,1,High,34.63285714285714,4.389999999999971,4
34.89,23.71,0.64,68.23,11.18,0,1,High,34.3,5.009999999999972,5
35.71,22.83,0.11,63.19,12.880000000000003,1,1,High,34.37,5.119999999999972,6
35.56,21.5,0.0,60.37,14.060000000000002,1,1,High,34.32714285714286,2.8099999999999716,7
34.98,22.62,0.0,60.43,12.359999999999996,0,1,High,34.63285714285714,1.8299999999999716,8
35.06,22.68,0.0,60.28,12.380000000000003,1,1,High,34.82714285714286,1.7599999999999716,9
34.52,23.12,0.0,61.35,11.400000000000002,0,1,High,34.94142857142857,1.6999999999999718,10
35.85,22.36,0.0,62.37,13.490000000000002,1,1,High,35.22428571428572,0.7499999999999716,11
36.03,22.81,2.17,62.01,13.220000000000002,1,0,Medium,35.387142857142855,2.2799999999999714,1
35.04,22.41,2.79,63.34,12.629999999999999,1,0,Medium,35.29142857142857,4.9599999999999715,2
35.43,23.37,0.04,60.0,12.059999999999999,1,1,High,35.27285714285715,4.999999999999972,1
36.24,23.17,0.02,60.4,13.07,1,1,High,35.45285714285715,5.019999999999971,2
35.59,22.88,0.01,59.74,12.710000000000004,1,1,High,35.528571428571425,5.029999999999972,3
37.14,23.11,2.12,60.68,14.030000000000001,1,0,Medium,35.902857142857144,7.149999999999972,1
34.13,22.65,2.65,64.64,11.480000000000004,0,0,Medium,35.65714285714286,9.799999999999972,2
33.69,23.35,0.1,64.67,10.339999999999996,0,1,High,35.32285714285714,7.729999999999971,1
33.86,23.41,0.14,67.58,10.45,0,1,High,35.15428571428571,5.079999999999972,2
33.88,23.52,1.32,68.82,10.360000000000003,0,0,Medium,34.932857142857145,6.359999999999971,1
32.99,23.63,9.37,74.06,9.360000000000003,0,0,Medium,34.46857142857143,15.70999999999997,2
29.5,22.58,13.7,82.24,6.920000000000002,0,0,Low,33.598571428571425,29.39999999999997,3
30.74,22.33,3.16,76.54,8.41,0,0,Medium,32.684285714285714,30.43999999999997,4
32.24,21.61,0.92,72.12,10.630000000000003,0,1,High,32.41428571428572,28.709999999999972,1
33.27,22.5,0.26,67.12,10.770000000000003,0,1,High,32.354285714285716,28.86999999999997,2
31.9,22.74,1.78,74.37,9.16,0,0,Medium,32.074285714285715,30.50999999999997,1
31.13,23.17,5.65,77.15,7.959999999999997,0,0,Low,31.681428571428572,34.83999999999997,2
30.67,22.75,3.68,77.13,7.920000000000002,0,0,Medium,31.349999999999998,29.14999999999997,3
31.32,21.33,3.03,74.4,9.990000000000002,0,0,Medium,31.609999999999996,18.479999999999972,4
30.06,22.98,16.32,81.28,7.079999999999998,0,0,Low,31.512857142857143,31.639999999999972,5
29.87,23.09,9.69,81.61,6.780000000000001,0,0,Low,31.174285714285713,40.40999999999997,6
28.9,23.08,6.85,83.45,5.82,0,0,Low,30.55,46.99999999999997,7
28.76,22.9,11.24,83.31,5.860000000000003,0,0,Low,30.101428571428567,56.45999999999997,8
30.37,21.58,13.46,78.95,8.790000000000003,0,0,Low,29.99285714285714,64.26999999999997,9
28.31,22.0,11.14,86.16,6.309999999999999,0,0,Low,29.655714285714286,71.72999999999998,10
26.53,22.0,9.82,91.41,4.530000000000001,0,0,Low,28.97142857142857,78.51999999999997,11
27.98,22.22,15.06,88.86,5.760000000000002,0,0,Low,28.674285714285713,77.25999999999998,12
27.62,22.19,13.7,86.25,5.43,0,0,Low,28.352857142857143,81.26999999999998,13
28.4,22.6,9.09,84.11,5.799999999999997,0,0,Low,28.28142857142857,83.50999999999998,14
28.75,22.78,20.41,86.89,5.969999999999999,0,0,Low,28.28,92.67999999999998,15
26.23,22.5,28.71,87.92,3.7300000000000004,0,0,Low,27.68857142857143,107.92999999999998,16
27.38,22.36,33.1,88.76,5.02,0,0,Low,27.555714285714284,129.89,17
27.78,22.68,17.97,86.91,5.100000000000001,0,0,Low,27.73428571428571,138.03999999999996,18
28.43,22.84,13.19,86.08,5.59,0,0,Low,27.798571428571428,136.16999999999996,19
25.62,23.14,41.88,91.92,2.4800000000000004,0,0,Low,27.512857142857143,164.34999999999997,20
25.53,22.45,61.67,92.13,3.080000000000002,0,0,Low,27.102857142857143,216.92999999999998,21
27.03,22.37,55.4,90.07,4.66,0,0,Low,26.857142857142858,251.92,22
25.41,22.22,36.87,91.74,3.1900000000000013,0,0,Low,26.740000000000002,260.08,23
24.81,22.32,48.67,93.76,2.4899999999999984,0,0,Low,26.372857142857146,275.65,24
25.49,22.47,33.7,92.05,3.0199999999999996,0,0,Low,26.045714285714286,291.37999999999994,25
23.82,22.42,41.09,94.61,1.3999999999999986,0,0,Low,25.38714285714286,319.28,26
24.1,21.95,63.9,94.98,2.150000000000002,0,0,Low,25.169999999999998,341.29999999999995,27
23.74,21.96,60.15,94.79,1.7799999999999976,0,0,Low,24.914285714285715,339.78,28
23.85,21.7,78.23,95.44,2.150000000000002,0,0,Low,24.46,362.60999999999996,29
23.27,21.99,81.98,95.35,1.2800000000000011,0,0,Low,24.154285714285717,407.71999999999997,30
24.1,21.77,31.37,93.61,2.330000000000002,0,0,Low,24.052857142857142,390.41999999999996,31
26.16,21.78,27.59,92.63,4.379999999999999,0,0,Low,24.148571428571426,384.30999999999995,32
26.82,22.09,14.72,91.97,4.73,0,0,Low,24.577142857142857,357.94,33
24.26,21.68,14.52,94.22,2.580000000000002,0,0,Low,24.6,308.55999999999995,34
26.48,21.65,14.54,91.77,4.830000000000002,0,0,Low,24.99142857142857,262.95,35
26.7,21.49,9.52,91.13,5.210000000000001,0,0,Low,25.398571428571433,194.23999999999995,36
26.19,21.43,8.5,91.88,4.760000000000002,0,0,Low,25.815714285714286,120.75999999999998,37
25.57,21.46,6.07,92.02,4.109999999999999,0,0,Low,26.025714285714287,95.45999999999997,38
25.95,21.59,17.64,92.97,4.359999999999999,0,0,Low,25.995714285714286,85.50999999999998,39
25.61,21.87,16.73,91.95,3.7399999999999984,0,0,Low,25.822857142857146,87.51999999999997,40
26.26,21.31,11.58,91.24,4.950000000000003,0,0,Low,26.108571428571427,84.57999999999997,41
26.94,20.96,4.9,90.46,5.98,0,0,Medium,26.174285714285713,74.93999999999997,42
27.84,21.02,12.17,88.82,6.82,0,0,Low,26.337142857142855,77.58999999999996,43
27.0,21.47,19.51,89.59,5.530000000000001,0,0,Low,26.45285714285714,88.59999999999997,44
27.78,22.11,4.42,90.32,5.670000000000002,0,0,Medium,26.768571428571427,86.94999999999997,45
27.02,22.01,3.3,91.48,5.009999999999998,0,0,Medium,26.921428571428574,72.60999999999997,46
27.26,21.49,2.73,90.45,5.770000000000003,0,0,Medium,27.157142857142855,58.60999999999997,47
27.53,21.19,0.98,89.45,6.34,0,1,High,27.33857142857143,48.00999999999997,1
27.05,21.47,3.5,91.08,5.580000000000002,0,0,Medium,27.354285714285716,46.60999999999997,1
26.9,21.64,13.01,92.64,5.259999999999998,0,0,Low,27.220000000000002,47.44999999999997,2
26.79,21.79,14.99,91.75,5.0,0,0,Low,27.19,42.92999999999997,3
27.37,21.69,13.22,91.69,5.68,0,0,Low,27.131428571428575,51.72999999999997,4
26.48,21.74,19.67,90.57,4.740000000000002,0,0,Low,27.054285714285715,68.09999999999997,5
25.28,21.79,36.61,95.03,3.490000000000002,0,0,Low,26.771428571428572,101.97999999999996,6
24.29,22.09,51.92,96.02,2.1999999999999993,0,0,Low,26.30857142857143,152.92,7
24.83,21.45,55.66,94.63,3.379999999999999,0,0,Low,25.99142857142857,205.07999999999998,8
25.05,21.84,37.21,94.3,3.210000000000001,0,0,Low,25.72714285714286,229.27999999999997,9
24.71,21.93,34.88,94.26,2.780000000000001,0,0,Low,25.43,249.17,10
25.07,21.72,21.6,92.71,3.3500000000000014,0,0,Low,25.101428571428567,257.54999999999995,11
25.28,21.57,18.25,92.51,3.710000000000001,0,0,Low,24.93,256.13,12
25.67,21.02,12.84,92.13,4.650000000000002,0,0,Low,24.985714285714288,232.35999999999999,13
23.3,20.66,26.02,95.25,2.6400000000000006,0,0,Low,24.844285714285718,206.45999999999998,14
23.56,20.99,22.92,94.39,2.5700000000000003,0,0,Low,24.662857142857142,173.71999999999997,15
25.14,21.4,16.4,92.92,3.740000000000002,0,0,Low,24.67571428571429,152.91,16
25.77,21.05,10.63,92.44,4.719999999999999,0,0,Low,24.82714285714286,128.65999999999997,17
26.45,20.99,10.11,92.09,5.460000000000001,0,0,Low,25.024285714285718,117.16999999999997,18
26.41,21.43,9.55,91.83,4.98,0,0,Low,25.185714285714287,108.46999999999997,19
25.51,21.24,7.61,92.69,4.270000000000003,0,0,Low,25.162857142857142,103.23999999999997,20
25.68,21.35,13.38,92.36,4.329999999999998,0,0,Low,25.502857142857142,90.59999999999997,21
26.66,21.72,14.47,91.77,4.940000000000001,0,0,Low,25.945714285714285,82.14999999999998,22
26.38,21.16,9.03,90.85,5.219999999999999,0,0,Low,26.12285714285714,74.77999999999997,23
26.77,20.95,4.66,91.21,5.82,0,0,Medium,26.265714285714285,68.80999999999997,24
26.68,20.03,1.34,90.24,6.649999999999999,0,0,Medium,26.298571428571428,60.03999999999997,25
26.23,20.12,0.24,89.45,6.109999999999999,0,1,High,26.27285714285714,50.729999999999976,1
26.66,20.03,0.4,89.33,6.629999999999999,0,1,High,26.437142857142856,43.519999999999975,2
27.52,20.34,0.34,86.7,7.18,0,1,High,26.7,30.479999999999972,3
28.92,20.55,5.07,88.22,8.370000000000001,0,0,Low,27.02285714285714,21.07999999999997,1
28.75,22.04,15.17,90.63,6.710000000000001,0,0,Low,27.361428571428572,27.21999999999997,2
27.03,22.56,6.36,92.36,4.470000000000002,0,0,Low,27.398571428571426,28.919999999999973,3
29.03,21.25,2.08,86.22,7.780000000000001,0,0,Medium,27.73428571428571,29.65999999999997,4
29.62,21.06,5.38,87.24,8.560000000000002,0,0,Low,28.21857142857143,34.799999999999976,5
27.25,21.74,5.58,91.02,5.510000000000002,0,0,Low,28.302857142857142,39.979999999999976,6
26.87,21.87,5.57,91.41,5.0,0,0,Low,28.21,45.20999999999997,7
27.61,21.24,10.69,88.84,6.370000000000001,0,0,Low,28.022857142857145,50.82999999999997,8
28.08,21.39,13.17,90.37,6.689999999999998,0,0,Low,27.927142857142858,48.82999999999997,9
27.37,22.14,47.46,88.74,5.23,0,0,Low,27.975714285714286,89.92999999999998,10
27.57,21.99,9.34,90.0,5.580000000000002,0,0,Low,27.767142857142858,97.18999999999997,11
27.98,21.68,7.54,89.5,6.300000000000001,0,0,Low,27.532857142857146,99.34999999999998,12
27.92,22.13,23.9,91.92,5.790000000000003,0,0,Low,27.62857142857143,117.66999999999997,13
25.03,21.92,27.18,95.46,3.1099999999999994,0,0,Low,27.365714285714287,139.27999999999997,14
26.15,22.08,23.45,93.25,4.07,0,0,Low,27.157142857142855,152.03999999999996,15
25.89,21.8,19.98,92.98,4.09,0,0,Low,26.844285714285714,158.84999999999997,16
26.07,22.03,32.29,93.5,4.039999999999999,0,0,Low,26.65857142857143,143.67999999999998,17
24.38,22.07,39.53,95.59,2.3099999999999987,0,0,Low,26.202857142857145,173.86999999999998,18
26.56,21.49,21.65,92.53,5.07,0,0,Low,26.0,187.98,19
26.2,20.11,18.1,91.79,6.09,0,0,Low,25.754285714285714,182.17999999999998,20
25.4,19.35,7.98,91.04,6.049999999999997,0,0,Low,25.807142857142857,162.97999999999996,21
24.63,19.44,6.85,92.8,5.189999999999998,0,0,Low,25.59,146.38,22
24.01,19.82,2.54,93.48,4.190000000000001,0,0,Medium,25.321428571428573,128.93999999999997,23
24.02,19.28,2.35,92.71,4.739999999999998,0,0,Medium,25.02857142857143,98.99999999999997,24
24.38,19.09,5.64,92.98,5.289999999999999,0,0,Low,25.02857142857143,65.10999999999997,25
25.95,19.46,3.51,91.28,6.489999999999998,0,0,Medium,24.941428571428567,46.96999999999997,26
27.09,19.64,4.31,90.65,7.449999999999999,0,0,Medium,25.068571428571428,33.17999999999997,27
24.81,19.54,3.64,92.15,5.27,0,0,Medium,24.98428571428571,28.83999999999997,28
27.52,20.12,1.35,90.26,7.399999999999999,0,0,Medium,25.397142857142857,23.33999999999997,29
26.23,20.12,1.49,92.09,6.109999999999999,0,0,Medium,25.714285714285715,22.28999999999997,30
26.6,20.78,9.11,91.9,5.82,0,0,Low,26.08285714285714,29.04999999999997,31
28.06,20.37,15.29,89.48,7.689999999999998,0,0,Low,26.608571428571427,38.69999999999997,32
27.23,21.33,9.24,91.2,5.900000000000002,0,0,Low,26.791428571428575,44.42999999999997,33
26.65,20.17,5.55,90.24,6.479999999999997,0,0,Low,26.728571428571428,45.669999999999966,34
26.87,19.73,0.57,89.59,7.140000000000001,0,1,High,27.02285714285714,42.599999999999966,1
28.04,19.32,1.83,88.07,8.719999999999999,0,0,Medium,27.09714285714286,43.07999999999997,1
26.79,20.77,1.75,89.67,6.02,0,0,Medium,27.177142857142858,43.339999999999975,2
24.32,19.04,9.27,90.21,5.280000000000001,0,0,Low,26.851428571428574,43.49999999999997,3
25.3,21.18,30.66,94.12,4.120000000000001,0,0,Low,26.45714285714286,58.869999999999976,4
25.93,20.72,8.37,92.5,5.210000000000001,0,0,Low,26.27142857142857,57.99999999999997,5
28.05,19.34,0.21,86.81,8.71,0,1,High,26.47142857142857,52.659999999999975,1
28.33,20.69,3.17,89.62,7.639999999999997,0,0,Medium,26.68,55.25999999999997,1
27.45,21.52,12.95,90.91,5.93,0,0,Low,26.595714285714283,66.37999999999997,2
25.38,21.96,13.42,95.15,3.419999999999998,0,0,Low,26.39428571428571,78.04999999999997,3
26.21,20.2,7.38,90.07,6.010000000000002,0,0,Low,26.664285714285715,76.15999999999997,4
26.75,20.51,34.28,91.15,6.239999999999998,0,0,Low,26.87142857142857,79.77999999999997,5
27.28,19.9,4.76,87.66,7.380000000000003,0,0,Medium,27.064285714285717,76.16999999999997,6
28.0,17.1,0.91,85.38,10.899999999999999,0,1,High,27.057142857142857,76.86999999999998,1
27.68,21.49,24.58,89.94,6.190000000000001,0,0,Low,26.964285714285715,98.27999999999997,1
25.09,20.82,24.22,94.15,4.27,0,0,Low,26.627142857142854,109.54999999999997,2
28.03,20.02,4.18,88.64,8.010000000000002,0,0,Medium,27.005714285714284,100.30999999999996,3
27.76,20.69,4.27,88.15,7.07,0,0,Medium,27.22714285714286,97.19999999999996,4
26.57,21.29,12.67,91.54,5.280000000000001,0,0,Low,27.201428571428572,75.58999999999996,5
25.16,17.56,0.11,85.48,7.600000000000001,0,1,High,26.898571428571426,70.93999999999996,1
25.09,15.32,0.0,78.91,9.77,0,1,High,26.482857142857142,70.02999999999996,2
25.83,14.48,0.0,72.74,11.349999999999998,0,1,High,26.218571428571426,45.44999999999997,3
26.29,15.19,0.0,69.13,11.1,0,1,High,26.390000000000004,21.229999999999972,4
26.09,13.76,0.0,76.26,12.33,0,1,High,26.112857142857145,17.049999999999972,5
25.76,14.34,0.0,77.22,11.420000000000002,0,1,High,25.827142857142857,12.779999999999971,6
25.12,14.55,0.0,76.26,10.57,0,1,High,25.62,0.10999999999997158,7
25.47,13.09,0.0,75.13,12.379999999999999,0,1,High,25.664285714285715,0.0,8
26.05,14.05,0.0,79.4,12.0,0,1,High,25.801428571428573,0.0,9
25.97,14.51,0.0,81.59,11.459999999999999,0,1,High,25.821428571428573,0.0,10
25.34,14.61,0.0,80.96,10.73,0,1,High,25.685714285714283,0.0,11
27.12,14.71,0.0,81.07,12.41,0,1,High,25.83285714285714,0.0,12
26.3,14.76,0.0,77.89,11.540000000000001,0,1,High,25.91,0.0,13
26.69,13.85,0.0,76.32,12.840000000000002,0,1,High,26.134285714285713,0.0,14
27.23,14.69,0.0,73.19,12.540000000000001,0,1,High,26.385714285714283,0.0,15
27.21,14.2,0.0,70.24,13.010000000000002,0,1,High,26.55142857142857,0.0,16
26.66,15.24,0.0,71.17,11.42,0,1,High,26.65,0.0,17
27.12,15.85,0.0,75.39,11.270000000000001,0,1,High,26.904285714285717,0.0,18
27.1,15.55,0.0,78.23,11.55,0,1,High,26.90142857142857,0.0,19
25.83,14.53,0.0,79.63,11.299999999999999,0,1,High,26.834285714285716,0.0,20
25.81,13.82,0.0,80.85,11.989999999999998,0,1,High,26.708571428571428,0.0,21
26.16,15.47,0.0,83.8,10.69,0,1,High,26.555714285714288,0.0,22
26.17,15.17,0.0,80.57,11.000000000000002,0,1,High,26.407142857142855,0.0,23
27.34,14.92,0.0,81.42,12.42,0,1,High,26.504285714285714,0.0,24
26.74,15.82,0.0,79.07,10.919999999999998,0,1,High,26.45,0.0,25
25.33,13.83,0.0,78.71,11.499999999999998,0,1,High,26.197142857142858,0.0,26
25.1,12.62,0.0,78.63,12.480000000000002,0,1,High,26.092857142857145,0.0,27
24.67,12.64,0.0,78.57,12.030000000000001,0,1,High,25.93,0.0,28
24.32,13.05,0.0,77.6,11.27,0,1,High,25.667142857142856,0.0,29
23.25,10.67,0.0,74.98,12.58,0,1,High,25.25,0.0,30
24.42,10.4,0.0,71.88,14.020000000000001,0,1,High,24.832857142857144,0.0,31
25.86,12.67,0.0,77.79,13.19,0,1,High,24.707142857142856,0.0,32
26.76,16.8,0.0,82.06,9.96,0,1,High,24.911428571428576,0.0,33
27.72,15.81,0.0,80.64,11.909999999999998,0,1,High,25.285714285714285,0.0,34
27.32,16.91,0.11,84.25,10.41,0,1,High,25.664285714285715,0.10999999999997158,35
27.67,17.42,0.07,83.86,10.25,0,1,High,26.142857142857142,0.17999999999997157,36
27.0,16.18,0.0,82.03,10.82,0,1,High,26.678571428571427,0.17999999999997157,37
27.79,16.4,0.0,79.48,11.39,0,1,High,27.16,0.17999999999997157,38
27.63,14.31,0.0,75.11,13.319999999999999,0,1,High,27.412857142857145,0.17999999999997157,39
25.87,14.95,0.0,76.38,10.920000000000002,0,1,High,27.285714285714285,0.17999999999997157,40
25.84,13.44,0.0,70.97,12.4,0,1,High,27.017142857142858,0.17999999999997157,41
26.9,12.74,0.0,70.78,14.159999999999998,0,1,High,26.957142857142856,0.06999999999997158,42
27.21,15.3,0.0,77.6,11.91,0,1,High,26.89142857142857,0.0,43
27.11,18.24,0.0,82.96,8.870000000000001,0,1,High,26.907142857142862,0.0,44
26.8,18.59,0.0,82.99,8.21,0,1,High,26.765714285714285,0.0,45
26.59,16.14,0.0,77.83,10.45,0,1,High,26.617142857142856,0.0,46
26.32,15.28,0.0,81.28,11.040000000000001,0,1,High,26.68142857142857,0.0,47
25.02,12.97,0.0,76.08,12.049999999999999,0,1,High,26.564285714285713,0.0,48
24.39,10.15,0.0,66.33,14.24,0,1,High,26.205714285714286,0.0,49
26.5,11.86,0.0,71.23,14.64,0,1,High,26.104285714285716,0.0,50
27.58,16.15,0.1,81.03,11.43,0,1,High,26.17142857142857,0.09999999999997158,51
26.96,18.39,0.02,85.37,8.57,0,1,High,26.194285714285716,0.11999999999997159,52
26.85,18.47,0.01,85.57,8.380000000000003,0,1,High,26.231428571428573,0.12999999999997158,53
27.19,18.44,0.51,84.31,8.75,0,1,High,26.35571428571429,0.6399999999999716,54
27.61,18.81,0.12,83.51,8.8,0,1,High,26.725714285714286,0.7599999999999716,55
28.21,19.01,0.01,80.57,9.2,0,1,High,27.27142857142857,0.7699999999999716,56
28.28,18.25,0.0,79.88,10.030000000000001,0,1,High,27.525714285714283,0.7699999999999716,57
27.53,17.32,0.0,78.64,10.21,0,1,High,27.518571428571427,0.6699999999999716,58
26.68,14.63,0.0,71.14,12.049999999999999,0,1,High,27.478571428571428,0.6499999999999716,59
27.41,13.29,0.0,66.45,14.120000000000001,0,1,High,27.55857142857143,0.6399999999999716,60
27.76,13.86,0.0,67.87,13.900000000000002,0,1,High,27.640000000000004,0.12999999999997158,61
27.63,13.8,0.0,66.06,13.829999999999998,0,1,High,27.642857142857142,0.009999999999971578,62
27.89,13.62,0.0,70.07,14.270000000000001,0,1,High,27.59714285714286,0.0,63
27.51,13.85,0.0,62.81,13.660000000000002,0,1,High,27.48714285714286,0.0,64
27.25,12.01,0.0,66.0,15.24,0,1,High,27.44714285714286,0.0,65
27.73,12.29,0.0,74.78,15.440000000000001,0,1,High,27.59714285714286,0.0,66
27.89,15.25,0.0,79.39,12.64,0,1,High,27.66571428571429,0.0,67
28.62,15.26,0.0,69.39,13.360000000000001,0,1,High,27.788571428571426,0.0,68
27.85,13.99,0.0,66.87,13.860000000000001,0,1,High,27.82,0.0,69
27.65,13.8,0.0,63.87,13.849999999999998,0,1,High,27.785714285714285,0.0,70
27.48,12.78,0.0,65.49,14.700000000000001,0,1,High,27.78142857142857,0.0,71
27.07,11.18,0.0,64.42,15.89,0,1,High,27.755714285714284,0.0,72
27.64,12.13,0.0,65.4,15.51,0,1,High,27.74285714285714,0.0,73
27.21,12.08,0.0,66.97,15.13,0,1,High,27.645714285714288,0.0,74
26.52,12.42,0.0,67.0,14.1,0,1,High,27.345714285714287,0.0,75
26.93,14.51,0.0,76.19,12.42,0,1,High,27.214285714285715,0.0,76
26.28,16.33,0.0,79.36,9.950000000000003,0,1,High,27.01857142857143,0.0,77
26.4,15.41,0.0,77.07,10.989999999999998,0,1,High,26.86428571428571,0.0,78
25.91,13.06,0.0,68.71,12.85,0,1,High,26.698571428571427,0.0,79
26.1,10.52,0.0,54.17,15.580000000000002,0,1,High,26.47857142857143,0.0,80
26.82,9.93,0.0,50.62,16.89,0,1,High,26.422857142857143,0.0,81
27.58,10.45,0.0,52.59,17.13,0,1,High,26.57428571428571,0.0,82
26.85,12.33,0.0,49.16,14.520000000000001,0,1,High,26.562857142857144,0.0,83
25.38,9.58,0.0,68.05,15.799999999999999,0,1,High,26.434285714285714,0.0,84
26.33,8.87,0.0,67.07,17.46,0,1,High,26.424285714285713,0.0,85
27.58,9.78,0.0,62.33,17.799999999999997,0,1,High,26.662857142857145,0.0,86
26.92,12.85,0.0,58.05,14.070000000000002,0,1,High,26.779999999999998,0.0,87
27.88,11.73,0.0,57.32,16.15,0,1,High,26.93142857142857,0.0,88
28.42,11.64,0.0,54.3,16.78,0,1,High,27.051428571428573,0.0,89
28.65,11.61,0.0,56.03,17.04,0,1,High,27.30857142857143,0.0,90
28.09,14.59,0.0,58.38,13.5,0,1,High,27.695714285714285,0.0,91
27.67,11.92,0.0,67.36,15.750000000000002,0,1,High,27.88714285714286,0.0,92
27.32,12.52,0.0,67.64,14.8,0,1,High,27.849999999999998,0.0,93
27.32,12.4,0.0,63.98,14.92,0,1,High,27.907142857142862,0.0,94
25.63,11.95,0.01,67.42,13.68,0,1,High,27.58571428571429,0.009999999999971578,95
26.37,12.15,0.06,69.26,14.22,0,1,High,27.292857142857144,0.06999999999997157,96
27.63,14.39,0.02,73.66,13.239999999999998,0,1,High,27.147142857142857,0.08999999999997157,97
29.52,16.73,0.0,63.71,12.79,0,1,High,27.351428571428567,0.08999999999997157,98
29.81,13.62,0.0,55.1,16.189999999999998,0,1,High,27.657142857142855,0.08999999999997157,99
28.17,15.34,0.0,75.7,12.830000000000002,0,1,High,27.778571428571432,0.08999999999997157,100
28.44,15.6,0.0,75.73,12.840000000000002,0,1,High,27.93857142857143,0.08999999999997157,101
28.91,14.75,0.0,64.69,14.16,0,1,High,28.407142857142855,0.07999999999997158,102
28.25,15.14,0.0,63.99,13.11,0,1,High,28.675714285714285,0.01999999999997158,103
28.85,14.86,0.0,59.23,13.990000000000002,0,1,High,28.849999999999998,0.0,104
28.91,12.75,0.0,43.51,16.16,0,1,High,28.762857142857143,0.0,105
30.18,11.99,0.0,42.78,18.189999999999998,0,1,High,28.815714285714286,0.0,106
30.81,12.57,0.0,45.52,18.24,0,1,High,29.192857142857143,0.0,107
30.32,14.89,0.0,42.14,15.43,0,1,High,29.46142857142857,0.0,108
30.43,11.45,0.0,44.98,18.98,0,1,High,29.678571428571427,0.0,109
32.07,12.79,0.0,41.86,19.28,0,1,High,30.224285714285713,0.0,110
32.76,13.46,0.0,39.14,19.299999999999997,0,1,High,30.782857142857146,0.0,111
32.52,13.72,0.0,37.87,18.800000000000004,0,1,High,31.298571428571428,0.0,112
32.99,13.75,0.0,35.84,19.240000000000002,0,1,High,31.7,0.0,113
33.07,13.59,0.0,35.5,19.48,0,1,High,32.02285714285714,0.0,114
32.9,14.72,0.0,31.4,18.18,0,1,High,32.39142857142857,0.0,115
33.34,13.5,0.0,27.88,19.840000000000003,0,1,High,32.80714285714286,0.0,116
33.5,12.85,0.0,28.23,20.65,0,1,High,33.011428571428574,0.0,117
34.43,13.86,0.0,28.85,20.57,0,1,High,33.25,0.0,118
34.39,14.32,0.0,29.87,20.07,0,1,High,33.51714285714286,0.0,119
33.99,14.47,0.0,29.51,19.520000000000003,0,1,High,33.660000000000004,0.0,120
34.61,14.16,0.0,29.76,20.45,0,1,High,33.88,0.0,121
34.0,14.31,0.0,31.7,19.689999999999998,0,1,High,34.037142857142854,0.0,122
34.57,16.37,0.0,31.44,18.2,0,1,High,34.212857142857146,0.0,123
34.64,14.56,0.0,34.06,20.08,0,1,High,34.37571428571429,0.0,124
34.54,14.69,0.0,30.43,19.85,0,1,High,34.39142857142857,0.0,125
34.58,14.07,0.0,26.83,20.509999999999998,0,1,High,34.41857142857143,0.0,126
34.19,14.01,0.0,29.55,20.18,0,1,High,34.44714285714286,0.0,127
34.2,14.83,0.0,30.25,19.370000000000005,0,1,High,34.388571428571424,0.0,128
34.5,14.46,0.0,29.1,20.04,0,1,High,34.459999999999994,0.0,129
33.59,15.62,0.0,33.61,17.970000000000006,0,1,High,34.32,0.0,130
33.63,16.17,0.0,34.46,17.46,0,1,High,34.175714285714285,0.0,131
33.94,16.91,0.0,34.85,17.029999999999998,0,1,High,34.089999999999996,0.0,132
34.31,17.36,0.0,35.2,16.950000000000003,0,1,High,34.05142857142857,0.0,133
34.42,19.25,0.0,37.73,15.170000000000002,0,1,High,34.08428571428571,0.0,134
33.91,19.45,0.0,39.73,14.459999999999997,0,1,High,34.04285714285714,0.0,135
34.03,18.68,0.21,39.31,15.350000000000001,0,1,High,33.97571428571429,0.20999999999997157,136
32.42,18.98,1.35,40.3,13.440000000000001,0,0,Medium,33.80857142857143,1.5599999999999716,1
33.47,18.17,0.03,37.95,15.299999999999997,0,1,High,33.785714285714285,1.5899999999999717,1
33.43,18.92,0.0,38.43,14.509999999999998,0,1,High,33.712857142857146,1.5899999999999717,2
33.63,17.22,0.0,35.85,16.410000000000004,0,1,High,33.61571428571428,1.5899999999999717,3
34.38,18.17,0.0,36.2,16.21,0,1,High,33.61,1.5899999999999717,4
34.68,19.74,0.0,35.34,14.940000000000001,0,1,High,33.720000000000006,1.5899999999999717,5
34.15,19.63,0.0,35.48,14.52,0,1,High,33.737142857142864,1.3799999999999717,6
33.85,20.66,0.0,37.07,13.190000000000001,0,1,High,33.941428571428574,0.029999999999971577,7
33.61,20.53,0.67,41.05,13.079999999999998,0,1,High,33.96142857142857,0.6699999999999716,8
31.53,18.84,2.29,51.48,12.690000000000001,0,0,Medium,33.690000000000005,2.9599999999999715,1
30.75,17.94,1.09,59.47,12.809999999999999,0,0,Medium,33.278571428571425,4.049999999999971,2
31.25,17.87,0.35,55.44,13.379999999999999,0,1,High,32.83142857142857,4.399999999999972,1
30.82,17.42,0.36,58.48,13.399999999999999,0,1,High,32.279999999999994,4.759999999999971,2
30.12,15.96,0.76,64.67,14.16,0,1,High,31.704285714285714,5.519999999999971,3
28.5,16.81,4.72,70.36,11.690000000000001,0,0,Medium,30.939999999999998,10.239999999999972,1
31.25,16.27,0.01,63.48,14.98,0,1,High,30.602857142857143,9.579999999999972,1
30.65,14.99,0.0,64.02,15.659999999999998,0,1,High,30.47714285714286,7.289999999999972,2
33.21,16.45,0.0,61.25,16.76,0,1,High,30.82857142857143,6.199999999999972,3
33.6,14.53,0.0,51.5,19.07,0,1,High,31.164285714285715,5.849999999999971,4
33.26,14.42,0.0,48.55,18.839999999999996,0,1,High,31.51285714285714,5.489999999999972,5
34.07,15.05,0.0,59.53,19.02,0,1,High,32.07714285714286,4.729999999999972,6
34.58,15.71,0.0,57.19,18.869999999999997,0,1,High,32.94571428571429,0.009999999999971578,7
36.2,15.7,0.0,55.21,20.500000000000004,1,1,High,33.652857142857144,0.0,8
33.75,16.02,0.0,60.25,17.73,0,1,High,34.09571428571429,0.0,9
31.69,17.62,0.0,62.97,14.07,0,1,High,33.878571428571426,0.0,10
34.37,16.14,0.0,46.02,18.229999999999997,0,1,High,33.98857142857143,0.0,11
34.57,16.9,0.0,58.9,17.67,0,1,High,34.175714285714285,0.0,12
35.41,16.24,0.0,56.37,19.169999999999998,1,1,High,34.36714285714286,0.0,13
36.49,17.05,0.0,52.79,19.44,1,1,High,34.64,0.0,14
37.84,18.95,0.0,42.46,18.890000000000004,1,1,High,34.87428571428571,0.0,15
36.77,19.63,0.57,40.75,17.140000000000004,1,1,High,35.30571428571428,0.5699999999999715,16
35.34,22.55,1.34,38.98,12.790000000000003,1,0,Medium,35.82714285714285,1.9099999999999717,1
34.46,22.93,0.57,45.43,11.530000000000001,0,1,High,35.84,2.4799999999999716,1
35.92,22.25,2.07,48.68,13.670000000000002,1,0,Medium,36.03285714285715,4.549999999999971,1
38.09,21.89,0.05,40.98,16.200000000000003,1,1,High,36.41571428571429,4.599999999999971,1
38.45,21.82,0.01,38.64,16.630000000000003,1,1,High,36.69571428571429,4.609999999999971,2
37.57,24.62,0.51,37.54,12.95,1,1,High,36.65714285714286,5.119999999999972,3
35.71,26.06,0.03,35.98,9.650000000000002,1,1,High,36.50571428571429,4.579999999999971,4
34.03,24.14,8.04,50.13,9.89,0,0,Medium,36.31857142857143,11.27999999999997,1
35.15,21.32,0.85,52.14,13.829999999999998,1,1,High,36.417142857142856,11.559999999999969,1
37.21,23.02,2.29,47.4,14.190000000000001,1,0,Medium,36.60142857142857,11.779999999999971,1
37.17,22.63,0.0,42.42,14.540000000000003,1,1,High,36.470000000000006,11.72999999999997,1
39.33,22.89,0.0,35.19,16.439999999999998,1,1,High,36.59571428571429,11.71999999999997,2
39.83,23.24,0.01,32.41,16.59,1,1,High,36.91857142857143,11.21999999999997,3
38.29,22.17,1.48,38.63,16.119999999999997,1,0,High,37.287142857142854,12.66999999999997,1
37.24,19.71,0.29,44.96,17.53,1,1,High,37.74571428571429,4.91999999999997,1
35.15,18.37,0.0,54.58,16.779999999999998,1,1,High,37.74571428571428,4.06999999999997,2
36.33,18.46,0.0,54.39,17.869999999999997,1,1,High,37.620000000000005,1.7799999999999698,3
36.95,20.91,0.0,37.74,16.040000000000003,1,1,High,37.58857142857143,1.7799999999999698,4
38.28,21.48,0.0,30.2,16.8,1,1,High,37.43857142857143,1.7799999999999698,5
33.97,20.5,0.01,57.62,13.469999999999999,0,1,High,36.60142857142857,1.7799999999999698,6
36.05,20.38,0.18,54.1,15.669999999999998,1,1,High,36.28142857142857,0.4799999999999698,7
35.52,22.15,0.45,54.63,13.370000000000005,1,1,High,36.035714285714285,0.6399999999999698,8
34.55,20.79,2.55,57.0,13.759999999999998,0,0,Medium,35.949999999999996,3.1899999999999697,1
34.77,19.17,0.02,53.83,15.600000000000001,0,1,High,35.72714285714286,3.2099999999999698,1
34.82,19.63,0.01,50.56,15.190000000000001,0,1,High,35.42285714285714,3.2199999999999696,2
34.99,17.79,0.55,54.56,17.200000000000003,0,1,High,34.95285714285714,3.76999999999997,3
34.67,20.68,0.58,61.26,13.990000000000002,0,1,High,35.05285714285714,4.33999999999997,4
35.14,19.72,0.71,57.14,15.420000000000002,1,1,High,34.92285714285715,4.869999999999969,5
35.71,20.98,0.01,55.5,14.73,1,1,High,34.95,4.42999999999997,6
35.43,22.14,0.03,56.33,13.29,1,1,High,35.07571428571429,1.9099999999999697,7
34.38,22.77,1.9,62.64,11.610000000000003,0,0,Medium,35.02,3.78999999999997,1
34.26,23.04,2.77,60.72,11.219999999999999,0,0,Medium,34.94,6.54999999999997,2
35.5,23.38,3.08,61.47,12.120000000000001,1,0,Medium,35.01285714285714,9.07999999999997,3
39.08,22.46,0.4,50.21,16.619999999999997,1,1,High,35.642857142857146,8.89999999999997,1
40.32,23.08,0.0,41.03,17.240000000000002,1,1,High,36.38285714285714,8.18999999999997,2
39.34,21.9,0.0,51.75,17.440000000000005,1,1,High,36.901428571428575,8.17999999999997,3
38.61,22.63,0.0,53.63,15.98,1,1,High,37.355714285714285,8.14999999999997,4
37.2,22.85,0.0,55.19,14.350000000000001,1,1,High,37.75857142857143,6.24999999999997,5
36.12,22.1,0.0,59.39,14.019999999999996,1,1,High,38.02428571428572,3.47999999999997,6
35.52,22.37,0.0,62.79,13.150000000000002,1,1,High,38.027142857142856,0.3999999999999698,7
38.0,22.12,0.0,56.33,15.879999999999999,1,1,High,37.87285714285714,0.0,8
38.73,21.78,0.0,51.44,16.949999999999996,1,1,High,37.645714285714284,0.0,9
38.86,22.06,0.0,48.77,16.8,1,1,High,37.57714285714286,0.0,10
37.71,22.2,0.0,55.34,15.510000000000002,1,1,High,37.44857142857143,0.0,11
38.52,22.75,0.01,55.83,15.770000000000003,1,1,High,37.637142857142855,0.009999999999969802,12
39.15,22.27,0.16,50.45,16.88,1,1,High,38.07,0.16999999999996981,13
39.77,21.91,0.0,45.39,17.860000000000003,1,1,High,38.67714285714286,0.16999999999996981,14
37.44,22.45,0.0,50.19,14.989999999999998,1,1,High,38.597142857142856,0.16999999999996981,15
36.29,22.21,0.11,57.16,14.079999999999998,1,1,High,38.24857142857143,0.27999999999996983,16
34.79,22.85,2.27,62.18,11.939999999999998,0,0,Medium,37.667142857142856,2.5499999999999696,1
35.46,22.1,0.02,60.52,13.36,1,1,High,37.34571428571429,2.56999999999997,1
37.02,22.84,0.07,58.93,14.180000000000003,1,1,High,37.13142857142857,2.62999999999997,2
39.42,22.52,2.03,55.51,16.900000000000002,1,0,High,37.17,4.49999999999997,1
37.51,22.72,2.74,54.23,14.79,1,0,Medium,36.847142857142856,7.23999999999997,2
37.92,23.16,0.34,52.77,14.760000000000002,1,1,High,36.91571428571429,7.57999999999997,1
37.72,22.58,0.87,53.39,15.14,1,1,High,37.12,8.33999999999997,2
35.2,22.86,2.21,61.51,12.340000000000003,1,0,Medium,37.17857142857143,8.27999999999997,1
33.7,22.6,0.14,67.17,11.100000000000001,0,1,High,36.92714285714286,8.39999999999997,1
32.72,23.26,3.36,71.49,9.459999999999997,0,0,Medium,36.31285714285714,11.68999999999997,1
32.64,23.1,4.27,71.16,9.54,0,0,Medium,35.34428571428571,13.929999999999971,2
35.6,22.47,0.02,66.89,13.130000000000003,1,1,High,35.07142857142857,11.20999999999997,1
35.61,23.24,0.03,63.66,12.370000000000001,1,1,High,34.74142857142857,10.89999999999997,2
35.54,23.62,1.46,65.23,11.919999999999998,1,0,Medium,34.43,11.48999999999997,1
33.12,23.78,3.38,71.77,9.339999999999996,0,0,Medium,34.13285714285714,12.65999999999997,2
32.83,24.08,2.2,72.54,8.75,0,0,Medium,34.00857142857143,14.71999999999997,3
33.46,23.82,0.23,66.91,9.64,0,1,High,34.114285714285714,11.58999999999997,1
33.36,23.36,2.47,66.93,10.0,0,0,Medium,34.21714285714285,9.78999999999997,1
32.79,22.9,1.69,70.79,9.89,0,0,Medium,33.815714285714286,11.45999999999997,2
32.26,23.03,6.14,73.39,9.229999999999997,0,0,Medium,33.33714285714286,17.569999999999972,3
32.46,23.12,1.66,74.77,9.34,0,0,Medium,32.89714285714286,17.769999999999968,4
32.65,23.54,1.37,74.93,9.11,0,0,Medium,32.83,15.75999999999997,5
32.31,23.89,1.11,76.03,8.420000000000002,0,0,Medium,32.75571428571429,14.669999999999972,6
32.5,23.51,0.37,74.77,8.989999999999998,0,1,High,32.61857142857143,14.80999999999997,1
32.73,23.52,0.08,73.77,9.209999999999997,0,1,High,32.528571428571425,12.419999999999972,2
33.43,23.54,0.08,72.79,9.89,0,1,High,32.62,10.80999999999997,3
31.21,23.79,0.22,74.03,7.420000000000002,0,1,High,32.47,4.889999999999972,4
32.82,23.58,0.9,71.15,9.240000000000002,0,1,High,32.521428571428565,4.1299999999999715,5
32.77,23.08,1.42,72.15,9.690000000000005,0,0,Medium,32.53857142857143,4.179999999999971,1
29.34,22.66,39.91,82.1,6.68,0,0,Low,32.114285714285714,42.97999999999997,2
28.04,22.21,33.15,83.48,5.829999999999998,0,0,Low,31.47714285714286,75.75999999999996,3
26.6,21.64,46.52,87.72,4.960000000000001,0,0,Low,30.601428571428574,122.19999999999997,4
25.21,20.98,38.73,89.01,4.23,0,0,Low,29.427142857142858,160.84999999999997,5
26.37,21.46,26.72,89.34,4.91,0,0,Low,28.735714285714288,187.34999999999997,6
26.62,21.51,16.77,84.87,5.109999999999999,0,0,Low,27.849999999999998,203.21999999999997,7
26.32,21.49,64.8,90.17,4.830000000000002,0,0,Low,26.928571428571427,266.59999999999997,8
26.27,22.18,24.84,89.49,4.09,0,0,Low,26.490000000000002,251.52999999999994,9
28.18,22.82,19.11,88.04,5.359999999999999,0,0,Low,26.51,237.48999999999998,10
27.85,23.41,27.65,90.18,4.440000000000001,0,0,Low,26.68857142857143,218.61999999999998,11
27.69,23.17,20.32,90.8,4.52,0,0,Low,27.042857142857144,200.20999999999998,12
28.22,22.46,10.79,89.44,5.759999999999998,0,0,Low,27.307142857142857,184.27999999999997,13
25.87,22.22,30.37,91.56,3.650000000000002,0,0,Low,27.2,197.87999999999997,14
27.27,23.25,38.2,90.99,4.02,0,0,Low,27.33571428571429,171.27999999999997,15
27.22,22.47,17.81,88.16,4.75,0,0,Low,27.47142857142857,164.24999999999997,16
27.44,22.24,8.16,88.9,5.200000000000003,0,0,Low,27.365714285714287,153.29999999999995,17
27.7,22.08,4.56,87.83,5.620000000000001,0,0,Medium,27.344285714285714,130.20999999999998,18
27.78,21.67,3.32,87.6,6.109999999999999,0,0,Medium,27.357142857142858,113.20999999999997,19
26.52,21.83,4.58,88.52,4.690000000000001,0,0,Medium,27.114285714285717,106.99999999999997,20
25.98,21.29,12.12,87.7,4.690000000000001,0,0,Low,27.13,88.74999999999997,21
27.16,22.41,16.84,87.95,4.75,0,0,Low,27.11428571428571,67.38999999999997,22
27.36,22.17,9.22,88.38,5.189999999999998,0,0,Low,27.134285714285713,58.79999999999997,23
26.35,22.83,15.26,91.65,3.520000000000003,0,0,Low,26.978571428571428,65.89999999999998,24
26.12,22.82,31.63,90.93,3.3000000000000007,0,0,Low,26.752857142857145,92.96999999999997,25
26.49,22.82,82.44,92.17,3.669999999999998,0,0,Low,26.56857142857143,172.08999999999997,26
25.3,22.16,94.4,93.23,3.1400000000000006,0,0,Low,26.39428571428571,261.90999999999997,27
24.91,21.26,45.73,94.27,3.6499999999999986,0,0,Low,26.24142857142857,295.52,28
24.55,20.67,42.9,93.97,3.879999999999999,0,0,Low,25.868571428571432,321.58,29
24.65,21.73,40.17,94.9,2.919999999999998,0,0,Low,25.481428571428573,352.53,30
25.77,21.77,38.31,93.18,4.0,0,0,Low,25.398571428571426,375.58,31
26.2,22.57,47.54,93.14,3.629999999999999,0,0,Low,25.41,391.48999999999995,32
24.44,22.62,44.66,95.26,1.8200000000000003,0,0,Low,25.117142857142856,353.71,33
24.81,22.25,64.93,95.31,2.5599999999999987,0,0,Low,25.04714285714286,324.23999999999995,34
24.34,22.34,58.67,95.41,2.0,0,0,Low,24.965714285714284,337.18,35
26.05,21.99,34.73,92.99,4.060000000000002,0,0,Low,25.18,329.00999999999993,36
25.91,21.59,18.67,92.5,4.32,0,0,Low,25.359999999999996,307.51,37
26.18,22.1,15.89,92.6,4.079999999999998,0,0,Low,25.41857142857143,285.09,38
26.14,22.62,17.48,92.84,3.5199999999999996,0,0,Low,25.41,255.02999999999997,39
26.2,22.38,16.68,92.73,3.8200000000000003,0,0,Low,25.66142857142857,227.04999999999998,40
25.21,21.59,6.12,93.6,3.620000000000001,0,0,Low,25.71857142857143,168.23999999999998,41
25.83,21.56,5.94,92.0,4.27,0,0,Low,25.93142857142857,115.50999999999998,42
26.63,21.63,11.05,91.3,5.0,0,0,Low,26.014285714285712,91.82999999999997,43
25.72,21.55,7.09,91.76,4.169999999999998,0,0,Low,25.987142857142857,80.24999999999997,44
26.66,21.49,5.75,90.64,5.170000000000002,0,0,Low,26.055714285714284,70.10999999999999,45
26.33,21.51,3.11,90.78,4.819999999999997,0,0,Medium,26.082857142857144,55.739999999999974,46
26.38,21.6,3.51,90.47,4.779999999999998,0,0,Medium,26.108571428571427,42.56999999999998,47
26.36,21.64,4.99,91.19,4.719999999999999,0,0,Medium,26.272857142857138,41.43999999999997,48
26.87,21.25,5.51,91.09,5.620000000000001,0,0,Low,26.42142857142857,41.00999999999998,49
27.47,20.64,3.03,89.71,6.829999999999998,0,0,Medium,26.541428571428572,32.98999999999997,50
26.89,20.6,4.51,89.82,6.289999999999999,0,0,Medium,26.708571428571428,30.40999999999997,51
25.44,21.09,6.16,91.33,4.350000000000001,0,0,Low,26.534285714285716,30.81999999999997,52
26.28,21.09,2.77,89.89,5.190000000000001,0,0,Medium,26.527142857142856,30.47999999999997,53
26.46,20.95,2.98,89.34,5.510000000000002,0,0,Medium,26.53857142857143,29.94999999999997,54
27.05,20.73,3.69,89.38,6.32,0,0,Medium,26.63714285714286,28.649999999999974,55
27.13,20.64,4.11,89.4,6.489999999999998,0,0,Medium,26.67428571428572,27.24999999999997,56
26.22,21.12,3.4,90.83,5.099999999999998,0,0,Medium,26.49571428571429,27.61999999999997,57
26.91,21.39,8.48,90.65,5.52,0,0,Low,26.49857142857143,31.589999999999975,58
26.51,21.24,8.48,89.97,5.270000000000003,0,0,Low,26.65142857142857,33.909999999999975,59
27.02,20.51,3.92,89.41,6.509999999999998,0,0,Medium,26.75714285714286,35.059999999999974,60
26.92,20.28,6.1,89.84,6.640000000000001,0,0,Low,26.822857142857142,38.17999999999997,61
26.13,20.9,3.85,90.59,5.23,0,0,Medium,26.69142857142857,38.339999999999975,62
26.98,20.96,9.84,89.63,6.02,0,0,Low,26.669999999999998,44.06999999999997,63
27.36,21.65,14.53,90.66,5.710000000000001,0,0,Low,26.832857142857144,55.199999999999974,64
27.1,21.88,13.71,90.42,5.220000000000002,0,0,Low,26.859999999999996,60.42999999999997,65
27.74,21.64,12.2,89.33,6.099999999999998,0,0,Low,27.035714285714285,64.14999999999998,66
27.07,21.35,9.05,90.3,5.719999999999999,0,0,Low,27.04285714285714,69.27999999999997,67
27.51,20.63,1.65,89.27,6.880000000000003,0,0,Medium,27.12714285714286,64.82999999999997,68
27.94,20.2,0.18,87.57,7.740000000000002,0,1,High,27.38571428571429,61.15999999999997,1
28.79,20.59,1.37,86.84,8.2,0,0,Medium,27.64428571428571,52.68999999999997,1
29.85,21.25,12.8,86.79,8.600000000000001,0,0,Low,28.0,50.95999999999997,2
26.55,21.78,17.73,92.04,4.77,0,0,Low,27.921428571428574,54.97999999999997,3
27.31,21.12,3.86,90.05,6.189999999999998,0,0,Medium,27.860000000000003,46.63999999999997,4
27.35,20.91,2.43,89.37,6.440000000000001,0,0,Medium,27.900000000000002,40.01999999999997,5
27.48,19.41,0.35,88.51,8.07,0,1,High,27.895714285714284,38.71999999999997,1
27.39,20.26,3.73,89.93,7.129999999999999,0,0,Medium,27.81714285714286,42.26999999999997,1
24.36,21.69,38.47,93.73,2.669999999999998,0,0,Low,27.184285714285714,79.36999999999998,2
24.6,22.15,46.07,95.5,2.450000000000003,0,0,Low,26.434285714285718,112.63999999999997,3
26.88,22.75,16.04,92.45,4.129999999999999,0,0,Low,26.481428571428573,110.94999999999996,4
27.16,22.28,7.67,90.93,4.879999999999999,0,0,Low,26.46,114.75999999999996,5
27.93,21.71,4.07,90.36,6.219999999999999,0,0,Medium,26.542857142857144,116.39999999999996,6
27.06,20.66,1.52,90.58,6.399999999999999,0,0,Medium,26.482857142857142,117.56999999999996,7
26.54,20.63,3.62,90.94,5.91,0,0,Medium,26.361428571428572,117.45999999999997,8
26.65,20.41,3.62,90.16,6.239999999999998,0,0,Medium,26.68857142857143,82.60999999999999,9
25.65,20.41,1.66,91.87,5.239999999999998,0,0,Medium,26.838571428571424,38.199999999999974,10
25.38,22.02,4.85,92.9,3.3599999999999994,0,0,Medium,26.624285714285712,27.00999999999997,11
27.19,22.14,5.88,90.6,5.050000000000001,0,0,Low,26.628571428571426,25.21999999999997,12
27.73,22.02,12.01,90.26,5.710000000000001,0,0,Low,26.599999999999998,33.15999999999997,13
27.38,21.98,10.48,90.55,5.399999999999999,0,0,Low,26.645714285714284,42.11999999999997,14
27.97,21.65,14.18,90.98,6.32,0,0,Low,26.849999999999998,52.67999999999997,15
27.67,22.5,23.02,92.81,5.170000000000002,0,0,Low,26.99571428571429,72.07999999999997,16
26.51,21.79,15.92,91.81,4.720000000000002,0,0,Low,27.118571428571432,86.33999999999997,17
26.56,21.63,29.98,93.13,4.93,0,0,Low,27.28714285714286,111.46999999999997,18
26.51,20.76,7.92,91.3,5.75,0,0,Low,27.189999999999998,113.50999999999996,19
27.42,19.74,7.28,90.72,7.680000000000003,0,0,Low,27.145714285714288,108.77999999999997,20
27.33,21.43,22.38,91.74,5.899999999999999,0,0,Low,27.138571428571428,120.67999999999998,21
27.31,22.16,20.12,91.38,5.149999999999999,0,0,Low,27.044285714285714,126.61999999999996,22
28.15,22.01,16.02,90.11,6.139999999999997,0,0,Low,27.11285714285714,119.61999999999998,23
27.95,21.72,14.33,90.28,6.23,0,0,Low,27.318571428571428,118.02999999999997,24
28.5,21.91,12.5,89.1,6.59,0,0,Low,27.595714285714283,100.54999999999998,25
26.5,21.21,25.36,92.79,5.289999999999999,0,0,Low,27.594285714285714,117.98999999999998,26
25.18,20.65,8.84,92.18,4.530000000000001,0,0,Low,27.274285714285714,119.54999999999997,27
27.59,20.47,0.12,88.5,7.120000000000001,0,1,High,27.31142857142857,97.28999999999996,1
28.21,20.37,0.0,87.99,7.84,0,1,High,27.439999999999998,77.16999999999997,2
27.65,19.19,0.0,85.94,8.459999999999997,0,1,High,27.368571428571425,61.14999999999997,3
28.71,19.43,0.0,85.22,9.280000000000001,0,1,High,27.47714285714286,46.81999999999997,4
29.77,19.99,0.0,83.74,9.780000000000001,0,1,High,27.65857142857143,34.31999999999997,5
30.05,19.17,0.0,81.92,10.879999999999999,0,1,High,28.165714285714284,8.95999999999997,6
29.81,18.97,0.0,81.79,10.84,0,1,High,28.827142857142857,0.11999999999997157,7
29.15,19.08,0.0,83.26,10.07,0,1,High,29.05,0.0,8
29.13,19.32,0.0,84.11,9.809999999999999,0,1,High,29.18142857142857,0.0,9
29.74,19.31,0.0,78.77,10.43,0,1,High,29.48,0.0,10
29.82,19.18,0.0,75.38,10.64,0,1,High,29.638571428571428,0.0,11
29.62,18.58,0.0,74.33,11.040000000000003,0,1,High,29.617142857142856,0.0,12
29.07,19.39,0.05,79.28,9.68,0,1,High,29.47714285714286,0.04999999999997158,13
28.9,19.68,0.07,77.45,9.219999999999999,0,1,High,29.34714285714286,0.11999999999997159,14
29.09,19.54,0.93,79.11,9.55,0,1,High,29.33857142857143,1.0499999999999716,15
29.24,19.35,0.15,80.47,9.889999999999997,0,1,High,29.354285714285712,1.1999999999999715,16
29.09,19.49,0.12,76.22,9.600000000000001,0,1,High,29.26142857142857,1.3199999999999716,17
28.46,20.08,0.12,79.17,8.380000000000003,0,1,High,29.06714285714286,1.4399999999999715,18
28.29,20.39,0.02,81.07,7.899999999999999,0,1,High,28.877142857142854,1.4599999999999715,19
28.83,19.22,0.0,79.57,9.61,0,1,High,28.842857142857145,1.4099999999999715,20
28.81,17.8,0.0,76.3,11.009999999999998,0,1,High,28.830000000000002,1.3399999999999714,21
28.59,18.06,0.0,78.05,10.530000000000001,0,1,High,28.758571428571425,0.40999999999997155,22
28.47,17.32,0.0,74.26,11.149999999999999,0,1,High,28.648571428571426,0.2599999999999716,23
27.36,16.28,0.0,69.38,11.079999999999998,0,1,High,28.40142857142857,0.13999999999997156,24
27.27,14.66,0.0,66.73,12.61,0,1,High,28.231428571428573,0.01999999999997158,25
28.04,14.92,0.0,69.58,13.12,0,1,High,28.195714285714285,0.0,26
28.74,14.59,0.0,69.04,14.149999999999999,0,1,High,28.182857142857138,0.0,27
28.16,15.13,0.0,70.19,13.03,0,1,High,28.09,0.0,28
27.78,14.8,0.0,72.45,12.98,0,1,High,27.974285714285713,0.0,29
28.0,15.18,0.0,75.65,12.82,0,1,High,27.907142857142862,0.0,30
28.17,15.47,0.0,74.68,12.700000000000001,0,1,High,28.02285714285714,0.0,31
28.61,15.81,0.0,73.67,12.799999999999999,0,1,High,28.214285714285715,0.0,32
29.16,16.1,0.0,71.42,13.059999999999999,0,1,High,28.374285714285715,0.0,33
27.93,18.58,0.0,78.89,9.350000000000001,0,1,High,28.25857142857143,0.0,34
27.5,18.08,0.0,76.0,9.420000000000002,0,1,High,28.16428571428571,0.0,35
28.26,18.02,0.01,81.69,10.240000000000002,0,1,High,28.232857142857146,0.009999999999971578,36
26.8,19.87,3.55,86.06,6.93,0,0,Medium,28.061428571428568,3.559999999999971,1
27.84,19.93,0.52,86.53,7.91,0,1,High,28.014285714285712,4.079999999999972,1
25.88,20.78,13.34,89.82,5.099999999999998,0,0,Low,27.624285714285715,17.419999999999973,1
27.62,18.65,2.8,80.57,8.970000000000002,0,0,Medium,27.404285714285713,20.21999999999997,2
28.76,17.61,0.0,72.84,11.150000000000002,0,1,High,27.522857142857145,20.21999999999997,1
28.2,16.9,0.0,74.19,11.3,0,1,High,27.622857142857146,20.21999999999997,2
27.49,16.19,0.0,75.72,11.299999999999997,0,1,High,27.512857142857143,20.20999999999997,3
27.69,14.98,0.0,72.93,12.71,0,1,High,27.640000000000004,16.65999999999997,4
27.46,14.36,0.0,70.86,13.100000000000001,0,1,High,27.58571428571429,16.139999999999972,5
27.41,14.26,0.0,68.44,13.15,0,1,High,27.80428571428572,2.7999999999999714,6
28.43,14.39,0.0,71.94,14.04,0,1,High,27.919999999999998,0.0,7
28.85,16.51,0.0,74.01,12.34,0,1,High,27.93285714285714,0.0,8
28.58,17.75,0.0,74.84,10.829999999999998,0,1,High,27.987142857142857,0.0,9
28.1,16.08,0.0,71.41,12.020000000000003,0,1,High,28.07428571428571,0.0,10
27.48,14.52,0.0,69.44,12.96,0,1,High,28.044285714285714,0.0,11
27.7,14.39,0.0,72.41,13.309999999999999,0,1,High,28.07857142857143,0.0,12
28.42,17.43,0.0,77.27,10.990000000000002,0,1,High,28.222857142857144,0.0,13
28.75,18.32,3.33,79.77,10.43,0,0,Medium,28.26857142857143,3.3299999999999716,1
27.14,19.83,6.34,85.69,7.310000000000002,0,0,Low,28.024285714285714,9.669999999999972,2
27.22,19.51,3.32,87.18,7.709999999999997,0,0,Medium,27.830000000000002,12.989999999999972,3
26.88,18.72,0.27,86.2,8.16,0,1,High,27.655714285714286,13.259999999999971,1
27.15,17.73,0.2,86.76,9.419999999999998,0,1,High,27.608571428571427,13.45999999999997,2
27.78,17.29,1.38,85.93,10.490000000000002,0,0,Medium,27.62,14.839999999999971,1
27.52,17.44,0.75,84.23,10.079999999999998,0,1,High,27.49142857142857,15.589999999999971,1
28.37,16.47,0.29,78.37,11.900000000000002,0,1,High,27.437142857142856,12.54999999999997,2
29.23,17.06,0.0,73.09,12.170000000000002,0,1,High,27.735714285714288,6.2099999999999715,3
28.66,17.89,0.0,77.09,10.77,0,1,High,27.94142857142857,2.8899999999999713,4
27.91,17.4,0.01,75.98,10.510000000000002,0,1,High,28.08857142857143,2.6299999999999715,5
26.04,16.71,0.01,79.05,9.329999999999998,0,1,High,27.93,2.439999999999971,6
26.2,16.84,0.0,78.64,9.36,0,1,High,27.704285714285714,1.0599999999999716,7
27.39,15.41,0.0,76.04,11.98,0,1,High,27.685714285714283,0.3099999999999716,8
28.01,14.87,0.0,75.25,13.140000000000002,0,1,High,27.634285714285717,0.01999999999997158,9
27.76,15.21,0.0,75.86,12.55,0,1,High,27.424285714285713,0.01999999999997158,10
27.66,14.28,0.0,74.77,13.38,0,1,High,27.28142857142857,0.01999999999997158,11
27.45,13.93,0.0,74.54,13.52,0,1,High,27.215714285714284,0.009999999999971578,12
27.2,13.88,0.0,72.25,13.319999999999999,0,1,High,27.381428571428575,0.0,13
26.56,14.64,0.0,70.31,11.919999999999998,0,1,High,27.43285714285714,0.0,14
26.03,13.22,0.0,67.53,12.81,0,1,High,27.23857142857143,0.0,15
26.01,11.53,0.0,70.29,14.480000000000002,0,1,High,26.95285714285714,0.0,16
26.77,14.57,0.0,75.69,12.2,0,1,High,26.81142857142857,0.0,17
25.42,15.61,0.0,71.2,9.810000000000002,0,1,High,26.49142857142857,0.0,18
24.49,15.14,0.0,66.47,9.349999999999998,0,1,High,26.06857142857143,0.0,19
24.6,13.78,0.0,58.88,10.820000000000002,0,1,High,25.697142857142858,0.0,20
24.02,14.66,0.0,58.77,9.36,0,1,High,25.334285714285716,0.0,21
28.59,14.52,0.0,55.08,14.07,0,1,High,25.7,0.0,22
29.44,13.46,0.0,53.41,15.98,0,1,High,26.19,0.0,23
28.34,14.01,0.0,59.99,14.33,0,1,High,26.414285714285715,0.0,24
29.21,14.5,0.0,55.2,14.71,0,1,High,26.955714285714286,0.0,25
29.09,13.54,0.0,58.01,15.55,0,1,High,27.61285714285714,0.0,26
28.3,13.71,0.0,62.16,14.59,0,1,High,28.141428571428573,0.0,27
28.57,13.64,0.0,61.0,14.93,0,1,High,28.791428571428572,0.0,28
28.85,14.05,0.0,60.67,14.8,0,1,High,28.828571428571426,0.0,29
28.8,14.37,0.0,61.43,14.430000000000001,0,1,High,28.737142857142857,0.0,30
28.64,13.82,0.0,58.41,14.82,0,1,High,28.779999999999998,0.0,31
