YEAR,DOY,T2M_MAX,T2M_MIN,T2MDEW,PRECTOTCORR,RH2M,WS2M,GWETPROF,GWETTOP
1994,1,27.47,13.55,13.47,0.0,69.09,1.77,0.69,0.68
1994,2,27.81,13.35,13.35,0.0,69.58,1.6,0.69,0.68
1994,3,27.73,13.43,13.0,0.0,67.27,1.6,0.69,0.68
1994,4,27.69,13.91,12.56,0.0,65.28,1.98,0.68,0.67
1994,5,27.29,12.8,10.84,0.0,59.11,1.77,0.68,0.67
1994,6,27.38,12.34,10.81,0.0,60.72,2.15,0.68,0.67
1994,7,27.06,12.57,11.25,0.0,64.6,2.53,0.67,0.66
1994,8,27.16,12.31,11.11,0.0,63.33,2.37,0.67,0.66
1994,9,26.51,13.29,12.22,0.0,63.06,1.74,0.67,0.66
1994,10,26.72,15.66,13.02,0.0,62.63,1.21,0.67,0.66
1994,11,27.29,13.96,15.31,0.03,76.39,1.97,0.66,0.65
1994,12,25.3,15.85,17.57,4.17,86.72,1.63,0.66,0.68
1994,13,25.51,13.65,14.89,0.32,81.47,1.52,0.66,0.66
1994,14,25.03,11.44,11.56,0.05,73.99,1.77,0.66,0.65
1994,15,23.36,8.48,5.98,0.0,61.53,1.99,0.66,0.64
1994,16,25.36,6.13,3.53,0.0,48.81,1.89,0.65,0.64
1994,17,27.81,8.9,7.26,0.0,55.83,2.37,0.65,0.63
1994,18,26.78,12.31,11.58,0.0,66.61,1.79,0.65,0.62
1994,19,25.49,12.29,9.89,0.0,64.57,1.45,0.65,0.62
1994,20,27.17,9.79,7.95,0.01,56.12,1.6,0.64,0.61
1994,21,28.38,13.05,14.8,0.67,70.46,1.9,0.64,0.61
1994,22,26.98,14.79,13.63,0.0,67.63,2.21,0.64,0.61
1994,23,29.33,14.26,13.27,0.0,62.9,1.96,0.63,0.6
1994,24,29.7,14.25,12.86,0.0,60.08,2.01,0.63,0.59
1994,25,30.32,15.3,13.12,0.0,57.82,1.89,0.63,0.59
1994,26,30.71,14.56,11.85,0.0,56.15,1.59,0.63,0.58
1994,27,31.32,14.33,11.5,0.0,53.74,1.74,0.62,0.57
1994,28,31.55,15.78,11.23,0.0,53.0,1.9,0.62,0.56
1994,29,30.21,14.76,11.46,0.0,57.97,1.7,0.62,0.55
1994,30,29.08,11.47,7.35,0.0,51.19,1.7,0.61,0.55
1994,31,28.54,11.12,5.18,0.0,45.95,1.8,0.61,0.54
1994,32,28.8,10.44,4.1,0.0,43.49,1.56,0.61,0.54
1994,33,29.5,11.51,1.68,0.0,33.1,2.96,0.6,0.53
1994,34,29.87,12.17,3.93,0.0,36.14,2.4,0.6,0.52
1994,35,30.31,11.96,7.66,0.0,46.58,1.8,0.6,0.52
1994,36,29.53,15.49,10.55,0.0,54.02,1.96,0.59,0.51
1994,37,30.25,13.91,11.68,0.0,58.58,1.64,0.59,0.51
1994,38,30.3,15.33,11.26,0.0,57.85,1.97,0.59,0.5
1994,39,27.06,13.05,10.67,0.0,64.84,2.2,0.59,0.5
1994,40,28.12,9.87,3.4,0.0,41.7,1.81,0.59,0.5
1994,41,29.85,10.23,7.3,0.0,50.83,2.46,0.58,0.49
1994,42,28.79,13.38,8.65,0.0,56.48,1.75,0.58,0.48
1994,43,30.24,10.86,6.4,0.0,49.49,1.71,0.58,0.48
1994,44,30.97,13.45,8.95,0.0,54.86,1.7,0.58,0.47
1994,45,30.53,12.66,8.91,0.0,54.12,2.09,0.57,0.47
1994,46,30.18,13.7,11.52,0.0,61.79,2.11,0.57,0.47
1994,47,30.26,14.53,10.6,0.0,57.22,1.77,0.57,0.46
1994,48,31.61,13.32,9.34,0.0,50.04,1.97,0.57,0.46
1994,49,30.89,15.34,7.65,0.0,44.25,2.01,0.56,0.45
1994,50,31.04,14.82,10.12,0.0,54.7,1.97,0.56,0.45
1994,51,28.87,13.05,13.93,0.0,73.93,2.56,0.56,0.45
1994,52,25.93,12.4,13.02,0.0,74.75,3.37,0.56,0.45
1994,53,26.65,10.07,9.58,0.0,66.34,2.29,0.56,0.45
1994,54,31.46,10.16,4.9,0.0,44.64,1.9,0.56,0.44
1994,55,33.15,11.68,3.27,0.0,36.17,1.74,0.55,0.43
1994,56,33.62,13.56,3.13,0.0,32.52,1.96,0.55,0.42
1994,57,34.04,13.65,2.29,0.0,31.2,1.81,0.55,0.42
1994,58,34.26,14.24,1.9,0.0,29.51,1.82,0.55,0.41
1994,59,34.39,14.25,4.65,0.0,35.69,2.04,0.55,0.41
1994,60,34.45,14.08,4.04,0.0,34.42,2.02,0.54,0.41
1994,61,34.82,14.95,5.09,0.0,35.48,1.5,0.54,0.4
1994,62,35.37,17.14,8.69,0.0,40.34,1.67,0.54,0.4
1994,63,35.18,16.29,9.17,0.0,42.43,1.84,0.54,0.4
1994,64,35.53,16.71,6.83,0.0,35.6,1.96,0.54,0.39
1994,65,35.74,17.71,6.8,0.0,33.99,2.07,0.53,0.39
1994,66,35.25,17.45,5.69,0.0,32.99,2.4,0.53,0.38
1994,67,35.69,16.46,2.88,0.0,26.89,2.47,0.53,0.38
1994,68,36.78,15.76,2.6,0.0,26.64,1.94,0.53,0.38
1994,69,37.13,17.06,2.54,0.0,25.36,2.21,0.53,0.37
1994,70,36.51,19.19,3.58,0.0,28.73,2.45,0.52,0.37
1994,71,37.48,18.48,5.16,0.0,33.95,1.84,0.52,0.37
1994,72,38.72,16.84,5.57,0.0,33.93,1.84,0.52,0.36
1994,73,38.63,19.0,4.83,0.0,27.82,2.16,0.52,0.36
1994,74,39.04,18.57,5.06,0.0,28.65,1.5,0.52,0.35
1994,75,39.24,18.37,9.1,0.0,33.31,1.31,0.52,0.35
1994,76,39.54,20.17,10.81,0.0,37.61,1.93,0.51,0.34
1994,77,39.72,19.76,11.4,0.0,43.31,1.4,0.51,0.34
1994,78,39.13,20.85,12.68,0.0,47.49,2.48,0.51,0.33
1994,79,35.54,21.2,17.33,0.0,60.31,2.51,0.51,0.34
1994,80,37.21,20.67,12.51,0.0,48.3,2.91,0.51,0.34
1994,81,36.55,18.62,5.26,0.0,30.52,2.61,0.51,0.32
1994,82,39.41,18.39,4.02,0.0,26.02,2.32,0.51,0.31
1994,83,38.05,18.77,2.98,0.0,25.22,2.7,0.51,0.3
1994,84,38.67,17.98,3.22,0.0,26.03,2.72,0.51,0.29
1994,85,39.27,19.16,4.72,0.0,26.66,2.57,0.5,0.28
1994,86,39.2,18.83,6.09,0.0,29.2,2.57,0.5,0.28
1994,87,39.81,21.16,6.28,0.0,29.85,1.84,0.5,0.27
1994,88,40.26,19.85,6.0,0.0,28.14,2.13,0.5,0.26
1994,89,40.25,20.2,12.04,0.0,43.8,2.14,0.5,0.26
1994,90,38.7,21.6,11.17,0.0,40.95,2.82,0.5,0.25
1994,91,36.25,18.75,12.99,0.0,52.19,2.83,0.5,0.25
1994,92,35.62,19.29,14.21,0.0,56.69,3.17,0.5,0.26
1994,93,36.18,18.05,11.12,0.0,50.6,2.6,0.5,0.26
1994,94,38.08,18.98,9.9,0.0,40.68,1.88,0.5,0.25
1994,95,37.7,20.18,10.21,0.05,39.95,2.37,0.5,0.24
1994,96,36.54,18.74,13.29,0.31,49.32,2.49,0.5,0.25
1994,97,36.07,20.45,12.7,0.34,48.16,2.18,0.5,0.25
1994,98,36.96,19.37,13.34,0.84,48.52,1.64,0.5,0.28
1994,99,33.31,22.65,14.92,5.07,48.75,1.23,0.5,0.35
1994,100,34.15,20.74,16.4,4.32,56.46,1.46,0.5,0.48
1994,101,35.15,20.12,14.63,0.84,53.46,1.78,0.5,0.46
1994,102,34.59,19.35,14.13,0.99,50.02,1.08,0.5,0.42
1994,103,36.05,20.47,14.75,0.08,49.21,1.73,0.5,0.39
1994,104,36.96,20.86,14.75,0.0,45.06,1.65,0.5,0.36
1994,105,37.33,22.83,15.52,0.37,43.86,1.65,0.5,0.33
1994,106,39.07,23.01,14.53,0.37,42.24,2.19,0.5,0.32
1994,107,36.83,21.0,14.06,0.07,49.01,2.81,0.5,0.31
1994,108,36.62,19.12,12.87,0.0,52.33,2.81,0.5,0.29
1994,109,36.38,17.38,11.87,0.0,51.46,2.88,0.5,0.28
1994,110,36.9,18.51,14.63,0.0,54.29,3.11,0.5,0.27
1994,111,36.17,19.14,13.17,0.0,51.08,3.24,0.49,0.26
1994,112,36.31,19.65,14.68,0.0,53.77,3.23,0.49,0.25
1994,113,36.87,19.19,14.12,0.0,53.72,2.92,0.49,0.25
1994,114,36.68,20.03,13.26,0.0,53.41,3.09,0.49,0.24
1994,115,36.33,18.7,13.59,0.0,52.61,3.09,0.49,0.24
1994,116,37.84,19.65,13.72,0.0,51.1,2.69,0.49,0.23
1994,117,39.58,18.71,10.74,0.0,42.29,2.65,0.49,0.22
1994,118,39.31,20.14,7.86,0.0,33.69,2.81,0.49,0.22
1994,119,38.28,19.48,12.23,0.01,47.85,2.85,0.49,0.21
1994,120,37.29,19.68,14.23,0.0,52.98,3.27,0.49,0.21
1994,121,35.51,21.51,16.35,0.04,56.12,2.36,0.49,0.2
1994,122,33.36,21.5,17.0,17.31,59.01,2.54,0.5,0.45
1994,123,34.22,20.16,18.12,0.0,64.16,2.17,0.51,0.49
1994,124,35.76,20.77,16.85,0.0,59.85,2.74,0.5,0.45
1994,125,35.92,19.07,14.45,0.0,56.37,2.9,0.5,0.43
1994,126,36.16,19.07,14.4,0.0,54.79,3.13,0.5,0.4
1994,127,36.59,21.09,16.74,0.0,59.0,3.49,0.5,0.37
1994,128,35.47,20.5,16.34,0.0,59.85,4.0,0.5,0.35
1994,129,34.99,21.32,17.33,0.0,62.3,4.42,0.5,0.33
1994,130,35.65,22.0,18.3,0.0,63.49,4.5,0.5,0.31
1994,131,36.49,22.04,17.89,0.0,60.59,4.13,0.5,0.3
1994,132,37.98,21.67,16.67,0.0,56.51,3.39,0.49,0.29
1994,133,40.17,20.57,15.27,0.0,50.02,3.05,0.49,0.27
1994,134,40.53,22.15,11.98,0.0,38.32,3.31,0.49,0.25
1994,135,40.62,21.17,13.41,0.0,45.58,3.23,0.49,0.24
1994,136,38.47,22.78,17.31,0.0,57.22,3.49,0.49,0.23
1994,137,38.81,21.67,15.82,0.0,55.36,3.69,0.49,0.23
1994,138,37.92,21.55,14.95,0.0,53.6,3.96,0.49,0.22
1994,139,38.75,20.81,15.42,0.0,53.03,3.53,0.49,0.21
1994,140,39.93,20.66,16.12,0.0,53.4,3.4,0.49,0.21
1994,141,39.89,21.16,16.91,0.0,55.36,3.5,0.49,0.21
1994,142,39.35,22.35,17.32,0.0,56.66,4.4,0.49,0.2
1994,143,36.66,22.67,18.24,0.0,60.8,4.57,0.49,0.2
1994,144,37.53,21.53,18.33,0.0,61.15,4.51,0.49,0.2
1994,145,38.27,22.21,17.39,0.0,57.04,4.26,0.49,0.2
1994,146,38.66,21.6,18.05,0.0,59.16,3.46,0.49,0.19
1994,147,38.66,22.71,19.06,10.62,60.61,2.29,0.49,0.33
1994,148,35.21,23.19,20.85,6.48,67.65,1.54,0.5,0.56
1994,149,34.11,23.44,21.16,5.68,71.05,2.06,0.5,0.54
1994,150,32.34,23.15,21.55,0.58,73.96,3.15,0.51,0.51
1994,151,32.7,23.53,21.69,0.27,73.9,2.93,0.51,0.48
1994,152,31.1,23.49,21.52,1.69,75.59,2.45,0.5,0.49
1994,153,33.38,23.23,20.82,0.96,71.26,2.22,0.51,0.49
1994,154,34.05,23.43,20.76,1.43,69.49,2.36,0.5,0.47
1994,155,32.91,23.47,20.13,2.49,66.65,3.34,0.5,0.48
1994,156,29.89,23.9,21.82,17.74,79.64,3.57,0.51,0.59
1994,157,28.41,22.83,22.23,37.7,85.44,3.88,0.54,0.77
1994,158,30.35,21.84,21.06,7.08,79.33,3.83,0.56,0.65
1994,159,31.1,21.99,21.05,0.12,77.16,4.2,0.55,0.56
1994,160,31.92,22.4,21.68,0.27,79.95,3.8,0.55,0.54
1994,161,29.44,21.81,20.84,32.29,82.37,4.1,0.56,0.69
1994,162,29.71,21.79,21.43,11.52,82.59,3.22,0.58,0.71
1994,163,28.62,21.78,22.15,21.23,87.65,4.39,0.59,0.73
1994,164,26.52,23.69,22.91,33.95,90.51,5.94,0.62,0.84
1994,165,26.42,22.85,23.06,26.26,91.86,5.72,0.64,0.82
1994,166,25.76,22.75,22.53,24.78,91.42,6.1,0.66,0.83
1994,167,26.42,22.15,22.36,78.59,91.67,5.86,0.69,0.92
1994,168,25.9,21.94,21.62,50.91,88.86,4.35,0.73,0.93
1994,169,25.64,22.02,21.55,11.79,89.52,3.98,0.75,0.85
1994,170,26.74,22.31,21.65,7.73,87.14,4.44,0.75,0.81
1994,171,27.51,21.71,21.53,6.74,86.24,4.96,0.76,0.8
1994,172,28.32,21.99,21.36,1.52,85.05,5.13,0.75,0.77
1994,173,27.95,21.8,21.23,0.8,86.04,5.25,0.75,0.76
1994,174,27.86,22.16,21.48,1.19,85.45,5.49,0.75,0.75
1994,175,27.79,22.16,21.61,1.0,87.18,5.12,0.75,0.75
1994,176,28.35,22.17,21.52,0.87,85.7,5.0,0.74,0.74
1994,177,27.13,21.75,21.37,1.43,86.11,5.36,0.74,0.74
1994,178,26.52,21.95,21.19,3.49,87.41,5.55,0.74,0.76
1994,179,25.09,21.66,21.09,19.59,88.59,5.21,0.74,0.81
1994,180,24.43,22.32,22.16,67.81,93.7,5.15,0.78,0.96
1994,181,25.89,21.94,21.69,22.04,90.2,5.43,0.81,0.89
1994,182,27.38,21.86,21.53,12.12,87.73,5.83,0.82,0.86
1994,183,27.58,21.72,21.57,11.94,87.45,5.1,0.82,0.85
1994,184,25.78,21.39,21.24,7.45,89.38,4.21,0.82,0.85
1994,185,25.6,20.96,21.09,22.43,90.08,4.28,0.83,0.88
1994,186,24.69,20.26,20.65,21.1,90.18,4.39,0.84,0.9
1994,187,27.3,21.58,21.66,20.24,87.61,5.12,0.86,0.9
1994,188,27.22,22.13,21.73,7.14,87.42,5.26,0.86,0.87
1994,189,27.12,22.06,21.64,4.68,87.92,5.71,0.86,0.86
1994,190,26.77,21.9,21.54,4.82,88.2,6.06,0.86,0.86
1994,191,25.75,21.46,21.29,11.32,90.15,6.28,0.86,0.87
1994,192,24.93,22.3,21.94,10.6,92.77,6.43,0.87,0.88
1994,193,24.6,21.15,21.55,48.39,93.11,6.68,0.88,0.93
1994,194,23.04,20.8,20.76,66.59,94.09,7.8,0.91,0.98
1994,195,24.96,20.63,21.69,87.76,93.22,7.52,0.93,0.99
1994,196,25.86,21.73,22.0,38.92,91.8,7.17,0.95,0.97
1994,197,25.79,21.74,21.81,24.87,91.5,6.59,0.95,0.95
1994,198,25.95,21.64,21.64,19.23,90.74,5.79,0.96,0.95
1994,199,25.17,21.58,21.64,9.94,92.55,5.62,0.96,0.94
1994,200,25.64,21.81,21.79,8.19,91.8,6.0,0.96,0.94
1994,201,24.46,21.51,21.48,33.55,92.97,5.66,0.96,0.96
1994,202,24.13,21.97,21.77,27.76,93.93,5.83,0.96,0.97
1994,203,24.91,21.92,21.73,23.83,92.89,5.69,0.97,0.97
1994,204,25.16,21.78,21.82,19.77,92.71,5.09,0.97,0.97
1994,205,25.88,21.95,22.01,21.51,92.25,5.44,0.97,0.97
1994,206,25.8,21.27,21.62,17.62,92.12,5.66,0.97,0.96
1994,207,25.63,21.52,21.59,11.72,91.53,5.1,0.97,0.96
1994,208,26.2,21.29,21.64,4.5,91.72,5.04,0.96,0.94
1994,209,26.18,21.59,21.69,3.57,91.15,5.53,0.96,0.93
1994,210,26.03,21.69,21.82,7.46,91.66,5.98,0.96,0.93
1994,211,24.6,21.72,21.59,5.26,93.36,5.86,0.96,0.93
1994,212,24.49,21.27,21.2,2.71,92.9,5.84,0.95,0.92
1994,213,24.26,21.24,21.04,2.89,92.79,5.61,0.95,0.92
1994,214,25.91,21.2,21.14,2.37,90.31,5.93,0.95,0.92
1994,215,26.16,21.15,21.16,0.93,89.8,4.9,0.94,0.91
1994,216,25.43,20.8,20.86,0.99,90.68,4.54,0.94,0.91
1994,217,26.44,20.93,20.95,0.48,89.05,4.67,0.93,0.9
1994,218,26.39,20.71,20.78,0.06,89.43,4.38,0.93,0.9
1994,219,25.48,20.49,20.44,0.04,90.11,4.4,0.92,0.89
1994,220,25.64,20.64,20.64,0.02,89.85,4.67,0.92,0.89
1994,221,24.75,20.9,20.61,0.04,90.94,4.72,0.92,0.88
1994,222,24.92,20.57,20.45,0.11,89.77,5.41,0.91,0.88
1994,223,25.61,20.54,21.05,1.82,91.53,4.62,0.91,0.88
1994,224,24.76,21.05,21.17,11.19,92.78,4.51,0.91,0.9
1994,225,25.91,20.88,21.22,13.94,91.64,3.81,0.92,0.91
1994,226,27.34,20.69,21.35,8.42,89.74,3.93,0.92,0.9
1994,227,26.06,20.72,20.95,2.69,90.03,4.55,0.92,0.89
1994,228,22.7,20.74,20.54,1.28,93.68,4.97,0.91,0.89
1994,229,25.87,20.7,21.1,4.32,90.23,5.59,0.91,0.89
1994,230,26.12,21.32,21.22,5.56,90.85,4.88,0.91,0.89
1994,231,24.74,20.92,20.99,7.02,92.34,4.34,0.91,0.9
1994,232,26.56,20.47,21.16,4.64,89.83,4.05,0.91,0.89
1994,233,28.03,20.3,21.44,4.45,88.67,3.01,0.91,0.89
1994,234,26.25,21.01,21.49,1.99,90.19,2.86,0.9,0.88
1994,235,26.83,21.45,21.97,23.22,91.35,3.71,0.91,0.92
1994,236,25.26,21.57,21.59,16.65,92.69,4.13,0.92,0.92
1994,237,25.54,21.6,21.32,8.84,91.14,4.67,0.92,0.91
1994,238,25.89,21.44,21.39,4.61,90.92,5.48,0.92,0.9
1994,239,23.79,21.01,21.19,26.81,93.89,5.93,0.92,0.94
1994,240,25.75,21.03,21.03,21.75,90.97,5.74,0.94,0.94
1994,241,25.63,20.74,20.85,7.02,90.76,5.14,0.94,0.92
1994,242,24.27,20.66,20.78,7.94,92.59,5.27,0.94,0.92
1994,243,24.1,20.73,20.94,32.61,93.84,5.52,0.94,0.95
1994,244,23.45,20.84,20.85,21.36,93.97,6.17,0.95,0.95
1994,245,25.16,20.73,21.19,39.35,92.75,5.93,0.96,0.97
1994,246,25.31,20.82,20.93,12.83,91.84,5.52,0.96,0.95
1994,247,24.29,20.72,20.66,7.3,91.95,4.94,0.96,0.94
1994,248,25.58,21.11,21.53,8.2,92.05,4.77,0.96,0.94
1994,249,24.07,21.11,21.06,15.76,93.35,5.13,0.96,0.95
1994,250,24.87,21.04,21.11,10.52,93.05,5.32,0.96,0.95
1994,251,25.52,20.33,20.74,6.21,91.33,4.88,0.96,0.94
1994,252,26.14,20.09,20.69,3.66,90.84,4.24,0.95,0.92
1994,253,26.39,20.05,20.61,5.61,90.32,3.51,0.95,0.92
1994,254,26.49,19.27,20.61,5.82,90.46,2.53,0.95,0.92
1994,255,26.41,18.98,20.17,2.08,89.69,2.32,0.94,0.91
1994,256,25.93,18.01,19.16,0.48,88.61,2.17,0.94,0.9
1994,257,26.21,17.25,19.16,0.15,88.75,2.23,0.93,0.9
1994,258,26.5,18.15,19.81,0.08,88.9,2.55,0.93,0.89
1994,259,25.58,19.71,19.98,2.4,90.14,3.31,0.92,0.89
1994,260,25.39,19.3,19.75,12.28,90.57,3.59,0.92,0.91
1994,261,25.69,18.67,19.35,4.36,89.15,3.13,0.92,0.9
1994,262,25.14,16.98,18.92,4.66,89.64,2.95,0.92,0.89
1994,263,24.49,15.91,16.88,0.93,84.77,2.13,0.91,0.88
1994,264,25.73,15.08,15.42,0.04,78.04,1.2,0.91,0.87
1994,265,27.03,14.05,16.96,0.0,83.12,1.28,0.9,0.87
1994,266,28.17,15.9,18.6,0.0,82.07,1.62,0.9,0.86
1994,267,28.42,19.04,20.19,0.0,85.14,1.66,0.89,0.86
1994,268,27.76,18.38,19.37,0.0,85.36,1.47,0.89,0.85
1994,269,27.16,17.36,18.22,0.0,83.61,1.35,0.88,0.85
1994,270,28.19,18.5,19.93,0.24,85.92,1.03,0.88,0.85
1994,271,27.89,20.6,20.73,0.19,84.59,1.66,0.87,0.85
1994,272,28.67,19.68,19.9,0.68,81.53,1.56,0.87,0.84
1994,273,29.03,18.48,18.55,0.03,77.77,2.05,0.86,0.83
1994,274,29.17,17.76,19.1,0.0,77.97,2.01,0.86,0.83
1994,275,28.59,20.82,20.99,0.16,83.57,1.64,0.85,0.83
1994,276,26.82,20.25,20.67,0.51,85.59,1.32,0.85,0.83
1994,277,25.6,20.83,20.73,6.58,87.94,1.18,0.85,0.85
1994,278,28.49,19.51,19.85,10.87,82.06,1.43,0.85,0.86
1994,279,28.3,19.48,19.01,0.59,80.33,1.29,0.85,0.84
1994,280,28.56,19.14,18.72,0.61,78.77,1.85,0.85,0.83
1994,281,28.96,18.9,18.61,0.07,76.12,1.36,0.84,0.82
1994,282,29.39,18.55,19.26,0.0,78.95,1.45,0.84,0.82
1994,283,29.35,17.99,18.26,0.02,78.12,1.41,0.83,0.81
1994,284,29.11,18.09,18.58,0.0,79.81,1.29,0.83,0.81
1994,285,27.86,19.36,19.52,4.37,84.63,1.23,0.82,0.82
1994,286,26.66,19.64,19.51,1.81,86.21,1.44,0.82,0.81
1994,287,26.23,18.76,19.87,11.63,89.04,1.6,0.82,0.84
1994,288,27.38,17.78,18.9,1.69,85.72,1.25,0.82,0.82
1994,289,28.65,16.76,19.48,0.49,84.16,1.04,0.82,0.81
1994,290,27.57,20.13,20.37,47.68,84.61,2.63,0.83,0.87
1994,291,28.9,19.76,19.79,4.79,81.99,2.85,0.83,0.84
1994,292,28.58,18.0,19.5,0.31,81.92,2.38,0.83,0.82
1994,293,27.3,19.86,20.79,1.23,87.89,1.8,0.82,0.82
1994,294,26.64,19.35,20.41,12.17,88.53,1.39,0.82,0.85
1994,295,26.99,20.51,20.57,4.68,87.62,1.41,0.83,0.84
1994,296,27.58,19.35,20.3,7.99,86.62,2.03,0.83,0.85
1994,297,24.23,16.85,15.57,0.16,77.78,2.72,0.83,0.82
1994,298,28.28,17.29,18.52,1.13,80.87,2.83,0.83,0.82
1994,299,27.56,18.55,18.57,2.61,81.47,2.31,0.82,0.82
1994,300,28.01,17.34,16.67,0.07,75.6,2.72,0.82,0.81
1994,301,28.11,16.08,17.38,0.04,77.99,2.78,0.81,0.8
1994,302,23.17,19.13,17.27,0.13,81.85,2.86,0.81,0.8
1994,303,26.63,18.67,17.98,2.18,81.1,2.39,0.81,0.8
1994,304,27.46,17.48,17.89,0.29,79.49,3.08,0.81,0.79
1994,305,27.64,18.0,17.26,0.0,76.58,3.39,0.8,0.78
1994,306,27.16,16.9,15.65,0.0,75.1,3.81,0.8,0.77
1994,307,24.5,15.95,16.91,0.0,83.34,3.67,0.79,0.77
1994,308,27.22,18.09,18.92,0.0,83.85,3.5,0.79,0.77
1994,309,28.34,19.07,19.44,0.3,81.51,2.58,0.78,0.77
1994,310,28.56,19.12,19.45,0.05,81.08,2.25,0.78,0.76
1994,311,28.36,18.73,19.0,0.0,79.16,2.23,0.77,0.76
1994,312,28.14,18.68,18.43,0.0,78.12,2.26,0.77,0.75
1994,313,27.88,17.95,18.12,0.0,79.16,2.64,0.77,0.75
1994,314,28.13,18.12,17.55,0.04,77.18,2.92,0.76,0.74
1994,315,28.32,17.81,18.11,0.09,79.19,2.03,0.76,0.74
1994,316,27.88,17.48,18.65,0.0,80.22,1.43,0.75,0.74
1994,317,28.59,17.78,18.32,1.23,75.99,1.03,0.75,0.74
1994,318,28.16,18.19,18.83,0.22,81.27,1.77,0.75,0.73
1994,319,27.1,17.98,18.51,6.19,82.39,1.77,0.74,0.76
1994,320,27.2,18.6,18.17,0.28,80.42,2.57,0.74,0.74
1994,321,27.61,17.18,17.31,0.02,77.64,2.54,0.74,0.73
1994,322,27.69,17.49,17.3,0.03,76.72,2.61,0.73,0.72
1994,323,27.23,17.21,16.94,0.0,76.24,2.01,0.73,0.72
1994,324,27.38,14.62,14.66,0.0,70.75,1.46,0.73,0.72
1994,325,27.06,14.1,13.39,0.0,68.28,1.69,0.72,0.71
1994,326,26.52,14.03,12.28,0.0,67.26,2.48,0.72,0.7
1994,327,26.13,12.0,8.53,0.0,57.36,2.78,0.71,0.7
1994,328,25.83,12.17,10.58,0.0,65.33,3.34,0.71,0.69
1994,329,26.63,11.86,10.63,0.0,65.49,2.96,0.71,0.69
1994,330,26.81,12.19,10.61,0.0,62.78,2.45,0.7,0.69
1994,331,27.57,12.69,11.16,0.0,63.74,2.1,0.7,0.68
1994,332,27.99,12.59,11.52,0.0,62.37,1.76,0.69,0.68
1994,333,28.33,12.59,10.75,0.0,60.08,1.33,0.69,0.68
1994,334,27.42,11.62,9.26,0.0,58.45,1.37,0.69,0.67
1994,335,27.9,11.18,10.38,0.0,63.87,1.28,0.68,0.67
1994,336,28.18,10.72,10.06,0.0,60.92,1.55,0.68,0.67
1994,337,27.53,11.49,11.06,0.0,62.59,1.48,0.68,0.66
1994,338,27.35,11.9,11.09,0.0,60.09,1.46,0.67,0.66
1994,339,27.43,12.88,12.31,0.0,66.14,1.9,0.67,0.66
1994,340,26.75,13.03,11.72,0.0,66.53,2.08,0.67,0.65
1994,341,26.6,11.34,8.84,0.0,58.42,2.17,0.66,0.65
1994,342,26.7,10.64,8.54,0.0,55.54,1.52,0.66,0.64
1994,343,27.26,10.46,9.79,0.0,61.23,1.18,0.66,0.64
1994,344,26.75,10.34,11.76,0.0,74.47,1.31,0.65,0.64
1994,345,26.66,10.01,9.07,0.0,63.23,1.3,0.65,0.63
1994,346,27.16,9.59,7.88,0.0,56.61,1.45,0.65,0.62
1994,347,27.34,10.72,9.25,0.0,56.95,1.63,0.64,0.62
1994,348,27.13,11.26,10.25,0.0,63.42,1.6,0.64,0.62
1994,349,27.04,10.6,8.77,0.0,58.26,1.51,0.64,0.61
1994,350,27.16,11.42,8.64,0.0,54.79,2.14,0.63,0.61
1994,351,26.64,10.57,10.15,0.0,63.91,1.66,0.63,0.6
1994,352,27.21,11.23,9.85,0.0,58.71,1.67,0.63,0.6
1994,353,27.26,12.45,9.88,0.0,59.48,2.65,0.63,0.59
1994,354,26.96,12.08,8.23,0.0,54.6,2.77,0.62,0.58
1994,355,26.83,11.36,6.67,0.0,50.81,3.19,0.62,0.58
1994,356,26.21,10.6,3.79,0.0,45.15,3.19,0.62,0.57
1994,357,26.17,8.99,1.02,0.0,39.36,3.17,0.61,0.56
1994,358,26.71,9.21,2.0,0.0,40.67,2.95,0.61,0.55
1994,359,26.15,10.05,3.48,0.0,43.2,3.09,0.61,0.55
1994,360,26.72,10.8,4.39,0.0,44.09,3.08,0.6,0.54
1994,361,27.07,12.24,9.17,0.0,55.68,2.15,0.6,0.54
1994,362,23.37,14.24,11.27,0.0,64.46,1.12,0.6,0.55
1994,363,27.53,12.07,10.21,0.0,58.92,1.5,0.6,0.54
1994,364,27.74,12.87,9.14,0.0,55.98,1.88,0.6,0.54
1994,365,27.62,10.88,5.45,0.0,45.31,2.04,0.59,0.53
1995,1,28.01,9.72,5.16,0.0,46.38,1.53,0.59,0.52
1995,2,28.41,10.23,5.74,0.0,48.46,1.55,0.59,0.52
1995,3,27.41,11.53,6.32,0.0,50.96,1.5,0.59,0.51
1995,4,27.26,10.32,6.54,0.0,52.74,1.25,0.58,0.51
1995,5,27.56,10.58,8.86,0.0,56.39,1.7,0.58,0.5
1995,6,27.85,14.19,12.74,0.03,65.12,1.68,0.58,0.5
1995,7,26.63,15.18,15.18,1.61,76.18,1.95,0.58,0.51
1995,8,23.14,13.03,14.19,12.48,82.29,2.73,0.59,0.63
1995,9,23.5,9.98,9.08,0.0,69.21,1.26,0.59,0.58
1995,10,26.23,7.45,5.83,0.0,56.32,2.14,0.58,0.57
1995,11,25.07,9.83,6.0,0.0,55.88,1.85,0.58,0.56
1995,12,25.64,10.19,8.05,0.0,62.29,2.15,0.58,0.55
1995,13,25.8,9.06,4.74,0.0,49.28,2.26,0.58,0.54
1995,14,27.59,10.69,8.18,0.0,56.51,2.43,0.58,0.53
1995,15,27.99,12.05,12.13,0.0,67.29,1.86,0.57,0.53
1995,16,27.36,13.05,11.74,0.66,65.92,1.65,0.57,0.52
1995,17,26.12,13.01,12.98,1.01,72.61,3.18,0.57,0.53
1995,18,26.67,11.93,9.41,0.0,63.79,3.39,0.57,0.53
1995,19,27.57,10.23,5.12,0.0,46.88,2.39,0.57,0.51
1995,20,29.47,10.79,5.41,0.0,45.48,1.58,0.56,0.5
1995,21,30.29,11.0,4.74,0.0,43.29,1.64,0.56,0.49
1995,22,29.46,10.77,5.73,0.0,47.27,2.19,0.56,0.48
1995,23,28.48,9.96,2.59,0.0,40.98,2.29,0.56,0.47
1995,24,28.76,9.4,0.5,0.0,33.67,2.18,0.56,0.47
1995,25,28.85,9.57,3.98,0.0,44.31,1.56,0.55,0.46
1995,26,29.35,10.12,4.34,0.0,40.34,1.58,0.55,0.46
1995,27,29.09,11.93,6.05,0.0,42.76,1.83,0.55,0.46
1995,28,29.05,12.01,5.84,0.0,43.59,2.22,0.55,0.45
1995,29,29.05,12.22,5.18,0.0,42.43,2.45,0.55,0.45
1995,30,29.57,12.19,5.2,0.0,39.92,2.09,0.55,0.44
1995,31,30.19,12.71,7.82,0.0,43.77,1.88,0.54,0.44
1995,32,31.12,15.97,11.59,0.0,52.1,1.85,0.54,0.44
1995,33,32.06,16.53,12.44,0.0,54.1,1.93,0.54,0.43
1995,34,31.22,16.7,11.75,0.12,53.79,1.73,0.54,0.43
1995,35,31.05,14.96,9.12,0.28,48.57,1.71,0.54,0.44
1995,36,31.76,13.23,5.26,0.0,37.81,1.58,0.54,0.43
1995,37,33.05,17.93,12.03,0.0,48.0,2.06,0.54,0.42
1995,38,32.47,18.2,13.09,0.0,50.98,2.4,0.53,0.42
1995,39,32.75,16.92,11.79,0.0,50.92,1.59,0.53,0.41
1995,40,33.65,16.06,8.64,0.0,42.98,1.74,0.53,0.41
1995,41,34.29,15.32,5.48,0.0,35.7,1.65,0.53,0.4
1995,42,34.3,14.99,7.37,0.0,40.44,1.86,0.53,0.4
1995,43,32.68,17.67,10.28,0.0,47.69,2.0,0.53,0.4
1995,44,31.69,15.43,10.29,0.0,53.85,2.19,0.52,0.4
1995,45,29.69,14.85,13.36,0.0,68.21,2.41,0.52,0.4
1995,46,29.71,11.81,7.56,0.0,57.18,2.27,0.52,0.4
1995,47,32.73,11.12,3.86,0.0,40.09,1.98,0.52,0.39
1995,48,31.89,13.73,4.81,0.0,42.83,2.1,0.52,0.39
1995,49,31.52,13.06,6.55,0.0,50.42,1.7,0.52,0.39
1995,50,31.7,13.18,7.69,0.0,53.05,1.87,0.52,0.39
1995,51,33.27,12.85,7.37,0.0,49.79,1.8,0.52,0.38
1995,52,34.2,13.41,3.07,0.0,33.15,1.83,0.51,0.38
1995,53,32.91,14.46,5.74,0.0,38.31,2.35,0.51,0.37
1995,54,31.52,12.88,3.88,0.0,39.2,2.32,0.51,0.37
1995,55,33.45,11.54,-0.35,0.0,30.97,1.64,0.51,0.36
1995,56,34.62,13.14,3.29,0.0,37.31,2.29,0.51,0.35
1995,57,31.94,14.2,8.6,0.0,55.76,2.36,0.51,0.35
1995,58,30.13,13.48,13.18,0.0,69.95,2.83,0.51,0.35
1995,59,32.27,15.12,11.63,0.0,61.11,2.13,0.51,0.35
1995,60,34.14,14.3,7.94,0.0,46.06,2.24,0.51,0.34
1995,61,35.5,14.15,5.04,0.0,38.68,1.71,0.51,0.33
1995,62,35.93,15.38,5.53,0.0,34.63,2.19,0.5,0.32
1995,63,36.74,16.36,4.7,0.0,29.97,2.17,0.5,0.31
1995,64,34.53,17.09,6.34,0.0,35.56,2.36,0.5,0.3
1995,65,33.8,14.6,8.69,0.0,47.96,2.56,0.5,0.3
1995,66,33.93,14.65,7.86,0.0,42.24,2.14,0.5,0.29
1995,67,35.06,15.7,8.75,0.0,42.57,2.15,0.5,0.29
1995,68,33.63,16.4,7.57,0.0,40.55,2.4,0.5,0.28
1995,69,34.04,15.21,-1.06,0.0,23.27,2.17,0.5,0.28
1995,70,35.18,14.49,0.26,0.0,22.52,2.24,0.5,0.27
1995,71,36.07,15.88,4.27,0.0,27.48,2.16,0.5,0.26
1995,72,35.97,18.62,8.68,0.0,35.91,2.03,0.5,0.25
1995,73,36.76,19.12,12.12,0.62,42.57,1.96,0.5,0.27
1995,74,33.26,21.39,14.45,0.34,49.96,2.37,0.5,0.27
1995,75,35.84,20.28,13.82,0.01,47.42,2.4,0.5,0.28
1995,76,35.87,19.58,11.62,0.0,40.92,2.22,0.5,0.27
1995,77,36.69,18.67,9.55,0.0,36.36,2.27,0.5,0.26
1995,78,38.07,21.4,8.19,0.01,29.04,1.89,0.5,0.25
1995,79,38.0,22.74,8.64,0.01,27.81,1.64,0.5,0.24
1995,80,38.63,21.61,6.24,0.0,24.26,2.23,0.5,0.23
1995,81,37.72,22.01,5.64,0.0,23.02,2.08,0.5,0.23
1995,82,38.56,23.33,6.87,0.0,24.49,1.91,0.49,0.22
1995,83,39.06,23.39,8.83,0.04,28.63,2.84,0.49,0.22
1995,84,36.45,20.47,10.18,0.14,38.1,3.13,0.49,0.22
1995,85,34.12,17.41,11.88,0.0,52.89,2.56,0.49,0.22
1995,86,35.43,15.55,9.43,0.02,52.8,2.03,0.49,0.22
1995,87,36.46,16.01,12.27,0.0,55.68,2.55,0.49,0.21
1995,88,36.1,17.76,13.14,0.0,57.21,2.84,0.49,0.21
1995,89,34.83,18.36,13.42,0.0,56.99,3.09,0.49,0.21
1995,90,35.43,15.82,11.82,0.0,54.93,2.55,0.49,0.21
1995,91,35.79,16.11,10.74,0.0,50.36,2.56,0.49,0.21
1995,92,35.94,15.03,9.49,0.0,48.02,2.32,0.49,0.21
1995,93,38.83,18.59,6.46,0.0,29.04,1.9,0.49,0.2
1995,94,38.97,21.25,-0.39,0.09,15.7,2.57,0.49,0.2
1995,95,38.79,20.27,0.45,0.01,18.35,2.16,0.49,0.19
1995,96,39.08,21.21,1.4,0.0,20.97,1.94,0.49,0.18
1995,97,38.42,17.73,2.71,0.0,26.49,2.32,0.49,0.18
1995,98,36.88,16.32,7.16,0.0,39.65,2.86,0.49,0.18
1995,99,36.41,16.77,12.13,0.0,52.51,2.84,0.49,0.18
1995,100,38.98,19.34,13.5,0.0,48.01,2.58,0.49,0.17
1995,101,39.22,23.62,10.44,0.0,32.4,2.5,0.49,0.17
1995,102,40.2,23.0,9.02,0.0,28.88,1.98,0.49,0.17
1995,103,39.2,22.23,6.91,0.0,27.74,2.72,0.49,0.17
1995,104,36.91,19.28,7.55,0.0,35.9,2.95,0.49,0.16
1995,105,36.7,18.03,7.56,0.0,38.02,2.81,0.49,0.16
1995,106,36.58,17.12,10.27,0.0,48.15,2.6,0.49,0.16
1995,107,35.94,18.49,8.56,0.0,39.49,2.16,0.49,0.16
1995,108,38.89,20.44,8.08,0.04,28.32,2.04,0.49,0.16
1995,109,34.02,23.73,14.02,0.01,42.16,2.59,0.49,0.16
1995,110,35.71,22.4,14.06,4.11,45.27,2.45,0.49,0.2
1995,111,38.03,21.77,14.19,3.06,45.17,2.03,0.5,0.39
1995,112,38.48,21.15,8.94,0.54,33.46,2.48,0.5,0.36
1995,113,39.56,20.49,7.02,0.0,27.4,2.44,0.49,0.31
1995,114,39.24,24.18,6.52,0.0,24.6,2.1,0.49,0.27
1995,115,39.9,21.49,9.27,0.0,29.44,2.71,0.49,0.25
1995,116,40.51,23.01,8.18,0.0,25.77,2.11,0.49,0.23
1995,117,40.83,24.51,11.94,0.0,31.48,2.11,0.49,0.22
1995,118,38.15,27.49,13.18,0.02,32.81,1.83,0.49,0.21
1995,119,36.18,25.83,14.06,0.17,38.27,1.96,0.49,0.21
1995,120,36.63,23.79,16.57,9.88,49.96,1.29,0.49,0.35
1995,121,36.29,21.83,17.33,5.15,54.47,1.63,0.5,0.53
1995,122,35.02,23.58,15.9,0.67,49.68,1.18,0.5,0.46
1995,123,38.41,22.34,14.7,0.06,43.42,1.75,0.5,0.43
1995,124,36.89,24.83,15.27,2.08,44.3,1.67,0.5,0.41
1995,125,38.99,22.58,11.84,0.64,38.55,2.14,0.5,0.42
1995,126,39.7,22.93,11.86,0.0,34.35,1.23,0.5,0.35
1995,127,37.65,24.9,16.34,0.1,45.66,2.19,0.5,0.32
1995,128,37.94,24.8,15.59,0.1,43.64,3.18,0.49,0.3
1995,129,38.44,23.76,15.97,1.83,47.17,2.88,0.5,0.33
1995,130,37.23,22.32,17.95,0.88,58.67,3.33,0.49,0.33
1995,131,35.46,22.35,18.26,1.15,62.29,4.28,0.5,0.35
1995,132,35.74,21.74,17.77,0.12,61.83,4.48,0.49,0.33
1995,133,37.11,21.22,18.51,0.25,62.77,4.02,0.49,0.31
1995,134,34.93,21.27,17.77,0.04,61.7,4.38,0.49,0.3
1995,135,34.36,21.67,18.91,0.1,67.25,5.53,0.49,0.29
1995,136,32.89,21.99,18.66,0.0,67.46,5.06,0.49,0.28
1995,137,33.87,21.42,17.06,0.0,62.26,4.79,0.49,0.28
1995,138,33.95,20.91,15.9,0.0,59.67,4.55,0.49,0.27
1995,139,33.73,20.19,15.71,0.0,60.19,3.61,0.49,0.26
1995,140,34.96,20.1,15.1,0.0,58.06,3.49,0.49,0.25
1995,141,34.4,20.29,16.06,0.0,59.17,3.61,0.49,0.24
1995,142,32.79,20.3,15.71,0.0,59.65,3.53,0.49,0.23
1995,143,35.27,19.96,14.9,0.0,55.83,2.93,0.49,0.23
1995,144,35.43,20.29,14.98,0.0,52.68,2.64,0.49,0.22
1995,145,36.92,21.59,16.49,0.0,51.32,2.53,0.49,0.21
1995,146,36.57,23.09,18.61,8.7,59.0,2.06,0.49,0.34
1995,147,33.26,22.57,19.4,1.5,66.25,2.16,0.5,0.5
1995,148,37.88,21.88,17.82,0.03,58.45,2.31,0.5,0.43
1995,149,35.89,24.22,17.01,0.39,53.71,2.44,0.5,0.39
1995,150,34.7,22.55,18.58,0.09,60.89,3.17,0.5,0.37
1995,151,36.41,22.66,18.51,0.17,60.08,4.0,0.49,0.35
1995,152,37.8,22.2,17.68,0.03,55.81,3.83,0.49,0.32
1995,153,38.68,22.54,16.7,0.0,53.68,3.85,0.49,0.3
1995,154,38.03,23.51,17.98,0.0,56.25,4.06,0.49,0.28
1995,155,36.37,23.04,18.8,0.0,61.2,4.33,0.49,0.26
1995,156,35.85,22.93,19.38,0.0,62.27,4.47,0.49,0.25
1995,157,35.63,23.24,19.4,0.0,62.98,4.67,0.49,0.25
1995,158,35.87,23.29,19.62,0.0,63.76,4.96,0.49,0.24
1995,159,35.32,23.46,19.81,0.0,64.07,4.84,0.49,0.23
1995,160,35.42,22.88,18.88,0.0,61.23,4.57,0.49,0.23
1995,161,31.89,23.1,19.39,0.0,65.59,4.78,0.49,0.23
1995,162,34.44,22.79,18.98,0.0,63.55,4.53,0.49,0.22
1995,163,34.89,23.22,20.1,0.44,64.98,4.17,0.49,0.23
1995,164,34.46,23.21,19.81,0.09,64.23,2.24,0.49,0.23
1995,165,27.77,22.29,21.27,8.78,79.08,3.42,0.49,0.37
1995,166,30.67,21.46,20.37,11.81,76.6,3.12,0.5,0.57
1995,167,29.46,22.76,21.82,3.32,80.14,3.85,0.51,0.55
1995,168,29.43,23.74,21.97,5.05,80.96,4.54,0.51,0.54
1995,169,28.77,22.5,21.34,5.07,80.79,4.72,0.52,0.55
1995,170,31.07,22.09,20.46,1.07,75.7,4.66,0.52,0.51
1995,171,31.09,21.86,20.55,0.78,74.8,4.33,0.52,0.48
1995,172,31.03,23.18,21.25,2.91,75.66,4.7,0.52,0.49
1995,173,30.51,22.75,21.31,10.65,78.32,4.37,0.52,0.58
1995,174,31.78,22.06,20.95,2.46,75.72,4.13,0.52,0.54
1995,175,31.94,22.23,21.03,3.39,76.75,3.92,0.52,0.53
1995,176,32.36,22.53,21.04,1.28,75.68,3.73,0.52,0.51
1995,177,29.13,22.81,21.68,3.84,81.68,3.49,0.52,0.53
1995,178,30.84,22.9,21.7,4.61,80.39,3.81,0.53,0.56
1995,179,30.7,22.68,21.26,0.5,78.08,3.75,0.53,0.51
1995,180,28.19,22.72,21.84,44.35,85.61,4.06,0.54,0.72
1995,181,25.2,21.95,20.96,10.69,86.76,4.96,0.57,0.72
1995,182,27.65,22.17,21.59,0.71,84.98,5.64,0.57,0.61
1995,183,29.81,22.68,21.55,0.69,80.97,5.67,0.57,0.58
1995,184,30.29,22.47,21.42,1.68,79.71,5.24,0.57,0.57
1995,185,30.59,21.99,21.41,1.01,78.94,4.19,0.57,0.56
1995,186,31.34,22.58,21.29,2.31,77.29,3.67,0.57,0.56
1995,187,31.02,22.28,21.15,0.48,77.57,3.6,0.56,0.54
1995,188,28.23,22.21,20.98,0.44,82.33,3.25,0.56,0.54
1995,189,28.66,21.91,21.77,6.89,85.1,3.23,0.56,0.59
1995,190,30.8,23.0,22.14,5.74,81.62,3.6,0.57,0.62
1995,191,29.6,22.85,22.09,3.76,83.29,5.05,0.57,0.58
1995,192,28.41,23.1,22.2,10.85,85.49,4.96,0.58,0.65
1995,193,28.15,22.99,21.96,11.54,84.98,6.29,0.58,0.68
1995,194,27.46,22.98,22.24,39.15,87.22,5.82,0.6,0.8
1995,195,28.33,22.38,21.91,16.38,86.64,5.35,0.63,0.77
1995,196,25.93,22.58,21.76,13.75,88.51,5.3,0.63,0.75
1995,197,26.74,21.87,21.49,14.56,88.03,6.08,0.64,0.76
1995,198,26.23,22.37,21.7,20.2,88.64,6.67,0.65,0.79
1995,199,25.69,22.01,21.35,19.62,88.59,6.59,0.67,0.81
1995,200,25.04,22.16,21.77,42.5,90.79,6.38,0.69,0.88
1995,201,26.36,21.8,21.64,51.14,88.97,7.35,0.73,0.93
1995,202,25.26,22.29,21.95,49.39,92.49,6.26,0.77,0.95
1995,203,26.42,22.26,21.8,19.03,90.2,4.88,0.79,0.88
1995,204,25.43,21.62,21.48,17.98,91.19,4.43,0.8,0.88
1995,205,25.79,20.64,21.14,7.97,90.19,4.87,0.81,0.85
1995,206,27.31,21.78,21.28,5.25,87.26,5.44,0.81,0.82
1995,207,27.4,21.58,21.55,19.73,87.46,4.98,0.81,0.86
1995,208,27.85,21.44,21.65,13.87,87.8,4.31,0.82,0.86
1995,209,27.92,21.78,21.79,2.59,88.54,3.66,0.82,0.82
1995,210,27.36,21.68,21.97,3.79,90.31,3.07,0.82,0.83
1995,211,26.07,21.97,21.87,7.89,91.42,4.07,0.82,0.84
1995,212,27.25,22.26,21.99,11.51,88.56,4.52,0.83,0.85
1995,213,25.96,22.05,21.69,2.48,90.32,4.75,0.83,0.83
1995,214,26.75,22.22,21.66,3.67,89.02,5.55,0.83,0.83
1995,215,25.17,21.7,21.43,7.26,90.31,5.43,0.83,0.84
1995,216,26.49,21.29,21.43,10.1,89.61,4.64,0.83,0.85
1995,217,27.71,21.38,21.69,3.85,88.29,4.46,0.83,0.83
1995,218,27.79,21.67,21.46,1.53,87.46,4.59,0.83,0.82
1995,219,26.24,21.39,21.06,2.19,89.05,5.44,0.83,0.82
1995,220,27.06,21.49,21.16,0.74,87.44,5.52,0.83,0.81
1995,221,27.82,21.44,21.36,0.87,86.99,4.62,0.82,0.8
1995,222,27.87,21.15,21.44,1.41,87.03,2.93,0.82,0.8
1995,223,28.63,20.71,21.53,0.78,86.89,2.37,0.81,0.8
1995,224,27.66,21.57,21.39,3.98,87.56,2.97,0.81,0.81
1995,225,27.85,21.24,21.06,1.42,85.84,4.53,0.81,0.8
1995,226,26.95,21.37,21.08,0.65,86.97,4.96,0.8,0.79
1995,227,27.66,21.42,21.1,2.43,86.17,4.34,0.8,0.79
1995,228,27.73,20.75,21.01,1.55,86.58,3.32,0.8,0.79
1995,229,28.17,19.94,20.72,0.86,85.36,2.55,0.79,0.78
1995,230,28.55,20.72,21.12,1.81,85.8,2.92,0.79,0.78
1995,231,27.48,20.79,20.92,0.63,86.37,3.02,0.79,0.77
1995,232,27.05,20.5,20.62,0.57,86.29,3.11,0.78,0.77
1995,233,28.28,20.38,21.13,1.06,86.64,3.0,0.78,0.77
1995,234,28.52,20.48,21.29,0.91,86.24,2.96,0.78,0.76
1995,235,27.06,20.84,21.06,0.33,87.15,2.47,0.77,0.76
1995,236,28.05,20.49,20.8,0.23,84.29,2.25,0.77,0.75
1995,237,28.81,20.41,21.06,0.77,84.4,2.48,0.76,0.74
1995,238,27.89,21.06,21.04,1.37,85.09,3.1,0.76,0.74
1995,239,27.87,21.45,21.51,3.97,86.4,4.12,0.76,0.75
1995,240,27.44,22.25,21.75,7.17,88.09,4.25,0.76,0.77
1995,241,25.69,22.25,21.5,7.83,88.62,4.56,0.76,0.79
1995,242,27.95,21.85,21.97,11.1,88.4,4.2,0.76,0.8
1995,243,25.56,22.62,22.53,32.54,92.86,4.72,0.78,0.88
1995,244,23.46,21.23,21.27,35.32,93.36,5.34,0.81,0.92
1995,245,26.15,22.52,22.48,32.88,93.29,5.3,0.82,0.9
1995,246,24.56,20.74,21.25,90.81,92.3,5.36,0.86,0.97
1995,247,26.14,20.31,20.58,15.87,89.38,4.01,0.88,0.91
1995,248,26.37,19.86,20.36,2.45,88.24,3.33,0.88,0.87
1995,249,27.3,20.84,21.13,4.54,88.22,3.43,0.87,0.87
1995,250,25.6,17.63,19.55,12.74,88.47,2.39,0.88,0.88
1995,251,26.54,17.35,19.42,2.07,87.86,1.92,0.88,0.86
1995,252,27.27,18.96,19.93,0.77,86.55,1.74,0.87,0.85
1995,253,27.15,18.43,19.35,0.13,84.59,1.78,0.86,0.84
1995,254,26.55,19.92,19.24,1.45,83.51,1.26,0.86,0.84
1995,255,28.99,19.37,21.04,6.28,85.67,1.52,0.86,0.85
1995,256,28.39,21.87,22.3,33.4,89.28,1.13,0.87,0.92
1995,257,25.99,22.14,22.3,39.77,92.17,1.61,0.89,0.95
1995,258,27.1,21.72,22.19,14.11,91.13,2.73,0.9,0.91
1995,259,27.89,21.0,21.93,0.65,89.25,2.98,0.9,0.88
1995,260,27.96,20.97,21.66,0.37,88.09,2.49,0.9,0.87
1995,261,26.73,20.9,21.51,2.92,90.23,2.45,0.89,0.87
1995,262,26.76,20.45,21.17,0.47,90.26,2.13,0.89,0.86
1995,263,27.77,20.52,21.45,0.05,89.17,2.59,0.89,0.86
1995,264,27.61,20.26,21.05,0.01,87.97,2.31,0.88,0.85
1995,265,27.47,19.66,20.51,0.07,87.67,2.38,0.88,0.85
1995,266,27.2,19.67,20.72,3.95,89.0,2.34,0.87,0.85
1995,267,27.35,19.6,20.67,2.84,88.59,1.96,0.87,0.85
1995,268,27.15,19.91,20.85,0.63,88.49,2.12,0.87,0.84
1995,269,24.75,21.17,21.27,0.44,92.38,2.18,0.86,0.84
1995,270,28.26,20.81,21.31,1.28,87.87,1.53,0.86,0.84
1995,271,28.08,20.72,21.67,17.77,88.69,1.53,0.86,0.88
1995,272,28.45,20.93,21.63,1.73,87.47,1.62,0.87,0.85
1995,273,29.0,21.16,21.99,1.86,86.65,1.39,0.86,0.84
1995,274,29.23,20.65,21.32,7.6,81.96,1.75,0.86,0.86
1995,275,29.93,20.24,20.92,4.28,79.51,1.65,0.86,0.85
1995,276,28.2,20.71,21.41,1.56,86.97,1.11,0.86,0.84
1995,277,27.17,21.12,21.74,4.69,89.49,1.41,0.86,0.85
1995,278,28.43,20.89,21.69,15.4,86.37,1.5,0.86,0.87
1995,279,30.74,19.83,20.4,0.7,78.55,1.62,0.86,0.84
1995,280,29.68,20.17,20.78,4.05,80.05,1.69,0.85,0.84
1995,281,30.03,20.91,20.23,3.88,77.84,1.47,0.85,0.84
1995,282,29.65,18.69,18.05,0.15,73.93,2.05,0.85,0.82
1995,283,27.98,18.82,20.49,9.18,84.92,1.54,0.85,0.85
1995,284,27.26,20.76,21.96,7.89,88.85,1.46,0.85,0.86
1995,285,26.07,21.54,22.25,12.71,93.31,2.11,0.86,0.87
1995,286,27.71,20.56,21.31,3.14,88.77,1.88,0.86,0.85
1995,287,27.05,20.41,20.99,0.51,89.24,2.23,0.86,0.84
1995,288,27.16,20.08,21.16,5.53,90.04,1.47,0.85,0.85
1995,289,26.33,20.48,21.0,1.2,90.66,1.56,0.85,0.84
1995,290,28.35,20.31,21.48,1.11,88.47,1.96,0.85,0.83
1995,291,28.34,20.67,21.88,2.84,88.87,2.16,0.85,0.83
1995,292,27.36,19.71,20.72,7.6,86.78,1.48,0.85,0.85
1995,293,28.12,17.75,18.6,0.49,82.12,1.98,0.85,0.83
1995,294,28.21,15.39,14.97,0.0,70.24,2.53,0.84,0.82
1995,295,28.47,16.1,17.26,0.0,76.0,3.23,0.84,0.81
1995,296,27.55,20.07,20.13,0.99,84.02,3.0,0.83,0.81
1995,297,28.54,19.44,20.07,3.66,83.38,3.3,0.83,0.82
1995,298,28.43,19.21,19.51,0.2,80.7,2.74,0.82,0.81
1995,299,28.77,18.1,17.57,0.02,74.17,2.48,0.82,0.8
1995,300,27.86,17.36,15.42,0.0,72.02,2.46,0.82,0.79
1995,301,28.82,15.75,14.43,0.0,67.91,2.44,0.81,0.79
1995,302,28.94,16.02,15.15,0.0,69.51,2.19,0.8,0.78
1995,303,29.15,15.81,15.49,0.0,71.19,1.66,0.8,0.78
1995,304,29.16,14.91,14.64,0.0,67.41,1.55,0.8,0.77
1995,305,28.87,15.72,15.05,0.0,70.61,2.1,0.79,0.77
1995,306,27.97,14.79,13.72,0.0,68.58,2.35,0.79,0.76
1995,307,27.63,14.09,12.67,0.0,65.89,2.27,0.78,0.76
1995,308,27.42,12.0,11.52,0.0,64.64,1.68,0.78,0.76
1995,309,27.3,12.08,12.45,0.0,66.37,1.52,0.77,0.75
1995,310,27.22,12.88,12.16,0.0,65.21,1.78,0.77,0.75
1995,311,27.64,12.48,11.92,0.0,65.17,1.82,0.76,0.74
1995,312,27.71,12.58,12.3,0.0,68.9,2.07,0.76,0.74
1995,313,27.2,11.95,11.92,0.0,66.52,1.71,0.75,0.74
1995,314,26.05,15.75,14.48,0.0,73.44,1.25,0.75,0.73
1995,315,27.92,13.89,15.77,0.0,79.55,1.1,0.75,0.73
1995,316,28.92,14.92,15.74,0.0,74.27,1.23,0.74,0.73
1995,317,29.57,15.54,15.39,0.0,70.67,1.44,0.74,0.72
1995,318,28.79,14.03,13.19,0.0,66.83,1.92,0.73,0.72
1995,319,28.5,12.83,10.98,0.0,61.79,1.92,0.73,0.71
1995,320,27.75,11.74,9.98,0.0,58.52,1.75,0.73,0.71
1995,321,27.4,11.13,10.15,0.0,59.9,1.44,0.72,0.71
1995,322,28.11,12.84,13.49,0.0,70.92,1.55,0.72,0.7
1995,323,27.97,12.52,10.32,0.0,59.72,2.18,0.71,0.7
1995,324,27.72,12.24,11.57,0.01,64.04,1.88,0.71,0.69
1995,325,28.13,14.14,15.66,0.0,76.06,1.74,0.71,0.69
1995,326,24.46,17.74,17.4,0.27,83.62,1.38,0.7,0.7
1995,327,25.46,17.0,16.75,0.64,80.35,3.0,0.7,0.69
1995,328,24.25,16.08,16.07,0.61,81.0,2.35,0.7,0.69
1995,329,27.48,16.8,15.54,0.02,74.17,1.29,0.7,0.69
1995,330,27.6,14.28,14.36,0.0,73.2,1.26,0.69,0.68
1995,331,26.79,15.3,15.25,0.1,73.87,1.15,0.69,0.67
1995,332,25.14,17.01,15.62,0.01,75.32,0.76,0.69,0.67
1995,333,26.35,15.79,16.22,0.0,80.12,1.22,0.68,0.67
1995,334,28.23,14.39,15.47,0.0,76.67,1.35,0.68,0.66
1995,335,27.92,14.58,14.49,0.0,71.51,1.59,0.68,0.66
1995,336,27.32,14.82,14.27,0.0,72.02,1.3,0.67,0.65
1995,337,26.95,15.09,14.51,0.0,74.87,1.38,0.67,0.65
1995,338,27.03,13.78,12.7,0.0,69.56,1.41,0.67,0.64
1995,339,28.25,12.36,10.0,0.0,57.97,1.48,0.66,0.63
1995,340,28.29,12.39,12.0,0.0,63.28,1.55,0.66,0.63
1995,341,28.18,14.28,13.87,0.0,69.54,1.56,0.66,0.63
1995,342,27.37,13.06,9.68,0.0,56.99,2.3,0.65,0.62
1995,343,26.61,12.21,9.96,0.0,59.37,1.9,0.65,0.62
1995,344,26.62,11.75,10.46,0.0,61.92,1.55,0.65,0.61
1995,345,27.67,11.69,9.24,0.0,55.04,1.73,0.64,0.61
1995,346,27.76,12.8,10.76,0.0,62.16,2.64,0.64,0.6
1995,347,28.27,12.39,10.13,0.0,56.92,1.53,0.64,0.6
1995,348,28.32,11.97,10.72,0.0,58.41,1.02,0.64,0.59
1995,349,28.55,13.62,10.3,0.0,56.92,1.11,0.63,0.59
1995,350,28.44,12.22,10.63,0.0,57.23,1.56,0.63,0.58
1995,351,28.78,12.83,10.58,0.0,57.22,1.82,0.63,0.58
1995,352,28.72,13.15,10.71,0.0,58.2,1.99,0.62,0.57
1995,353,28.69,13.62,11.1,0.0,58.83,2.29,0.62,0.57
1995,354,28.48,13.11,9.85,0.0,55.3,1.82,0.62,0.56
1995,355,27.83,12.74,9.65,0.0,54.48,1.61,0.62,0.56
1995,356,28.65,13.08,10.89,0.0,59.81,1.4,0.61,0.56
1995,357,28.4,12.39,11.06,0.0,62.44,1.54,0.61,0.55
1995,358,26.51,13.72,10.86,0.0,62.24,1.45,0.61,0.55
1995,359,26.62,10.51,8.55,0.0,58.99,1.36,0.61,0.54
1995,360,27.6,13.16,12.96,0.0,67.61,2.27,0.6,0.54
1995,361,28.3,13.92,12.79,0.0,64.1,1.82,0.6,0.54
1995,362,28.0,13.91,12.38,0.0,63.21,1.81,0.6,0.53
1995,363,27.57,14.66,14.07,0.0,71.09,2.17,0.6,0.53
1995,364,26.69,15.49,15.16,0.0,76.45,1.27,0.59,0.53
1995,365,26.53,15.76,15.13,0.0,76.78,1.3,0.59,0.52
1996,1,27.29,14.78,15.1,0.0,77.58,1.22,0.59,0.52
1996,2,25.66,14.88,14.95,0.0,79.13,1.12,0.59,0.52
1996,3,27.76,13.43,13.56,0.01,72.84,1.48,0.59,0.51
1996,4,28.91,13.79,13.16,0.0,70.13,1.72,0.59,0.51
1996,5,28.5,13.75,14.65,0.0,75.89,1.68,0.58,0.5
1996,6,28.41,14.23,13.97,0.0,73.95,1.88,0.58,0.5
1996,7,28.54,12.82,12.07,0.0,66.93,1.51,0.58,0.49
1996,8,29.03,13.48,12.56,0.0,66.19,1.71,0.58,0.49
1996,9,28.98,13.51,12.92,0.0,70.23,1.92,0.58,0.48
1996,10,27.9,14.18,13.54,0.0,72.6,1.67,0.57,0.48
1996,11,28.74,14.02,12.1,0.0,63.48,1.3,0.57,0.48
1996,12,29.41,13.87,9.83,0.0,55.15,1.51,0.57,0.47
1996,13,29.4,13.03,9.48,0.0,57.07,1.45,0.57,0.47
1996,14,28.84,13.82,12.9,0.0,70.47,1.95,0.57,0.46
1996,15,26.14,15.1,14.69,0.0,78.44,2.64,0.56,0.46
1996,16,27.28,14.63,15.12,0.52,78.84,1.94,0.56,0.47
1996,17,28.54,11.49,9.85,0.0,63.87,1.85,0.56,0.46
1996,18,29.75,10.9,4.28,0.0,45.54,1.89,0.56,0.45
1996,19,29.85,9.65,2.82,0.0,41.63,1.57,0.56,0.45
1996,20,29.98,9.78,2.27,0.0,39.69,1.69,0.56,0.44
1996,21,30.39,10.14,1.54,0.0,36.19,1.66,0.55,0.44
1996,22,30.31,11.14,5.36,0.0,41.57,1.73,0.55,0.43
1996,23,30.7,13.24,7.98,0.0,44.31,1.61,0.55,0.43
1996,24,30.85,13.4,5.83,0.0,40.55,2.13,0.55,0.43
1996,25,31.13,13.26,6.59,0.0,45.07,1.4,0.55,0.43
1996,26,31.18,14.21,8.78,0.0,48.66,1.81,0.55,0.42
1996,27,31.86,13.93,8.53,0.0,47.34,1.36,0.54,0.42
1996,28,32.02,14.9,8.24,0.0,43.82,1.71,0.54,0.42
1996,29,32.42,15.14,9.2,0.0,44.31,1.67,0.54,0.41
1996,30,32.81,15.25,8.53,0.0,43.56,1.62,0.54,0.41
1996,31,33.08,14.71,6.37,0.0,38.53,1.7,0.54,0.41
1996,32,31.78,14.01,7.7,6.07,44.7,1.8,0.54,0.5
1996,33,32.02,14.08,5.87,0.0,38.36,1.58,0.54,0.45
1996,34,31.93,13.26,5.82,0.0,37.89,1.62,0.54,0.43
1996,35,32.3,16.46,9.69,0.0,46.09,1.74,0.54,0.43
1996,36,32.31,15.94,9.22,0.0,43.5,1.47,0.53,0.43
1996,37,32.66,16.4,9.96,0.0,45.57,1.63,0.53,0.42
1996,38,32.64,16.48,9.01,0.0,44.02,2.02,0.53,0.42
1996,39,30.86,16.14,8.7,0.0,42.7,2.03,0.53,0.41
1996,40,29.7,14.78,8.1,0.18,47.07,2.09,0.53,0.41
1996,41,29.26,11.6,3.99,0.02,45.33,1.85,0.53,0.41
1996,42,30.04,10.59,0.03,0.0,32.71,1.98,0.52,0.41
1996,43,30.96,11.2,4.32,0.0,36.77,1.97,0.52,0.4
1996,44,30.67,13.98,8.72,0.0,44.58,1.98,0.52,0.4
1996,45,32.26,16.75,7.73,0.01,40.09,2.07,0.52,0.4
1996,46,31.47,15.53,8.12,0.0,42.95,2.04,0.52,0.4
1996,47,32.61,14.39,9.77,0.0,41.61,2.11,0.52,0.39
1996,48,34.41,19.91,13.03,0.0,46.05,1.6,0.52,0.39
1996,49,34.85,18.0,9.63,0.0,39.27,1.84,0.52,0.38
1996,50,35.06,16.42,7.56,0.0,36.94,2.19,0.51,0.38
1996,51,34.49,17.9,7.94,0.0,39.1,2.18,0.51,0.37
1996,52,33.64,15.96,8.35,0.0,46.45,2.3,0.51,0.37
1996,53,33.96,15.67,9.86,0.0,54.32,1.85,0.51,0.37
1996,54,35.04,15.03,10.02,0.0,59.58,2.11,0.51,0.36
1996,55,33.01,13.75,9.46,0.0,56.13,1.98,0.51,0.35
1996,56,30.68,14.74,12.89,0.0,65.57,2.46,0.51,0.36
1996,57,30.48,16.09,12.69,0.0,62.09,3.02,0.51,0.36
1996,58,33.28,14.84,8.18,0.0,43.73,1.83,0.51,0.35
1996,59,35.25,15.52,7.74,0.0,40.4,1.6,0.51,0.34
1996,60,36.0,16.37,7.03,0.0,36.35,1.9,0.5,0.32
1996,61,36.26,16.78,4.53,0.0,31.83,1.84,0.5,0.31
1996,62,35.28,18.01,6.89,0.0,35.43,2.17,0.5,0.3
1996,63,34.52,15.86,4.18,0.0,31.8,1.86,0.5,0.3
1996,64,34.73,15.54,-0.71,0.0,22.72,1.94,0.5,0.28
1996,65,35.13,15.5,-0.85,0.0,23.16,1.85,0.5,0.28
1996,66,35.76,15.49,0.67,0.0,25.51,1.66,0.5,0.27
1996,67,36.19,16.13,2.17,0.0,27.38,1.62,0.5,0.26
1996,68,37.11,17.08,1.39,0.0,22.9,1.8,0.5,0.26
1996,69,37.53,17.49,2.69,0.0,23.82,1.9,0.5,0.25
1996,70,37.65,18.64,3.34,0.0,25.01,2.15,0.5,0.24
1996,71,38.24,20.05,9.83,0.0,42.98,1.37,0.5,0.24
1996,72,36.74,19.73,10.9,0.0,42.41,1.1,0.5,0.24
1996,73,37.73,21.87,10.17,0.0,36.11,1.36,0.5,0.24
1996,74,37.8,20.68,12.61,0.0,49.26,1.85,0.5,0.23
1996,75,37.72,20.67,14.43,0.0,51.0,2.33,0.5,0.23
1996,76,36.17,19.82,16.17,0.0,60.84,3.08,0.5,0.23
1996,77,34.87,20.19,15.72,0.0,60.56,2.91,0.5,0.23
1996,78,35.5,18.22,14.27,0.0,56.51,2.59,0.5,0.23
1996,79,36.3,19.44,11.76,0.0,44.17,2.73,0.49,0.23
1996,80,36.79,17.74,11.25,0.0,43.19,2.49,0.49,0.23
1996,81,37.59,19.29,8.52,0.0,35.1,2.4,0.49,0.22
1996,82,38.19,18.53,11.05,0.0,41.43,2.54,0.49,0.22
1996,83,38.91,21.43,7.57,0.0,27.21,2.52,0.49,0.21
1996,84,39.85,21.85,6.05,0.0,24.84,2.26,0.49,0.21
1996,85,40.34,20.76,7.61,0.0,30.61,2.41,0.49,0.2
1996,86,38.45,19.9,10.49,0.0,39.54,2.9,0.49,0.2
1996,87,37.68,17.34,11.96,0.0,51.12,2.95,0.49,0.2
1996,88,39.64,17.94,12.71,0.0,50.94,2.98,0.49,0.19
1996,89,39.6,19.11,10.18,0.0,43.57,3.23,0.49,0.19
1996,90,37.91,18.15,11.11,0.0,48.84,2.77,0.49,0.19
1996,91,36.71,16.74,9.48,0.0,43.64,2.72,0.49,0.19
1996,92,38.76,17.32,-4.04,0.0,14.59,2.35,0.49,0.18
1996,93,39.86,17.17,-2.67,0.0,18.17,2.2,0.49,0.18
1996,94,39.91,17.87,0.87,0.0,26.53,2.28,0.49,0.17
1996,95,38.5,17.05,8.47,0.0,43.04,2.26,0.49,0.17
1996,96,38.01,17.59,9.04,0.0,45.16,2.28,0.49,0.17
1996,97,38.21,17.43,7.27,0.0,35.14,2.14,0.49,0.17
1996,98,38.77,20.57,4.3,0.0,22.12,2.5,0.49,0.16
1996,99,38.4,24.69,4.77,0.0,20.01,2.34,0.49,0.16
1996,100,38.66,21.47,2.01,0.04,20.47,3.02,0.49,0.16
1996,101,37.59,18.3,6.13,0.02,32.75,2.85,0.49,0.16
1996,102,36.58,17.2,8.65,0.0,45.81,2.62,0.49,0.15
1996,103,38.55,18.28,9.44,0.0,38.72,2.0,0.49,0.15
1996,104,36.91,20.33,13.25,1.08,42.22,1.47,0.49,0.17
1996,105,35.57,22.42,14.7,1.37,45.62,1.73,0.49,0.22
1996,106,34.28,22.91,14.19,0.0,44.69,1.35,0.49,0.24
1996,107,36.26,21.28,13.88,0.27,47.81,2.57,0.49,0.23
1996,108,36.92,20.58,14.89,0.25,55.09,2.98,0.49,0.23
1996,109,37.84,19.73,15.21,0.0,54.98,2.73,0.49,0.23
1996,110,36.05,20.8,14.81,0.0,52.63,3.36,0.49,0.22
1996,111,37.09,20.63,12.94,0.0,49.24,3.17,0.49,0.21
1996,112,36.46,18.45,13.01,0.0,53.89,3.22,0.49,0.21
1996,113,37.23,18.12,12.59,0.0,52.59,2.62,0.49,0.2
1996,114,39.11,18.21,11.72,0.0,46.37,2.4,0.49,0.19
1996,115,38.87,19.98,11.49,0.0,41.93,3.14,0.49,0.19
1996,116,39.42,18.84,12.92,0.0,50.56,2.97,0.49,0.18
1996,117,39.18,20.65,15.11,0.0,54.15,3.21,0.49,0.18
1996,118,38.29,20.94,16.15,0.0,56.75,3.5,0.49,0.17
1996,119,39.85,20.91,15.81,0.0,55.64,3.59,0.49,0.17
1996,120,39.27,20.78,15.92,0.0,55.51,3.95,0.49,0.17
1996,121,40.1,21.27,16.35,0.0,54.73,3.73,0.49,0.17
1996,122,38.83,20.93,14.79,0.0,52.93,3.86,0.49,0.16
1996,123,38.41,20.7,15.11,0.0,53.49,3.64,0.49,0.16
1996,124,38.01,19.82,13.2,0.0,45.14,3.3,0.49,0.16
1996,125,38.52,19.35,8.31,0.0,34.83,3.18,0.49,0.16
1996,126,38.09,19.43,10.47,0.0,39.48,3.01,0.49,0.15
1996,127,38.13,20.01,14.23,0.0,52.54,2.99,0.49,0.15
1996,128,39.18,20.61,14.26,0.0,51.02,2.98,0.49,0.15
1996,129,38.73,20.72,14.88,0.0,53.34,3.3,0.49,0.15
1996,130,36.54,21.11,15.78,0.0,57.71,4.04,0.49,0.15
1996,131,35.7,19.03,13.07,0.0,53.93,3.5,0.49,0.14
1996,132,36.48,17.86,9.61,0.0,46.82,3.02,0.49,0.14
1996,133,36.89,17.38,12.14,0.0,52.82,2.99,0.49,0.14
1996,134,35.67,18.56,14.69,0.0,58.27,3.54,0.49,0.14
1996,135,34.85,19.84,16.07,0.0,61.19,4.05,0.49,0.14
1996,136,36.39,18.98,15.8,0.0,57.74,3.43,0.49,0.14
1996,137,37.39,21.04,16.6,0.0,57.02,3.49,0.49,0.14
1996,138,38.53,21.06,15.64,0.0,53.23,3.33,0.49,0.14
1996,139,37.61,21.27,17.05,0.0,56.9,3.74,0.49,0.14
1996,140,36.53,21.95,15.87,0.0,55.51,3.77,0.49,0.13
1996,141,36.98,20.66,15.73,0.0,56.28,3.24,0.49,0.13
1996,142,39.36,21.32,16.47,0.0,55.65,3.66,0.49,0.13
1996,143,40.16,21.62,17.32,0.0,53.5,3.41,0.49,0.13
1996,144,38.16,23.52,17.33,0.02,51.42,3.67,0.49,0.13
1996,145,34.93,23.57,17.99,2.91,59.83,3.45,0.49,0.19
1996,146,38.77,23.28,18.55,0.94,56.15,3.59,0.49,0.27
1996,147,39.6,23.75,18.57,0.0,54.74,3.32,0.49,0.26
1996,148,34.8,23.24,18.93,0.03,62.28,3.95,0.49,0.25
1996,149,35.32,22.39,17.63,0.06,60.28,4.3,0.49,0.24
1996,150,36.37,22.04,17.49,0.0,59.12,3.95,0.49,0.23
1996,151,38.07,22.47,18.35,0.0,58.22,3.72,0.49,0.23
1996,152,36.91,23.97,19.03,0.0,58.09,2.93,0.49,0.22
1996,153,33.06,24.29,19.0,0.05,61.92,3.16,0.49,0.22
1996,154,35.86,23.09,19.54,0.06,62.71,4.1,0.49,0.21
1996,155,36.35,23.03,19.41,0.13,62.06,3.68,0.49,0.21
1996,156,37.71,23.62,18.63,0.0,58.58,3.94,0.49,0.21
1996,157,35.93,23.65,18.78,0.68,60.38,4.05,0.49,0.21
1996,158,36.29,23.32,18.4,0.63,59.96,3.42,0.49,0.24
1996,159,35.75,23.61,19.6,6.27,63.1,2.54,0.49,0.34
1996,160,30.35,23.44,21.79,7.38,78.32,2.0,0.5,0.55
1996,161,30.54,23.76,22.04,5.66,78.92,1.9,0.51,0.55
1996,162,30.66,23.23,21.72,8.22,78.45,2.33,0.51,0.57
1996,163,32.11,22.27,20.81,3.37,72.27,1.78,0.51,0.54
1996,164,31.94,23.08,21.5,3.01,75.54,1.91,0.51,0.52
1996,165,29.63,23.55,22.89,67.63,83.19,1.18,0.53,0.77
1996,166,30.54,23.19,22.8,24.27,82.49,1.58,0.58,0.79
1996,167,29.24,23.49,23.27,48.92,87.41,2.55,0.6,0.85
1996,168,29.12,22.72,22.43,20.08,85.89,4.49,0.62,0.81
1996,169,27.39,22.43,22.08,6.08,85.36,6.19,0.64,0.74
1996,170,28.96,23.43,22.42,19.21,83.35,8.71,0.64,0.77
1996,171,26.61,22.47,21.65,51.43,86.96,8.77,0.66,0.89
1996,172,27.81,22.15,21.35,21.11,84.79,6.17,0.69,0.84
1996,173,28.33,21.73,21.28,4.33,84.06,5.24,0.7,0.76
1996,174,28.68,21.39,21.16,1.19,83.53,4.6,0.7,0.73
1996,175,28.76,22.18,21.38,0.52,83.02,4.72,0.69,0.7
1996,176,25.73,22.14,21.34,3.79,87.99,4.05,0.69,0.72
1996,177,28.6,21.7,21.24,3.01,83.9,4.25,0.69,0.71
1996,178,28.75,21.19,20.53,0.36,81.73,3.96,0.69,0.69
1996,179,28.62,21.2,20.39,0.0,81.93,3.98,0.68,0.68
1996,180,28.05,21.0,20.4,0.0,81.87,4.05,0.68,0.67
1996,181,28.1,21.53,20.69,1.24,82.63,5.21,0.68,0.67
1996,182,28.23,21.19,20.34,1.42,81.78,5.22,0.67,0.67
1996,183,28.71,21.32,20.72,1.51,82.6,5.04,0.67,0.67
1996,184,28.96,21.53,21.16,1.6,83.25,3.46,0.67,0.67
1996,185,27.94,22.12,21.54,3.81,86.67,3.24,0.67,0.69
1996,186,28.21,21.6,21.63,13.52,85.98,3.05,0.67,0.74
1996,187,28.34,21.88,21.44,5.75,84.41,3.73,0.68,0.73
1996,188,29.59,21.31,21.19,0.44,82.53,3.75,0.68,0.68
1996,189,26.36,22.08,21.6,1.22,87.52,2.25,0.67,0.69
1996,190,28.27,21.03,21.14,4.34,83.72,1.62,0.67,0.7
1996,191,27.74,21.54,21.86,45.0,87.74,2.15,0.69,0.83
1996,192,27.48,21.31,21.72,7.63,87.17,2.2,0.71,0.78
1996,193,28.1,21.72,21.78,9.02,87.84,3.12,0.71,0.78
1996,194,28.35,21.5,21.88,16.4,87.33,3.3,0.71,0.8
1996,195,25.48,22.19,22.13,13.31,91.5,4.08,0.73,0.81
1996,196,27.12,22.72,22.4,7.76,90.21,3.89,0.73,0.79
1996,197,27.3,22.25,22.17,11.14,88.87,3.67,0.74,0.8
1996,198,27.31,22.38,22.14,9.16,88.74,5.02,0.74,0.79
1996,199,27.59,22.05,21.77,9.64,87.26,5.99,0.75,0.79
1996,200,26.86,21.59,21.91,12.0,88.57,5.5,0.75,0.81
1996,201,26.72,21.57,21.8,17.18,88.93,5.33,0.76,0.82
1996,202,27.43,21.93,21.68,21.24,87.47,6.1,0.78,0.86
1996,203,24.62,21.5,21.14,11.07,90.36,5.02,0.78,0.83
1996,204,25.01,21.29,21.29,49.39,91.97,5.48,0.8,0.93
1996,205,25.68,21.37,21.64,76.86,91.07,6.76,0.84,0.97
1996,206,25.64,21.8,21.52,39.51,90.45,6.62,0.87,0.94
1996,207,25.82,21.83,21.66,11.22,91.37,6.11,0.88,0.9
1996,208,24.45,21.95,21.52,5.01,91.78,6.26,0.88,0.88
1996,209,24.29,22.35,21.77,6.28,93.18,6.76,0.88,0.88
1996,210,25.45,21.81,21.57,21.75,90.49,6.81,0.88,0.91
1996,211,25.74,21.55,21.41,47.59,90.42,6.44,0.9,0.96
1996,212,25.53,21.57,21.27,29.36,90.55,6.14,0.92,0.95
1996,213,25.95,21.38,21.1,13.0,89.74,6.07,0.92,0.92
1996,214,24.73,21.2,21.22,13.93,92.87,5.72,0.92,0.92
1996,215,23.65,21.63,21.32,15.21,93.85,6.18,0.93,0.92
1996,216,26.03,21.5,21.64,10.61,91.28,6.04,0.93,0.92
1996,217,26.95,21.66,21.66,4.54,90.52,4.78,0.93,0.91
1996,218,24.9,21.54,21.35,3.4,91.75,4.8,0.93,0.9
1996,219,26.77,21.34,21.26,3.42,89.08,5.47,0.92,0.9
1996,220,26.16,20.94,21.08,4.2,89.53,5.93,0.92,0.9
1996,221,25.96,20.92,20.91,5.13,89.71,6.14,0.92,0.89
1996,222,25.21,20.87,20.84,6.63,90.82,5.5,0.92,0.9
1996,223,26.15,21.13,21.1,4.56,90.51,4.39,0.91,0.89
1996,224,26.83,21.08,21.46,5.98,89.72,3.68,0.91,0.89
1996,225,26.74,20.72,21.21,4.59,89.6,3.63,0.91,0.89
1996,226,26.72,20.95,21.13,2.8,89.54,3.99,0.91,0.88
1996,227,26.73,21.06,21.32,3.09,89.99,3.75,0.91,0.88
1996,228,26.38,20.92,21.21,5.62,90.04,3.36,0.9,0.88
1996,229,26.35,20.6,21.1,2.3,89.79,2.68,0.9,0.88
1996,230,25.43,20.98,21.22,5.5,91.09,2.65,0.9,0.88
1996,231,27.2,20.63,21.29,5.6,89.68,2.84,0.9,0.88
1996,232,26.37,20.89,21.11,3.12,89.62,3.19,0.9,0.88
1996,233,25.25,20.83,21.12,3.64,91.75,2.98,0.9,0.88
1996,234,25.62,20.74,21.16,7.34,91.17,2.97,0.9,0.89
1996,235,26.75,20.4,20.92,3.03,89.07,2.9,0.9,0.87
1996,236,27.15,20.27,21.01,1.08,88.69,2.45,0.89,0.87
1996,237,25.89,20.26,20.85,2.33,90.08,2.16,0.89,0.87
1996,238,26.89,20.12,20.83,9.63,89.44,2.75,0.89,0.89
1996,239,27.11,20.26,21.06,11.61,89.9,3.39,0.89,0.89
1996,240,24.45,20.97,21.02,17.31,93.6,3.93,0.9,0.91
1996,241,24.54,20.57,20.75,5.77,92.73,4.13,0.9,0.89
1996,242,23.43,20.53,20.55,3.62,94.1,4.59,0.9,0.88
1996,243,25.04,20.33,20.6,27.85,91.9,3.83,0.91,0.93
1996,244,26.41,19.8,20.69,10.43,90.96,3.22,0.92,0.91
1996,245,26.63,19.81,20.86,1.17,89.92,2.75,0.92,0.89
1996,246,25.92,20.62,20.94,0.05,90.55,2.32,0.91,0.88
1996,247,24.64,20.26,20.54,4.54,91.51,1.91,0.91,0.89
1996,248,27.25,19.91,21.08,1.42,90.04,2.72,0.91,0.88
1996,249,27.02,20.99,21.49,1.0,89.53,1.65,0.9,0.88
1996,250,25.36,20.57,21.16,16.78,92.4,1.84,0.91,0.91
1996,251,25.32,20.04,21.07,4.88,92.99,2.73,0.91,0.9
1996,252,25.41,20.51,20.77,11.34,91.44,3.1,0.91,0.9
1996,253,26.5,19.51,20.85,8.31,91.18,2.6,0.91,0.9
1996,254,27.97,20.07,21.49,3.68,90.32,2.09,0.91,0.89
1996,255,26.71,20.96,21.59,1.75,91.55,2.41,0.91,0.88
1996,256,25.38,21.0,21.49,4.72,93.13,2.33,0.91,0.89
1996,257,24.85,21.05,21.76,5.58,94.54,2.56,0.91,0.89
1996,258,25.33,21.78,22.02,15.61,94.74,3.57,0.92,0.92
1996,259,25.99,20.64,21.19,4.88,91.56,3.33,0.92,0.9
1996,260,25.76,20.32,20.78,3.27,90.76,3.08,0.92,0.9
1996,261,26.68,19.94,20.83,1.84,89.63,2.65,0.91,0.88
1996,262,27.03,19.31,20.53,3.78,89.37,2.38,0.91,0.88
1996,263,25.76,18.82,20.04,11.36,90.37,2.3,0.91,0.9
1996,264,26.96,18.13,19.63,3.29,88.02,1.91,0.91,0.89
1996,265,27.59,18.64,19.42,4.6,83.93,1.11,0.9,0.88
1996,266,25.62,20.05,20.54,4.05,89.96,1.3,0.9,0.88
1996,267,27.85,19.49,20.74,17.15,87.39,1.44,0.9,0.9
1996,268,29.45,18.76,20.37,9.13,82.93,1.07,0.91,0.9
1996,269,29.0,19.6,21.34,9.86,86.06,1.36,0.91,0.9
1996,270,28.19,21.02,21.81,3.77,88.15,1.73,0.91,0.89
1996,271,27.87,20.84,21.47,5.5,88.11,2.02,0.91,0.89
1996,272,27.48,20.71,21.12,25.57,87.64,1.82,0.91,0.92
1996,273,28.26,20.99,21.35,5.16,88.16,1.55,0.92,0.9
1996,274,27.65,20.82,21.25,0.08,87.75,2.14,0.91,0.88
1996,275,26.72,20.55,21.19,0.31,89.41,2.33,0.91,0.88
1996,276,26.4,21.19,21.46,10.42,90.48,1.72,0.91,0.89
1996,277,26.66,20.7,22.01,84.18,92.9,2.07,0.93,0.98
1996,278,24.45,19.79,20.97,51.09,93.11,4.03,0.95,0.98
1996,279,25.41,19.02,19.83,6.33,90.49,1.96,0.95,0.94
1996,280,25.86,17.8,19.48,1.7,89.42,1.51,0.95,0.92
1996,281,27.46,18.54,19.66,0.38,86.04,0.9,0.94,0.91
1996,282,28.44,19.65,20.65,0.0,85.93,1.05,0.94,0.91
1996,283,28.31,20.33,20.21,0.0,82.41,2.19,0.93,0.9
1996,284,28.07,17.93,18.14,0.0,78.75,1.94,0.93,0.89
1996,285,27.22,16.12,16.33,0.0,75.88,2.54,0.92,0.89
1996,286,28.02,16.59,17.04,0.0,77.42,2.7,0.91,0.88
1996,287,27.37,15.79,16.4,0.0,77.68,2.82,0.91,0.87
1996,288,27.11,15.23,16.0,0.0,77.8,2.86,0.9,0.87
1996,289,27.31,14.75,15.7,0.0,75.88,2.51,0.9,0.86
1996,290,27.41,14.92,15.7,0.0,76.72,2.67,0.89,0.86
1996,291,27.36,14.48,15.31,0.0,75.41,2.58,0.88,0.85
1996,292,27.96,14.22,17.29,0.0,79.51,2.17,0.88,0.85
1996,293,24.9,19.06,19.9,0.46,88.64,2.51,0.87,0.85
1996,294,26.62,20.0,20.83,3.12,89.21,2.74,0.87,0.85
1996,295,27.25,20.81,21.18,10.16,87.98,2.23,0.87,0.87
1996,296,27.7,20.06,21.32,15.24,89.3,1.58,0.88,0.89
1996,297,25.39,20.67,20.77,7.75,89.97,1.44,0.88,0.88
1996,298,26.91,19.19,20.3,3.08,88.94,3.08,0.88,0.87
1996,299,25.84,18.97,19.59,2.08,89.11,3.42,0.88,0.86
1996,300,26.13,17.14,18.54,2.04,87.65,2.22,0.88,0.86
1996,301,26.58,17.67,19.02,2.38,87.07,1.4,0.88,0.86
1996,302,26.75,18.4,19.92,1.51,89.03,1.17,0.87,0.85
1996,303,26.96,19.31,19.92,0.95,87.78,1.27,0.87,0.85
1996,304,26.63,16.93,16.04,0.02,75.17,1.28,0.86,0.84
1996,305,26.83,13.64,14.18,0.0,71.56,1.49,0.86,0.83
1996,306,27.14,13.32,13.55,0.0,68.18,1.61,0.85,0.83
1996,307,27.31,13.67,13.05,0.0,66.31,1.63,0.85,0.82
1996,308,26.72,13.03,12.36,0.0,65.85,1.61,0.84,0.82
1996,309,26.38,12.41,12.69,0.0,68.99,1.54,0.84,0.82
1996,310,26.17,12.3,12.43,0.0,69.48,1.63,0.83,0.81
1996,311,25.77,11.92,12.22,0.0,69.8,1.9,0.83,0.81
1996,312,26.99,12.82,12.67,0.0,69.25,2.08,0.82,0.8
1996,313,27.3,12.24,14.99,0.44,74.49,1.57,0.82,0.8
1996,314,26.85,19.0,19.85,3.51,89.85,2.04,0.82,0.82
1996,315,26.21,16.93,17.69,0.09,84.67,1.42,0.82,0.8
1996,316,26.1,16.24,17.46,0.01,85.13,1.5,0.81,0.8
1996,317,26.87,15.21,17.24,0.01,84.55,1.48,0.81,0.79
1996,318,27.04,15.03,16.77,0.0,81.48,1.43,0.8,0.79
1996,319,27.27,14.92,16.05,0.0,75.51,1.84,0.8,0.78
1996,320,26.95,16.05,15.05,0.0,74.31,2.44,0.79,0.77
1996,321,24.59,13.99,12.4,0.0,70.77,2.41,0.79,0.77
1996,322,26.13,13.1,13.08,0.0,72.15,2.18,0.79,0.77
1996,323,26.62,12.85,12.21,0.0,68.25,2.51,0.78,0.76
1996,324,26.28,12.25,11.64,0.0,66.36,1.86,0.78,0.76
1996,325,26.79,12.44,11.92,0.0,67.51,2.0,0.77,0.76
1996,326,26.53,12.92,11.18,0.0,63.75,2.24,0.77,0.75
1996,327,26.93,12.25,15.01,0.0,75.0,1.78,0.77,0.75
1996,328,27.78,17.12,17.52,0.0,78.02,1.78,0.76,0.75
1996,329,26.49,15.49,14.18,0.0,70.79,1.88,0.76,0.74
1996,330,27.06,13.25,12.55,0.0,66.54,1.8,0.76,0.74
1996,331,27.48,13.68,13.19,0.0,67.95,1.75,0.75,0.74
1996,332,27.53,13.61,12.92,0.0,66.29,1.63,0.75,0.73
1996,333,27.49,13.29,12.98,0.0,67.86,1.6,0.74,0.73
1996,334,27.36,13.38,13.56,0.0,71.61,1.47,0.74,0.73
1996,335,26.67,13.04,12.23,0.0,65.64,1.31,0.74,0.72
1996,336,26.58,11.71,11.86,0.0,69.32,1.3,0.73,0.72
1996,337,26.44,11.75,11.62,0.0,67.35,1.17,0.73,0.72
1996,338,26.02,11.12,10.59,0.0,66.02,1.76,0.73,0.71
1996,339,26.05,10.37,9.35,0.0,62.7,1.42,0.72,0.71
1996,340,25.92,12.58,9.79,0.0,62.45,1.28,0.72,0.71
1996,341,26.89,10.04,9.07,0.0,59.2,1.58,0.71,0.7
1996,342,27.07,11.68,11.59,0.0,66.53,2.05,0.71,0.7
1996,343,27.41,13.77,12.74,0.0,68.26,2.51,0.71,0.7
1996,344,26.72,11.95,9.39,0.0,59.21,2.38,0.7,0.69
1996,345,24.74,10.82,7.08,0.0,56.96,2.38,0.7,0.69
1996,346,25.81,10.44,4.79,0.0,47.76,2.51,0.7,0.68
1996,347,26.35,9.69,4.68,0.0,48.65,2.75,0.69,0.68
1996,348,27.59,10.73,9.33,0.0,57.74,2.63,0.69,0.67
1996,349,28.57,15.39,15.56,0.0,72.26,2.56,0.69,0.67
1996,350,28.23,16.54,16.82,0.0,76.09,2.3,0.68,0.67
1996,351,28.07,17.25,16.75,0.0,74.63,2.59,0.68,0.66
1996,352,24.38,18.32,18.09,0.0,85.58,2.92,0.68,0.67
1996,353,25.3,17.72,15.55,0.02,75.27,2.71,0.68,0.66
1996,354,24.16,14.73,10.6,0.0,60.49,2.16,0.67,0.66
1996,355,26.51,13.45,9.21,0.0,56.47,2.1,0.67,0.65
1996,356,27.23,12.5,8.03,0.0,51.37,1.89,0.67,0.65
1996,357,27.51,12.05,9.8,0.0,57.81,1.6,0.66,0.64
1996,358,27.79,12.83,11.35,0.0,62.11,1.44,0.66,0.64
1996,359,27.76,11.5,8.46,0.0,52.07,1.4,0.66,0.63
1996,360,27.86,12.04,9.6,0.0,55.53,1.23,0.66,0.63
1996,361,27.16,11.96,9.57,0.0,55.73,1.46,0.65,0.63
1996,362,26.8,13.5,10.49,0.0,59.18,1.93,0.65,0.62
1996,363,26.88,12.94,8.99,0.0,56.47,2.2,0.65,0.61
1996,364,26.57,11.48,8.8,0.0,55.18,2.03,0.64,0.61
1996,365,26.54,11.78,10.25,0.0,61.9,1.94,0.64,0.61
1996,366,26.22,10.49,7.69,0.0,55.95,2.42,0.64,0.6
1997,1,25.66,11.0,8.18,0.0,57.92,2.7,0.64,0.6
1997,2,26.32,10.29,7.84,0.0,54.98,1.68,0.63,0.59
1997,3,27.03,10.68,8.83,0.0,58.43,1.44,0.63,0.59
1997,4,26.43,11.51,8.28,0.0,58.42,1.36,0.63,0.59
1997,5,26.3,11.72,10.24,0.0,63.59,0.92,0.62,0.58
1997,6,26.51,12.63,12.14,0.0,64.13,2.0,0.62,0.58
1997,7,26.33,13.22,11.1,0.0,62.11,2.31,0.62,0.58
1997,8,25.65,11.85,8.75,0.0,57.22,2.98,0.62,0.57
1997,9,26.96,11.87,7.04,0.0,48.55,3.01,0.61,0.56
1997,10,27.59,12.5,9.93,0.0,56.96,2.17,0.61,0.56
1997,11,27.64,12.94,12.52,0.0,65.48,1.35,0.61,0.55
1997,12,27.39,14.35,14.04,0.0,68.88,1.35,0.61,0.55
1997,13,27.18,15.24,13.81,0.0,68.81,1.64,0.6,0.55
1997,14,26.88,13.58,8.98,0.14,54.18,1.71,0.6,0.54
1997,15,26.46,11.49,7.76,0.32,55.1,1.78,0.6,0.54
1997,16,26.99,9.17,4.31,0.0,45.27,1.45,0.6,0.53
1997,17,28.09,12.15,11.22,0.0,61.69,2.42,0.59,0.53
1997,18,28.06,13.49,12.01,0.0,65.95,2.49,0.59,0.52
1997,19,25.32,13.74,13.89,0.0,78.23,2.17,0.59,0.52
1997,20,24.11,11.89,14.22,1.75,80.55,2.64,0.59,0.54
1997,21,24.67,9.0,5.29,0.16,59.92,1.58,0.59,0.53
1997,22,26.24,6.85,0.3,0.0,40.46,1.69,0.59,0.52
1997,23,29.03,8.88,1.41,0.0,39.3,1.94,0.58,0.51
1997,24,29.3,10.36,4.05,0.0,42.86,1.78,0.58,0.5
1997,25,29.76,11.19,6.32,0.0,47.39,1.96,0.58,0.49
1997,26,30.07,11.17,6.47,0.0,48.41,1.73,0.58,0.49
1997,27,30.21,11.78,7.17,0.0,50.15,2.04,0.57,0.48
1997,28,30.22,11.11,6.48,0.0,47.97,1.89,0.57,0.47
1997,29,30.38,11.56,7.73,0.0,50.75,1.6,0.57,0.47
1997,30,29.19,13.46,8.32,0.0,50.57,1.95,0.57,0.47
1997,31,27.18,11.55,9.53,0.0,61.82,2.08,0.57,0.47
1997,32,28.4,10.72,7.84,0.0,59.52,1.88,0.56,0.46
1997,33,27.49,11.83,10.66,0.0,67.92,2.14,0.56,0.46
1997,34,26.74,13.35,12.57,0.0,71.83,2.2,0.56,0.46
1997,35,29.28,11.13,7.35,0.0,53.97,1.66,0.56,0.45
1997,36,30.05,11.74,4.95,0.0,43.38,1.5,0.56,0.45
1997,37,29.88,14.17,5.23,0.0,42.28,1.95,0.56,0.44
1997,38,30.77,10.73,2.37,0.0,40.83,1.78,0.55,0.44
1997,39,29.76,11.37,2.49,0.0,41.16,2.46,0.55,0.43
1997,40,28.17,12.56,10.06,0.0,64.42,2.42,0.55,0.44
1997,41,29.68,10.01,4.48,0.0,48.11,1.66,0.55,0.43
1997,42,31.44,10.63,-1.09,0.0,29.07,2.06,0.55,0.42
1997,43,31.89,11.45,-2.42,0.0,24.36,2.1,0.54,0.42
1997,44,31.84,10.48,-3.2,0.0,24.61,2.08,0.54,0.41
1997,45,32.63,10.83,-1.86,0.0,27.5,1.69,0.54,0.41
1997,46,32.63,11.49,1.18,0.0,32.64,2.16,0.54,0.41
1997,47,30.43,12.67,6.01,0.0,45.73,2.58,0.54,0.41
1997,48,31.59,11.6,9.48,0.0,58.82,2.28,0.54,0.41
1997,49,28.63,12.78,11.23,0.0,68.98,2.33,0.54,0.41
1997,50,29.92,12.15,8.65,0.0,59.94,1.89,0.53,0.41
1997,51,31.84,13.09,2.69,0.0,40.35,1.48,0.53,0.4
1997,52,33.25,11.81,3.81,0.0,41.86,1.47,0.53,0.4
1997,53,33.43,12.2,2.44,0.0,34.2,2.06,0.53,0.39
1997,54,33.46,13.46,0.48,0.0,27.29,2.25,0.53,0.39
1997,55,33.99,13.82,0.78,0.0,26.71,1.48,0.53,0.38
1997,56,34.58,14.35,0.17,0.0,25.88,1.51,0.52,0.38
1997,57,35.13,15.08,3.16,0.0,31.4,1.81,0.52,0.38
1997,58,35.88,17.34,4.26,0.0,30.62,1.93,0.52,0.37
1997,59,36.49,16.49,0.58,0.0,23.1,2.79,0.52,0.37
1997,60,35.79,15.65,-0.85,0.0,21.66,2.19,0.52,0.36
1997,61,35.78,13.99,2.14,0.0,27.1,1.96,0.52,0.36
1997,62,35.4,15.18,3.82,0.0,31.26,1.88,0.51,0.36
1997,63,33.23,18.72,6.43,0.0,33.98,1.6,0.51,0.36
1997,64,35.18,18.25,5.17,0.0,31.61,1.25,0.51,0.35
1997,65,34.16,17.38,5.21,0.0,32.6,1.59,0.51,0.35
1997,66,35.64,16.22,4.39,0.0,28.55,1.62,0.51,0.34
1997,67,36.59,17.69,5.38,0.0,28.96,1.91,0.51,0.33
1997,68,36.63,19.21,7.19,0.0,32.77,1.31,0.51,0.32
1997,69,37.81,17.89,5.15,0.0,28.62,1.91,0.51,0.31
1997,70,37.91,18.63,4.24,0.0,25.24,2.06,0.51,0.3
1997,71,37.36,19.33,9.28,0.0,38.67,2.37,0.5,0.29
1997,72,35.53,19.82,11.55,0.0,50.94,2.67,0.5,0.3
1997,73,37.44,16.59,6.44,0.0,33.9,2.29,0.5,0.29
1997,74,36.17,18.21,5.46,0.0,29.69,1.79,0.5,0.29
1997,75,38.54,18.61,5.9,0.0,27.93,1.99,0.5,0.28
1997,76,38.61,20.79,6.75,0.0,28.17,2.17,0.5,0.27
1997,77,37.98,20.15,6.01,0.0,28.06,2.04,0.5,0.26
1997,78,37.92,20.29,5.07,0.0,26.25,2.66,0.5,0.26
1997,79,36.79,18.71,9.38,0.01,36.77,3.11,0.5,0.25
1997,80,34.05,17.93,11.9,0.0,47.46,3.56,0.5,0.25
1997,81,31.52,17.86,10.51,0.0,49.73,2.89,0.5,0.26
1997,82,35.8,14.53,2.44,0.0,33.75,2.27,0.5,0.26
1997,83,34.16,17.78,11.55,0.0,54.87,2.35,0.5,0.25
1997,84,36.59,16.83,10.3,0.0,52.2,2.37,0.5,0.25
1997,85,37.42,16.69,9.76,0.0,46.72,1.77,0.5,0.24
1997,86,37.92,20.28,12.72,0.0,42.59,3.01,0.5,0.24
1997,87,34.96,22.31,14.84,0.68,47.11,1.53,0.5,0.25
1997,88,37.87,20.25,9.26,0.14,32.9,2.36,0.5,0.26
1997,89,37.71,18.86,1.86,0.0,23.26,2.49,0.5,0.24
1997,90,37.21,18.04,2.93,0.05,26.52,2.54,0.5,0.24
1997,91,34.91,16.95,8.31,0.09,43.18,2.64,0.5,0.23
1997,92,32.39,17.38,13.49,0.03,60.62,2.68,0.5,0.23
1997,93,31.77,17.36,13.61,0.02,57.8,2.71,0.49,0.24
1997,94,34.74,15.67,8.56,0.01,45.21,2.18,0.49,0.23
1997,95,36.19,15.8,8.59,0.01,44.67,2.3,0.49,0.23
1997,96,36.53,17.78,4.15,0.0,27.16,2.21,0.49,0.22
1997,97,37.77,18.59,5.67,0.0,27.33,1.65,0.49,0.21
1997,98,37.44,20.61,7.94,0.0,34.25,2.58,0.49,0.21
1997,99,34.7,18.02,11.75,0.0,53.82,3.13,0.49,0.21
1997,100,36.05,15.91,10.3,0.0,53.44,2.69,0.49,0.21
1997,101,36.67,17.99,14.02,0.0,57.47,3.01,0.49,0.2
1997,102,36.34,18.82,13.23,0.01,53.04,3.1,0.49,0.2
1997,103,36.16,17.74,12.8,0.06,51.34,3.04,0.49,0.2
1997,104,35.55,18.07,12.53,0.0,52.71,3.0,0.49,0.2
1997,105,35.09,18.49,13.64,0.0,57.02,2.98,0.49,0.2
1997,106,35.97,17.4,12.05,0.0,53.67,2.94,0.49,0.2
1997,107,36.25,17.29,10.36,0.0,46.33,2.38,0.49,0.19
1997,108,36.44,18.42,12.76,0.0,49.09,2.5,0.49,0.19
1997,109,36.72,18.69,11.94,0.0,45.55,2.54,0.49,0.19
1997,110,36.99,20.06,11.53,0.0,42.29,2.06,0.49,0.19
1997,111,37.44,20.27,12.0,0.0,39.31,1.73,0.49,0.18
1997,112,35.9,24.44,13.88,0.02,40.56,2.3,0.49,0.18
1997,113,38.2,23.36,12.18,0.0,35.46,1.55,0.49,0.18
1997,114,39.05,23.92,10.7,0.0,33.33,1.95,0.49,0.18
1997,115,37.3,22.96,12.55,0.0,45.24,1.84,0.49,0.17
1997,116,36.55,22.29,12.13,0.0,42.02,2.08,0.49,0.17
1997,117,33.87,23.59,10.55,0.05,33.5,1.94,0.49,0.17
1997,118,27.73,23.37,15.13,2.85,51.39,2.65,0.49,0.23
1997,119,33.32,21.77,15.89,0.11,51.68,2.18,0.49,0.29
1997,120,35.35,22.32,15.98,1.4,49.39,0.93,0.49,0.29
1997,121,34.85,21.88,16.78,3.06,53.33,1.23,0.5,0.36
1997,122,36.96,22.93,14.25,0.06,44.16,1.78,0.5,0.37
1997,123,37.22,19.51,9.95,0.0,39.27,2.63,0.49,0.32
1997,124,35.77,19.01,12.68,0.0,48.95,2.79,0.49,0.29
1997,125,36.51,20.28,13.71,0.0,51.89,2.77,0.49,0.27
1997,126,37.82,19.03,13.87,0.02,50.59,2.79,0.49,0.26
1997,127,38.4,21.06,15.03,0.0,50.23,2.18,0.49,0.24
1997,128,37.0,22.02,16.26,0.0,50.84,2.6,0.49,0.23
1997,129,38.13,22.19,16.79,0.01,52.18,3.01,0.49,0.22
1997,130,38.2,22.59,13.7,0.01,45.35,2.9,0.49,0.21
1997,131,38.98,20.25,12.23,0.0,42.1,3.0,0.49,0.21
1997,132,38.76,20.27,13.22,0.0,48.02,3.17,0.49,0.2
1997,133,38.96,19.87,12.87,0.0,46.69,3.28,0.49,0.19
1997,134,38.42,19.98,10.64,0.0,41.8,2.78,0.49,0.19
1997,135,39.32,20.07,12.71,0.0,44.98,3.17,0.49,0.18
1997,136,38.82,21.14,15.51,0.0,53.79,3.34,0.49,0.18
1997,137,38.29,21.04,14.82,0.0,51.61,3.44,0.49,0.17
1997,138,38.87,21.55,14.63,0.0,52.95,3.82,0.49,0.17
1997,139,35.87,22.02,17.63,0.0,61.31,4.48,0.49,0.17
1997,140,35.74,21.61,17.87,0.0,62.88,4.61,0.49,0.17
1997,141,35.14,21.2,17.31,0.0,60.24,4.29,0.49,0.16
1997,142,36.98,21.61,16.84,0.0,58.35,3.73,0.49,0.16
1997,143,37.16,21.0,16.59,0.0,58.14,3.68,0.49,0.16
1997,144,38.11,19.56,14.78,0.0,54.89,3.45,0.49,0.16
1997,145,37.86,20.42,14.78,0.0,53.89,3.46,0.49,0.16
1997,146,37.92,21.0,15.2,0.0,55.1,3.85,0.49,0.15
1997,147,37.2,21.6,15.55,0.0,55.06,3.99,0.49,0.15
1997,148,36.33,21.1,16.42,0.0,59.38,3.9,0.49,0.15
1997,149,35.54,22.07,17.73,0.0,62.17,4.7,0.49,0.15
1997,150,35.69,21.76,17.2,0.0,60.07,4.34,0.49,0.15
1997,151,35.12,21.63,17.19,0.0,60.24,4.32,0.49,0.15
1997,152,30.29,22.88,19.13,0.0,67.81,4.0,0.49,0.15
1997,153,32.75,21.84,19.14,22.68,69.23,3.63,0.5,0.39
1997,154,29.01,21.75,20.72,4.67,79.44,2.69,0.51,0.59
1997,155,31.63,21.79,19.55,0.82,72.87,2.92,0.51,0.51
1997,156,33.16,21.98,18.85,1.61,67.48,2.65,0.51,0.49
1997,157,33.97,22.4,19.66,1.94,67.84,3.09,0.51,0.49
1997,158,30.28,23.3,20.39,1.0,73.44,3.22,0.51,0.49
1997,159,33.13,22.73,20.31,0.49,70.65,3.37,0.51,0.47
1997,160,30.3,22.69,20.04,0.03,72.53,3.34,0.51,0.46
1997,161,27.31,21.84,20.33,4.88,79.38,2.76,0.51,0.51
1997,162,29.15,21.96,20.01,1.31,76.39,2.62,0.51,0.5
1997,163,28.79,21.7,21.18,59.33,81.06,2.1,0.53,0.72
1997,164,28.92,22.19,22.08,24.81,83.29,1.68,0.57,0.77
1997,165,30.71,22.74,22.24,7.7,81.9,1.31,0.58,0.69
1997,166,29.32,22.89,22.5,35.34,84.05,2.16,0.59,0.79
1997,167,29.73,22.19,21.78,6.65,82.84,4.67,0.61,0.72
1997,168,28.64,21.88,21.94,20.12,84.82,5.53,0.62,0.76
1997,169,26.0,23.57,22.78,14.6,90.67,5.02,0.63,0.77
1997,170,26.2,23.0,22.33,26.93,89.56,5.84,0.65,0.81
1997,171,25.7,23.01,22.21,19.57,89.76,5.56,0.66,0.81
1997,172,26.28,23.1,22.52,28.66,90.17,6.02,0.68,0.84
1997,173,26.54,21.93,21.13,13.64,86.61,5.61,0.7,0.8
1997,174,27.88,22.19,21.62,9.36,85.34,6.94,0.7,0.77
1997,175,27.01,22.0,21.82,38.51,87.63,6.48,0.72,0.87
1997,176,27.86,22.38,21.79,13.58,85.64,6.55,0.74,0.82
1997,177,28.54,22.44,21.97,3.47,85.1,6.23,0.74,0.77
1997,178,28.53,22.82,21.95,1.11,84.61,6.54,0.73,0.74
1997,179,27.11,22.41,22.06,2.47,87.76,5.89,0.73,0.75
1997,180,27.44,23.11,22.5,15.02,88.44,5.8,0.73,0.8
1997,181,27.8,22.99,22.45,5.53,87.2,5.01,0.74,0.78
1997,182,28.2,22.8,22.19,7.67,85.99,4.41,0.74,0.78
1997,183,28.3,22.57,21.99,6.66,85.92,4.12,0.74,0.77
1997,184,26.37,22.37,21.9,10.24,88.13,4.52,0.75,0.79
1997,185,26.91,21.16,20.83,9.46,85.34,4.61,0.75,0.8
1997,186,26.04,21.05,20.53,15.97,86.57,4.99,0.76,0.82
1997,187,26.66,21.69,21.55,23.13,88.94,5.84,0.77,0.86
1997,188,24.75,22.41,22.42,35.37,93.63,6.49,0.79,0.91
1997,189,26.41,22.47,22.1,25.41,90.4,5.54,0.81,0.89
1997,190,27.92,22.22,22.29,17.13,88.56,5.46,0.83,0.88
1997,191,27.33,22.53,22.19,5.59,88.47,6.61,0.83,0.84
1997,192,26.65,22.42,21.93,1.8,89.05,6.75,0.83,0.82
1997,193,27.67,22.45,22.1,0.71,87.53,6.03,0.83,0.81
1997,194,28.49,22.53,22.1,1.14,86.38,5.79,0.82,0.8
1997,195,28.03,22.09,21.73,0.54,86.3,5.63,0.82,0.8
1997,196,26.67,21.75,21.31,0.21,87.1,5.66,0.81,0.79
1997,197,27.96,21.88,21.53,0.97,86.2,5.62,0.81,0.79
1997,198,25.45,21.76,21.45,0.87,90.01,5.1,0.81,0.79
1997,199,27.33,21.82,21.42,2.51,86.68,5.21,0.8,0.79
1997,200,27.9,21.54,21.28,0.92,86.08,4.25,0.8,0.79
1997,201,26.92,21.39,21.07,0.77,86.53,4.27,0.8,0.78
1997,202,27.77,21.01,21.28,0.53,86.14,3.49,0.79,0.78
1997,203,28.32,21.18,21.17,0.13,84.8,3.13,0.79,0.77
1997,204,28.29,21.41,21.36,0.1,84.67,3.22,0.79,0.77
1997,205,27.89,21.99,21.45,0.18,85.78,3.9,0.78,0.76
1997,206,27.34,22.24,21.77,1.66,87.79,5.16,0.78,0.77
1997,207,25.3,22.44,21.81,6.58,91.05,6.04,0.78,0.79
1997,208,26.64,22.05,21.7,36.68,89.0,6.7,0.79,0.88
1997,209,26.61,21.52,21.74,35.52,88.88,6.63,0.82,0.92
1997,210,25.86,21.03,21.4,19.1,90.66,6.42,0.83,0.89
1997,211,25.1,21.86,21.73,18.46,91.99,6.99,0.84,0.89
1997,212,23.62,21.85,21.71,63.67,94.44,7.11,0.86,0.95
1997,213,25.47,21.85,21.77,36.13,92.29,6.81,0.89,0.95
1997,214,26.59,21.61,21.56,9.37,89.76,6.75,0.9,0.9
1997,215,26.12,21.38,21.18,5.89,89.91,6.21,0.89,0.89
1997,216,25.24,20.96,20.81,4.07,90.24,6.55,0.89,0.88
1997,217,25.94,21.29,21.03,10.71,89.5,5.95,0.89,0.89
1997,218,26.28,21.32,21.14,9.4,89.05,5.88,0.89,0.89
1997,219,24.95,21.11,21.13,14.89,91.5,5.31,0.9,0.9
1997,220,26.44,20.84,21.13,9.85,89.28,4.67,0.9,0.9
1997,221,27.62,20.99,21.47,4.09,88.33,3.74,0.9,0.88
1997,222,26.83,21.18,21.29,2.08,88.98,3.31,0.89,0.87
1997,223,25.27,21.34,21.35,1.2,91.63,3.35,0.89,0.87
1997,224,27.27,21.51,21.6,3.63,88.35,4.74,0.89,0.87
1997,225,27.2,22.13,21.84,11.35,88.49,5.5,0.89,0.88
1997,226,26.9,21.69,21.71,8.33,89.07,4.89,0.89,0.89
1997,227,27.28,21.13,21.29,5.38,88.7,4.31,0.89,0.87
1997,228,27.11,20.74,21.18,2.35,89.66,3.48,0.89,0.86
1997,229,26.76,20.82,21.11,2.33,89.28,3.85,0.88,0.86
1997,230,26.48,20.95,20.98,2.74,89.3,4.16,0.88,0.86
1997,231,26.95,20.95,21.25,2.26,88.82,4.17,0.88,0.85
1997,232,26.47,21.31,21.54,2.2,90.7,4.07,0.87,0.85
1997,233,25.8,21.51,21.26,7.55,90.69,4.19,0.87,0.87
1997,234,25.04,21.66,21.54,11.86,92.22,5.16,0.88,0.88
1997,235,24.23,21.3,21.69,109.36,94.59,6.89,0.89,0.97
1997,236,25.25,21.83,21.94,103.6,92.98,6.91,0.92,0.99
1997,237,26.32,22.07,22.2,32.72,92.35,6.6,0.94,0.96
1997,238,26.34,21.68,21.94,24.22,91.53,5.25,0.94,0.95
1997,239,26.14,21.63,21.81,11.0,92.26,3.81,0.95,0.94
1997,240,25.84,20.96,21.15,2.2,91.47,3.27,0.95,0.92
1997,241,25.34,20.78,20.8,0.45,91.54,3.22,0.94,0.91
1997,242,25.96,20.07,20.87,2.63,90.88,3.07,0.94,0.91
1997,243,26.71,19.69,20.96,2.52,89.98,2.66,0.93,0.9
1997,244,25.9,19.75,20.25,0.73,89.59,2.47,0.93,0.9
1997,245,27.24,19.31,20.57,1.52,89.34,2.75,0.92,0.89
1997,246,26.48,19.19,20.19,6.83,89.49,2.66,0.92,0.9
1997,247,27.0,18.1,20.18,3.36,89.1,2.08,0.92,0.89
1997,248,27.74,19.35,20.8,1.24,88.55,2.04,0.91,0.88
1997,249,27.04,19.65,20.65,0.13,88.67,1.8,0.91,0.88
1997,250,27.5,19.57,20.49,0.0,87.03,1.61,0.9,0.87
1997,251,27.67,19.97,20.74,1.15,87.34,1.58,0.9,0.87
1997,252,25.12,20.25,20.65,3.08,91.55,1.58,0.9,0.87
1997,253,26.65,20.13,21.02,0.46,90.27,2.49,0.9,0.87
1997,254,27.13,20.65,21.21,1.94,89.33,2.91,0.89,0.86
1997,255,26.52,20.22,20.71,1.26,89.07,3.35,0.89,0.86
1997,256,26.69,19.29,20.51,0.26,89.2,2.42,0.88,0.85
1997,257,27.7,19.56,20.93,0.53,88.76,2.61,0.88,0.85
1997,258,27.5,19.5,21.02,2.79,88.86,2.15,0.87,0.85
1997,259,27.42,20.02,20.74,0.11,87.92,2.03,0.87,0.84
1997,260,27.29,19.32,20.51,0.01,87.79,2.03,0.86,0.84
1997,261,26.67,20.19,20.81,0.01,88.75,2.15,0.86,0.84
1997,262,25.49,20.1,20.47,0.02,90.84,1.98,0.86,0.83
1997,263,26.67,19.17,20.09,0.01,87.7,2.06,0.85,0.83
1997,264,26.6,19.52,20.56,1.99,88.58,1.55,0.85,0.83
1997,265,24.87,21.13,21.31,1.35,92.86,2.67,0.85,0.83
1997,266,25.12,20.84,21.06,21.61,92.29,3.03,0.85,0.88
1997,267,26.4,20.36,20.86,4.65,91.17,2.31,0.86,0.86
1997,268,25.7,20.52,20.79,2.55,91.48,2.8,0.86,0.85
1997,269,25.81,20.22,20.61,14.5,90.62,3.52,0.86,0.87
1997,270,26.96,20.53,20.86,6.22,89.65,2.76,0.86,0.86
1997,271,27.18,19.07,20.16,0.44,87.22,2.03,0.86,0.84
1997,272,28.22,17.95,18.57,0.0,82.35,1.29,0.86,0.83
1997,273,28.44,18.1,19.32,0.58,83.65,1.24,0.85,0.83
1997,274,29.32,17.88,19.07,0.3,81.91,1.24,0.85,0.82
1997,275,29.65,17.11,18.72,0.01,80.05,1.19,0.84,0.81
1997,276,29.42,19.26,20.05,0.0,82.89,1.21,0.84,0.81
1997,277,29.6,19.33,19.88,0.0,82.64,1.43,0.83,0.8
1997,278,27.7,17.62,18.98,0.03,84.64,1.68,0.83,0.8
1997,279,28.46,18.49,19.12,0.06,83.51,1.41,0.82,0.8
1997,280,29.69,17.85,18.94,0.01,81.03,1.67,0.82,0.79
1997,281,29.97,17.57,18.52,0.06,77.99,1.64,0.81,0.79
1997,282,30.73,18.63,18.26,0.0,74.04,1.73,0.8,0.78
1997,283,30.53,17.32,17.57,0.0,72.93,1.79,0.8,0.77
1997,284,30.78,17.59,17.67,0.0,71.17,1.63,0.79,0.77
1997,285,30.99,18.72,18.63,0.0,72.68,1.7,0.79,0.76
1997,286,30.59,18.77,19.13,0.09,74.86,1.8,0.78,0.76
1997,287,25.48,19.11,19.53,0.63,84.77,1.16,0.78,0.77
1997,288,29.42,17.54,18.53,0.0,77.6,1.23,0.78,0.76
1997,289,29.1,18.56,18.89,0.0,75.82,1.31,0.77,0.75
1997,290,28.4,19.98,19.38,5.25,77.47,1.7,0.77,0.77
1997,291,29.47,19.75,19.85,0.52,79.75,1.73,0.77,0.76
1997,292,29.51,19.52,19.84,0.11,80.07,1.3,0.76,0.75
1997,293,29.53,18.25,18.7,0.14,78.58,1.38,0.76,0.74
1997,294,29.62,16.97,18.02,0.1,76.84,1.47,0.76,0.74
1997,295,29.19,16.48,17.31,0.88,75.04,1.61,0.75,0.74
1997,296,28.76,17.32,14.94,0.03,68.84,1.21,0.75,0.73
1997,297,29.26,15.84,16.08,0.01,73.05,1.32,0.74,0.72
1997,298,29.82,16.15,17.66,0.09,76.23,1.57,0.74,0.72
1997,299,29.11,19.03,20.12,6.93,82.91,1.23,0.73,0.75
1997,300,28.89,19.69,19.88,1.91,81.77,1.58,0.74,0.74
1997,301,28.98,18.45,19.37,4.19,82.4,1.26,0.73,0.74
1997,302,28.84,17.84,18.2,1.04,78.41,1.22,0.73,0.73
1997,303,28.77,18.65,18.64,0.17,77.81,1.24,0.73,0.72
1997,304,29.15,18.72,19.62,1.52,81.61,1.21,0.72,0.72
1997,305,28.34,19.5,20.05,0.47,82.37,1.46,0.72,0.72
1997,306,29.72,19.6,19.9,0.77,78.39,1.3,0.72,0.71
1997,307,30.37,19.74,19.8,0.01,76.13,1.95,0.71,0.7
1997,308,30.29,20.08,19.64,0.0,75.28,1.92,0.71,0.7
1997,309,29.92,19.09,18.32,0.0,71.92,1.89,0.71,0.69
1997,310,29.81,18.71,18.36,0.0,74.22,1.58,0.7,0.69
1997,311,29.53,18.92,18.34,0.0,73.72,1.37,0.7,0.68
1997,312,29.96,18.51,17.3,0.0,70.24,1.61,0.69,0.68
1997,313,29.83,17.49,17.91,0.02,73.75,1.45,0.69,0.67
1997,314,28.84,19.57,19.54,5.54,79.35,1.1,0.69,0.7
1997,315,26.86,20.46,20.7,21.11,86.68,0.74,0.69,0.79
1997,316,24.69,19.56,19.88,33.44,88.92,0.59,0.71,0.86
1997,317,26.55,17.78,18.11,8.54,79.47,0.62,0.73,0.81
1997,318,25.85,19.51,19.52,0.27,86.09,0.74,0.73,0.76
1997,319,26.05,18.91,19.63,11.75,86.67,0.92,0.73,0.8
1997,320,25.96,18.39,19.24,0.43,84.93,1.3,0.74,0.76
1997,321,27.89,18.46,19.32,0.03,79.86,1.07,0.74,0.75
1997,322,28.63,18.35,18.0,2.53,74.99,1.03,0.73,0.75
1997,323,27.98,15.61,14.93,0.12,69.87,1.26,0.73,0.73
1997,324,28.26,15.06,13.58,0.01,64.75,1.1,0.73,0.72
1997,325,28.24,15.4,17.11,0.95,76.87,1.52,0.72,0.72
1997,326,27.95,17.53,18.67,0.57,81.76,1.41,0.72,0.72
1997,327,28.61,17.29,18.17,0.03,79.23,1.33,0.72,0.71
1997,328,28.56,17.54,18.01,0.15,79.85,1.24,0.71,0.7
1997,329,27.85,17.68,18.22,0.11,83.36,1.31,0.71,0.7
1997,330,27.43,17.08,18.05,0.0,81.76,1.21,0.7,0.7
1997,331,25.54,17.51,19.1,25.5,86.43,1.43,0.71,0.8
1997,332,27.45,19.21,20.48,10.53,87.65,1.28,0.73,0.8
1997,333,28.0,19.4,20.63,1.21,86.54,1.37,0.73,0.75
1997,334,27.84,19.03,20.1,2.48,86.56,1.3,0.73,0.75
1997,335,28.61,17.45,18.9,0.14,81.95,1.25,0.72,0.73
1997,336,28.19,19.17,19.84,15.84,84.47,1.91,0.72,0.79
1997,337,27.44,16.81,17.72,0.63,81.2,1.45,0.73,0.76
1997,338,27.54,15.91,17.41,0.0,81.42,1.37,0.73,0.73
1997,339,27.28,15.85,17.56,0.0,80.35,1.73,0.72,0.73
1997,340,27.97,17.58,18.85,0.0,80.37,1.97,0.72,0.72
1997,341,26.35,18.06,19.21,25.05,84.34,1.53,0.72,0.8
1997,342,24.18,19.06,19.64,11.29,92.39,2.48,0.74,0.82
1997,343,24.04,13.32,15.76,0.97,83.46,1.76,0.74,0.77
1997,344,23.39,9.84,9.58,0.0,68.36,1.72,0.74,0.75
1997,345,25.29,10.49,10.87,0.0,68.0,2.59,0.73,0.74
1997,346,26.17,11.77,13.94,0.0,77.86,2.29,0.73,0.73
1997,347,25.63,14.74,16.34,0.0,84.78,1.33,0.73,0.73
1997,348,26.25,12.58,14.02,0.0,74.01,1.39,0.72,0.72
1997,349,27.2,14.25,16.28,0.0,82.44,2.44,0.72,0.72
1997,350,26.41,15.03,17.32,0.56,87.24,1.65,0.72,0.72
1997,351,26.62,13.81,15.31,0.02,79.73,1.39,0.71,0.71
1997,352,25.1,13.2,15.03,0.0,82.67,1.56,0.71,0.71
1997,353,26.01,12.58,14.87,0.0,82.18,1.25,0.71,0.7
1997,354,27.35,14.44,14.64,0.0,75.5,1.4,0.71,0.7
1997,355,27.68,14.1,15.81,0.0,80.19,1.76,0.7,0.69
1997,356,25.44,13.99,15.58,0.0,85.13,1.42,0.7,0.69
1997,357,24.1,12.22,12.81,0.0,78.55,1.43,0.7,0.69
1997,358,26.19,10.06,11.11,0.0,71.8,1.3,0.69,0.68
1997,359,24.91,12.42,13.44,0.0,79.5,1.37,0.69,0.68
1997,360,25.51,12.99,15.26,0.0,84.52,1.51,0.69,0.68
1997,361,25.57,14.19,15.37,0.0,83.74,1.29,0.68,0.68
1997,362,26.65,13.53,15.85,0.0,82.86,1.11,0.68,0.67
1997,363,27.35,14.93,16.59,0.0,82.49,1.36,0.68,0.67
1997,364,27.49,14.27,15.65,0.0,76.74,1.42,0.67,0.67
1997,365,27.3,15.17,15.85,0.0,74.93,1.72,0.67,0.66
1998,1,27.52,15.96,15.84,0.0,76.26,2.19,0.67,0.66
1998,2,27.77,13.75,14.04,0.0,69.55,1.8,0.67,0.65
1998,3,27.84,14.69,15.08,0.0,72.99,2.59,0.66,0.65
1998,4,27.88,16.11,15.28,0.0,72.64,2.74,0.66,0.65
1998,5,27.82,13.9,13.45,0.0,67.45,1.49,0.66,0.64
1998,6,27.94,14.07,12.96,0.0,63.4,1.26,0.65,0.64
1998,7,27.44,13.41,11.18,0.0,59.57,1.65,0.65,0.64
1998,8,27.55,12.53,11.4,0.0,60.71,1.69,0.65,0.63
1998,9,27.83,13.24,11.63,0.0,59.23,1.47,0.64,0.63
1998,10,28.32,13.27,10.74,0.0,56.78,1.82,0.64,0.62
1998,11,28.45,12.92,11.03,0.0,59.54,1.59,0.64,0.62
1998,12,29.05,12.95,11.98,0.0,61.54,1.39,0.63,0.62
1998,13,29.78,14.01,12.97,0.0,61.86,1.31,0.63,0.61
1998,14,29.84,15.12,13.56,0.0,63.71,1.7,0.63,0.61
1998,15,29.0,14.64,13.58,0.0,69.17,1.67,0.62,0.6
1998,16,26.68,13.66,12.26,0.0,69.15,1.76,0.62,0.6
1998,17,24.61,12.2,10.67,0.0,68.72,1.83,0.62,0.6
1998,18,24.34,10.4,6.42,0.0,57.8,1.31,0.62,0.6
1998,19,25.75,9.69,6.49,0.0,55.78,1.85,0.61,0.59
1998,20,23.69,11.17,11.46,0.0,76.18,1.67,0.61,0.59
1998,21,25.99,9.39,7.87,0.0,60.07,1.19,0.61,0.59
1998,22,26.65,10.86,10.41,0.0,68.35,1.68,0.61,0.58
1998,23,26.42,10.72,10.75,0.0,68.93,1.34,0.6,0.57
1998,24,27.54,11.84,7.3,0.0,51.81,1.85,0.6,0.57
1998,25,28.04,11.05,10.56,0.0,63.03,2.28,0.6,0.56
1998,26,26.77,12.61,13.23,0.0,73.92,1.89,0.6,0.56
1998,27,26.48,12.85,12.39,0.0,72.87,1.77,0.59,0.55
1998,28,28.57,10.84,10.14,0.0,65.57,1.78,0.59,0.54
1998,29,29.54,10.72,8.26,0.0,53.36,1.59,0.59,0.53
1998,30,31.0,13.23,10.96,0.0,54.89,2.31,0.59,0.52
1998,31,31.57,14.46,11.12,0.0,52.32,1.75,0.58,0.52
1998,32,31.94,15.5,11.6,0.0,52.66,1.68,0.58,0.51
1998,33,32.14,15.75,11.06,0.0,50.18,1.71,0.58,0.5
1998,34,31.2,16.88,9.89,0.0,47.66,1.93,0.58,0.49
1998,35,31.09,13.98,5.78,0.0,41.61,1.93,0.57,0.48
1998,36,30.86,11.98,5.83,0.0,45.7,1.95,0.57,0.48
1998,37,28.71,13.25,4.52,0.0,43.04,2.07,0.57,0.47
1998,38,29.42,10.48,3.38,0.0,41.06,1.6,0.57,0.47
1998,39,30.38,11.93,10.34,0.0,54.36,2.06,0.56,0.47
1998,40,31.11,14.57,10.94,0.0,51.39,2.38,0.56,0.47
1998,41,31.36,16.01,8.69,0.0,43.54,2.64,0.56,0.46
1998,42,31.51,14.06,4.74,0.0,36.19,2.63,0.56,0.45
1998,43,31.36,13.47,3.82,0.0,33.73,2.46,0.56,0.45
1998,44,31.82,13.34,6.0,0.0,38.72,2.26,0.55,0.44
1998,45,30.81,16.99,10.91,0.0,54.85,1.82,0.55,0.45
1998,46,29.33,15.52,14.45,0.0,71.75,2.28,0.55,0.45
1998,47,27.94,15.02,14.48,0.0,73.53,2.71,0.55,0.45
1998,48,28.2,13.68,10.85,0.0,66.18,2.17,0.55,0.44
1998,49,26.93,10.58,9.27,0.0,63.58,2.58,0.55,0.44
1998,50,28.38,12.14,12.23,0.0,71.46,2.35,0.54,0.44
1998,51,29.56,10.54,9.35,0.0,63.22,2.38,0.54,0.44
1998,52,28.36,11.52,8.13,0.0,59.78,2.31,0.54,0.43
1998,53,30.79,10.66,2.76,0.0,39.03,1.61,0.54,0.43
1998,54,34.0,12.57,5.25,0.1,41.47,2.34,0.54,0.42
1998,55,29.97,15.49,14.09,0.0,69.55,2.94,0.54,0.42
1998,56,28.16,14.0,14.09,0.0,70.45,3.09,0.54,0.42
1998,57,29.28,10.15,6.02,0.0,52.5,2.27,0.53,0.42
1998,58,30.56,11.92,4.68,0.0,45.79,2.17,0.53,0.42
1998,59,33.12,10.89,2.23,0.0,35.01,2.2,0.53,0.41
1998,60,33.82,11.74,1.89,0.0,30.09,1.91,0.53,0.4
1998,61,34.98,15.47,7.28,0.0,37.65,2.78,0.53,0.39
1998,62,35.93,18.42,11.49,0.0,43.96,1.82,0.53,0.39
1998,63,34.58,18.35,15.19,0.09,60.92,1.89,0.53,0.39
1998,64,33.09,17.68,13.24,0.02,57.2,2.58,0.52,0.39
1998,65,31.32,15.38,11.63,0.0,58.67,2.83,0.52,0.39
1998,66,32.57,12.85,8.12,0.0,52.0,2.08,0.52,0.39
1998,67,33.67,14.2,7.42,0.0,46.31,2.35,0.52,0.39
1998,68,35.4,13.65,8.91,0.0,54.88,1.97,0.52,0.38
1998,69,36.07,14.88,7.81,0.0,44.48,1.92,0.52,0.37
1998,70,33.96,16.48,13.58,0.0,62.23,2.48,0.52,0.37
1998,71,31.06,15.87,14.74,0.0,68.86,2.89,0.51,0.38
1998,72,30.44,15.61,11.31,0.0,60.81,2.51,0.51,0.38
1998,73,33.11,13.04,8.55,0.0,52.5,2.07,0.51,0.37
1998,74,32.59,13.89,10.38,0.0,59.33,2.29,0.51,0.36
1998,75,33.2,15.38,13.52,0.0,63.44,2.29,0.51,0.36
1998,76,33.06,17.09,12.9,0.03,59.6,2.4,0.51,0.36
1998,77,35.36,13.7,6.23,0.0,41.02,2.07,0.51,0.35
1998,78,37.03,15.93,5.1,0.0,31.16,2.21,0.51,0.34
1998,79,38.01,17.18,1.84,0.0,22.44,1.97,0.51,0.32
1998,80,39.24,19.17,2.71,0.0,23.09,2.03,0.5,0.3
1998,81,39.92,20.21,8.77,0.0,32.98,2.21,0.5,0.29
1998,82,38.33,20.41,9.85,0.0,36.61,2.73,0.5,0.29
1998,83,37.96,19.18,9.87,0.0,40.75,2.74,0.5,0.28
1998,84,37.92,18.1,-0.33,0.0,21.89,2.38,0.5,0.28
1998,85,38.95,17.28,-5.27,0.0,12.99,2.27,0.5,0.26
1998,86,39.41,18.12,-4.79,0.0,13.44,2.18,0.5,0.25
1998,87,38.86,19.26,4.23,0.0,27.75,2.38,0.5,0.24
1998,88,36.77,20.05,10.94,0.0,44.53,2.38,0.5,0.24
1998,89,37.42,19.28,12.74,0.0,49.47,2.36,0.5,0.24
1998,90,39.36,19.82,9.89,0.0,37.99,2.17,0.5,0.24
1998,91,40.46,20.33,2.87,0.0,20.33,2.29,0.5,0.23
1998,92,40.82,20.91,3.11,0.0,20.78,1.96,0.5,0.23
1998,93,40.72,23.18,8.72,0.0,29.44,1.88,0.5,0.22
1998,94,41.09,21.71,8.85,0.0,31.01,2.32,0.5,0.22
1998,95,41.52,22.28,8.72,0.0,28.32,2.36,0.5,0.21
1998,96,41.58,24.14,13.15,0.0,37.74,1.87,0.5,0.21
1998,97,39.83,22.34,13.87,0.0,41.9,2.87,0.5,0.21
1998,98,37.53,21.51,11.36,0.0,43.94,3.16,0.5,0.21
1998,99,37.28,19.36,12.32,0.0,47.42,2.99,0.49,0.21
1998,100,37.14,18.53,9.02,0.0,36.92,2.82,0.49,0.21
1998,101,40.05,18.62,6.88,0.0,30.18,1.99,0.49,0.21
1998,102,40.16,21.84,11.24,0.0,36.42,1.72,0.49,0.2
1998,103,38.68,21.57,14.5,0.0,47.93,2.82,0.49,0.2
1998,104,37.44,19.76,14.74,0.0,54.56,2.87,0.49,0.2
1998,105,38.53,21.11,13.77,0.0,47.48,2.52,0.49,0.2
1998,106,38.86,21.79,11.53,0.0,36.59,2.47,0.49,0.2
1998,107,39.63,21.9,11.99,0.0,36.73,2.88,0.49,0.19
1998,108,39.72,21.3,10.2,0.0,32.47,3.14,0.49,0.19
1998,109,39.1,21.53,13.99,0.0,44.73,2.94,0.49,0.19
1998,110,38.47,19.63,13.13,0.0,48.18,3.16,0.49,0.19
1998,111,38.91,20.35,12.41,0.0,44.44,3.07,0.49,0.19
1998,112,39.15,20.4,15.41,0.0,50.89,3.06,0.49,0.19
1998,113,37.79,21.31,16.75,0.0,56.69,3.23,0.49,0.19
1998,114,37.95,20.34,15.31,0.0,54.55,3.03,0.49,0.18
1998,115,38.54,20.38,13.99,0.0,48.83,2.66,0.49,0.18
1998,116,37.2,20.42,15.66,0.0,56.78,2.76,0.49,0.18
1998,117,38.02,21.55,16.27,0.0,56.65,2.95,0.49,0.18
1998,118,39.64,21.76,17.37,0.05,55.77,2.86,0.49,0.18
1998,119,39.74,22.94,16.91,0.01,50.91,3.06,0.49,0.18
1998,120,38.0,23.11,16.77,0.01,51.95,2.98,0.49,0.18
1998,121,39.51,21.8,15.98,0.0,51.49,3.1,0.49,0.17
1998,122,40.98,22.86,16.36,0.25,48.46,2.39,0.49,0.17
1998,123,41.07,25.78,15.96,0.38,40.39,2.05,0.49,0.18
1998,124,39.71,26.9,16.27,0.17,39.6,2.16,0.49,0.18
1998,125,40.35,25.58,14.51,0.0,36.6,2.7,0.49,0.18
1998,126,41.94,24.26,12.76,0.01,34.41,2.57,0.49,0.18
1998,127,43.12,26.67,11.14,0.1,27.01,2.64,0.49,0.17
1998,128,41.42,25.19,17.39,0.03,44.87,2.57,0.49,0.17
1998,129,39.79,24.45,14.48,0.01,42.3,3.09,0.49,0.17
1998,130,38.12,21.0,11.64,0.0,44.05,2.87,0.49,0.17
1998,131,40.49,20.41,10.3,0.0,38.05,2.42,0.49,0.16
1998,132,40.94,21.39,9.76,0.0,35.75,2.3,0.49,0.16
1998,133,40.7,23.01,12.05,4.9,35.31,1.71,0.49,0.19
1998,134,37.32,24.83,18.23,1.69,50.45,1.17,0.5,0.39
1998,135,38.66,24.41,16.87,0.08,46.27,2.25,0.49,0.34
1998,136,39.78,24.62,16.25,0.11,45.86,3.2,0.49,0.31
1998,137,38.71,23.07,17.87,0.01,55.08,3.97,0.49,0.28
1998,138,40.63,22.73,16.99,0.0,55.18,4.26,0.49,0.27
1998,139,38.4,22.9,18.35,0.04,59.15,4.24,0.49,0.25
1998,140,36.46,23.23,20.05,0.06,64.01,4.72,0.49,0.24
1998,141,37.43,23.57,20.44,6.73,63.44,3.57,0.49,0.34
1998,142,35.05,23.9,21.93,0.95,70.55,3.46,0.5,0.47
1998,143,37.02,23.93,20.33,0.0,62.69,3.72,0.5,0.41
1998,144,38.68,23.68,19.37,0.0,58.87,4.16,0.5,0.36
1998,145,38.52,23.68,18.81,0.0,57.54,4.03,0.49,0.33
1998,146,38.41,23.8,18.47,0.0,58.71,4.25,0.49,0.3
1998,147,36.53,22.82,18.51,0.0,60.82,4.21,0.49,0.28
1998,148,37.17,22.97,18.12,0.0,59.04,4.2,0.49,0.27
1998,149,36.39,22.86,18.54,0.0,60.29,4.45,0.49,0.26
1998,150,36.76,23.39,18.62,0.0,59.98,4.64,0.49,0.25
1998,151,38.76,23.24,17.29,0.0,55.58,4.0,0.49,0.24
1998,152,40.38,22.87,16.37,0.0,52.39,4.19,0.49,0.23
1998,153,40.67,23.07,17.28,0.0,54.4,4.29,0.49,0.22
1998,154,37.96,23.78,17.95,0.0,55.57,4.3,0.49,0.21
1998,155,37.35,23.97,19.28,0.49,59.37,3.82,0.49,0.21
1998,156,31.49,24.07,21.07,30.07,72.16,2.55,0.51,0.53
1998,157,28.37,23.55,21.72,11.64,80.31,1.85,0.53,0.62
1998,158,33.65,23.05,21.14,0.17,71.47,3.42,0.53,0.51
1998,159,32.9,23.03,20.56,2.19,71.04,5.07,0.52,0.51
1998,160,31.58,22.03,20.36,5.46,74.14,6.77,0.53,0.54
1998,161,31.08,22.69,21.05,4.09,76.23,5.55,0.53,0.56
1998,162,32.15,22.92,21.01,1.22,73.9,4.37,0.53,0.51
1998,163,32.18,22.64,20.29,0.38,71.53,4.04,0.53,0.49
1998,164,32.39,22.3,19.96,0.03,69.83,4.03,0.52,0.48
1998,165,33.44,22.04,20.43,2.5,72.21,3.48,0.52,0.49
1998,166,28.85,21.84,21.72,22.44,84.66,3.72,0.53,0.65
1998,167,28.21,23.0,22.45,17.19,86.71,5.15,0.55,0.71
1998,168,30.97,23.05,22.06,1.12,79.41,3.76,0.56,0.58
1998,169,31.61,22.91,21.45,0.41,75.86,3.21,0.55,0.54
1998,170,32.84,22.23,21.51,2.28,76.43,2.58,0.55,0.54
1998,171,30.76,23.39,22.12,3.15,80.46,3.05,0.55,0.56
1998,172,28.97,23.28,22.29,10.07,83.43,3.55,0.56,0.61
1998,173,29.06,22.73,22.2,16.8,83.53,2.41,0.57,0.68
1998,174,30.1,21.47,21.43,2.74,80.98,3.95,0.57,0.61
1998,175,30.57,22.3,21.7,7.43,81.3,3.6,0.57,0.62
1998,176,29.16,22.67,22.11,2.49,83.11,3.66,0.58,0.61
1998,177,29.34,22.49,22.25,11.95,84.38,5.14,0.58,0.65
1998,178,29.57,22.78,22.66,15.92,84.55,4.38,0.6,0.72
1998,179,26.85,23.69,22.78,43.61,89.14,4.87,0.61,0.82
1998,180,25.79,23.49,22.87,21.42,90.85,6.32,0.64,0.81
1998,181,25.78,23.51,23.25,16.87,93.21,7.88,0.66,0.8
1998,182,26.95,22.95,22.88,41.49,90.68,7.42,0.68,0.88
1998,183,27.78,22.1,22.03,19.92,87.04,7.14,0.7,0.83
1998,184,27.05,22.27,21.63,15.83,86.46,5.88,0.71,0.81
1998,185,26.65,22.5,21.94,13.82,88.37,5.47,0.72,0.81
1998,186,26.42,22.51,21.97,8.82,89.35,5.63,0.73,0.8
1998,187,27.08,22.39,21.94,4.47,87.99,6.1,0.73,0.77
1998,188,26.48,22.83,22.29,44.45,89.61,7.03,0.74,0.88
1998,189,24.51,21.8,22.08,40.02,92.86,6.39,0.78,0.93
1998,190,27.15,21.92,21.92,12.43,88.5,5.5,0.8,0.86
1998,191,26.79,22.46,22.02,0.98,88.97,5.65,0.8,0.81
1998,192,28.09,22.43,21.92,0.34,86.13,5.89,0.79,0.79
1998,193,28.16,22.26,21.97,0.37,86.53,5.71,0.79,0.78
1998,194,28.23,22.09,21.73,0.88,85.96,4.9,0.78,0.78
1998,195,27.77,22.09,21.68,1.24,85.79,4.21,0.78,0.78
1998,196,27.92,21.83,21.58,1.34,86.02,4.42,0.78,0.77
1998,197,28.34,21.97,21.73,1.28,87.02,4.05,0.78,0.77
1998,198,27.54,22.13,21.74,3.27,87.61,3.98,0.77,0.78
1998,199,27.58,21.99,21.55,1.42,85.95,3.02,0.77,0.77
1998,200,27.46,21.5,21.56,16.8,87.18,1.95,0.77,0.82
1998,201,29.83,21.35,22.1,13.39,85.65,1.84,0.78,0.83
1998,202,29.53,22.25,22.53,3.72,87.19,2.51,0.79,0.8
1998,203,27.87,22.73,22.6,16.94,89.18,2.57,0.79,0.84
1998,204,27.74,22.09,22.31,4.25,88.23,2.27,0.8,0.81
1998,205,27.96,22.34,22.36,1.23,88.09,2.56,0.8,0.8
1998,206,28.4,21.9,21.73,4.46,85.56,2.59,0.79,0.8
1998,207,29.09,22.18,22.4,24.91,88.37,3.41,0.8,0.86
1998,208,26.47,22.16,22.49,90.83,92.45,3.98,0.82,0.95
1998,209,23.92,20.83,20.75,47.22,92.25,3.94,0.86,0.95
1998,210,24.86,20.07,20.86,15.78,92.83,3.73,0.87,0.91
1998,211,24.73,21.5,22.4,15.33,94.33,5.43,0.88,0.91
1998,212,26.31,21.96,22.26,5.16,91.6,5.87,0.89,0.88
1998,213,26.92,22.29,22.12,3.98,89.84,4.33,0.89,0.88
1998,214,27.51,22.23,22.32,4.19,89.44,4.08,0.88,0.87
1998,215,27.04,22.47,22.37,1.82,90.51,3.93,0.88,0.87
1998,216,27.15,22.25,22.02,4.34,88.8,4.28,0.88,0.87
1998,217,26.98,21.83,21.78,1.98,88.61,4.29,0.88,0.86
1998,218,27.18,22.28,22.33,3.5,89.54,4.72,0.87,0.86
1998,219,27.04,22.68,22.2,2.01,89.19,4.57,0.87,0.86
1998,220,26.86,22.64,22.27,5.74,89.34,4.71,0.87,0.86
1998,221,28.2,22.68,22.56,4.9,88.28,5.12,0.87,0.86
1998,222,26.15,22.51,22.61,16.92,93.08,4.76,0.87,0.89
1998,223,26.44,22.38,22.49,15.77,91.8,5.06,0.88,0.9
1998,224,26.53,22.23,22.22,12.44,90.39,5.04,0.89,0.9
1998,225,25.85,22.09,22.4,11.33,92.32,4.38,0.89,0.9
1998,226,27.5,22.4,22.38,5.28,89.88,4.31,0.89,0.88
1998,227,28.18,21.67,22.19,6.03,89.73,3.43,0.89,0.88
1998,228,25.46,21.43,21.72,2.82,91.98,2.54,0.89,0.87
1998,229,25.87,20.32,20.88,1.86,89.99,2.35,0.89,0.87
1998,230,28.18,20.0,21.61,0.28,88.06,2.38,0.89,0.86
1998,231,27.86,21.34,21.88,0.59,88.73,1.88,0.88,0.86
1998,232,27.51,21.13,21.67,6.01,88.02,1.94,0.88,0.87
1998,233,28.2,21.56,22.41,2.81,89.76,2.14,0.88,0.86
1998,234,28.77,22.66,23.07,19.12,89.41,1.71,0.88,0.9
1998,235,29.04,22.35,22.88,24.28,86.62,1.38,0.89,0.93
1998,236,28.32,22.51,23.15,29.02,88.84,1.25,0.9,0.94
1998,237,29.67,22.08,23.02,15.83,86.8,1.53,0.92,0.92
1998,238,27.09,23.37,23.41,38.38,93.13,3.42,0.92,0.95
1998,239,26.16,23.3,23.46,42.25,95.17,4.66,0.94,0.97
1998,240,26.52,22.63,23.08,28.06,93.66,4.9,0.95,0.96
1998,241,26.47,22.57,22.55,8.06,92.44,4.13,0.95,0.94
1998,242,26.3,22.25,22.26,2.59,91.75,3.92,0.95,0.93
1998,243,27.36,21.9,22.25,3.15,90.56,3.88,0.95,0.92
1998,244,26.5,21.66,21.95,1.71,90.84,3.13,0.94,0.91
1998,245,26.59,21.61,21.88,2.1,90.91,2.45,0.94,0.91
1998,246,26.9,20.97,21.63,0.81,89.29,2.15,0.93,0.9
1998,247,27.12,20.56,21.21,1.46,88.53,1.72,0.93,0.9
1998,248,25.98,21.27,22.33,13.2,93.32,1.24,0.93,0.92
1998,249,28.0,21.25,22.88,16.85,91.69,1.85,0.93,0.93
1998,250,26.39,23.15,23.53,27.18,94.53,2.39,0.94,0.95
1998,251,26.55,22.66,22.98,10.06,93.03,2.9,0.95,0.94
1998,252,25.15,21.98,22.0,5.6,93.46,4.27,0.95,0.93
1998,253,25.81,21.86,22.4,6.61,94.31,3.62,0.95,0.93
1998,254,27.04,21.87,22.92,22.51,92.7,2.21,0.95,0.95
1998,255,25.72,20.93,22.09,4.6,92.51,2.5,0.96,0.94
1998,256,25.74,20.62,21.78,1.45,93.12,3.17,0.95,0.93
1998,257,26.13,21.56,21.9,31.22,92.68,4.33,0.95,0.96
1998,258,26.17,21.52,21.67,17.13,92.06,4.74,0.96,0.95
1998,259,25.68,21.36,21.6,13.76,92.53,4.69,0.96,0.95
1998,260,24.73,21.11,21.19,29.64,92.66,4.18,0.96,0.96
1998,261,25.59,20.86,21.28,5.09,91.67,2.98,0.96,0.95
1998,262,26.1,20.14,21.23,8.53,91.47,2.88,0.96,0.94
1998,263,27.51,20.57,21.9,4.76,91.93,2.41,0.96,0.94
1998,264,25.39,21.55,21.84,4.49,94.03,2.28,0.96,0.94
1998,265,25.79,20.81,21.39,0.69,91.69,2.36,0.95,0.93
1998,266,26.48,20.41,21.21,0.34,90.72,2.57,0.95,0.92
1998,267,27.6,20.16,21.54,0.03,89.55,1.65,0.94,0.91
1998,268,25.58,21.08,22.16,0.07,93.2,1.8,0.94,0.91
1998,269,28.33,21.64,22.12,12.84,87.28,1.14,0.94,0.93
1998,270,28.2,20.77,22.07,10.07,88.93,2.12,0.94,0.92
1998,271,28.44,21.16,21.83,8.2,87.6,3.35,0.94,0.92
1998,272,28.27,21.8,21.8,10.13,87.17,3.87,0.94,0.92
1998,273,29.19,21.03,21.83,1.29,85.67,2.69,0.94,0.91
1998,274,28.78,21.41,22.61,1.56,89.17,1.9,0.93,0.9
1998,275,27.75,22.09,22.89,31.51,92.38,1.97,0.93,0.94
1998,276,26.26,22.39,22.44,19.11,92.86,1.89,0.95,0.94
1998,277,27.59,21.58,21.96,7.29,89.55,1.69,0.95,0.93
1998,278,28.28,21.15,22.12,4.45,88.08,1.89,0.95,0.93
1998,279,29.27,21.22,22.04,3.83,85.14,2.07,0.95,0.92
1998,280,28.75,22.22,22.83,8.11,88.7,1.28,0.94,0.92
1998,281,29.1,21.18,22.45,2.13,87.25,1.46,0.94,0.91
1998,282,28.62,21.29,22.23,19.43,87.51,2.21,0.94,0.93
1998,283,28.43,21.54,22.33,2.97,89.22,2.5,0.95,0.92
1998,284,27.85,22.21,22.55,22.17,90.46,2.62,0.94,0.94
1998,285,27.95,22.0,22.41,14.99,89.63,2.3,0.95,0.94
1998,286,28.15,21.26,22.14,11.37,89.18,1.72,0.95,0.94
1998,287,27.9,21.23,22.37,5.48,91.19,1.47,0.95,0.93
1998,288,25.59,22.03,22.23,2.56,94.0,3.2,0.95,0.93
1998,289,25.28,21.09,21.31,9.45,91.89,4.33,0.95,0.93
1998,290,26.33,20.77,21.22,4.92,91.58,4.92,0.95,0.92
1998,291,24.62,17.82,19.09,2.13,89.29,2.91,0.95,0.91
1998,292,24.25,16.37,17.81,0.65,89.29,2.17,0.94,0.91
1998,293,25.0,15.76,16.91,0.02,85.58,1.54,0.94,0.9
1998,294,25.59,15.5,16.5,0.0,82.23,0.94,0.93,0.9
1998,295,26.45,15.86,17.37,0.03,83.42,1.05,0.93,0.89
1998,296,25.72,17.73,19.35,13.7,89.49,1.15,0.93,0.91
1998,297,26.01,19.4,19.79,0.13,89.84,1.18,0.93,0.9
1998,298,27.31,18.86,19.48,0.02,84.98,1.19,0.92,0.89
1998,299,27.95,18.16,19.58,0.01,85.48,1.41,0.92,0.89
1998,300,28.67,17.57,19.56,0.08,83.11,1.55,0.91,0.88
1998,301,28.54,19.27,20.2,0.82,83.52,2.29,0.91,0.88
1998,302,27.55,18.53,18.78,0.13,81.2,1.57,0.9,0.87
1998,303,26.63,16.77,16.96,0.0,80.3,2.0,0.9,0.87
1998,304,22.26,14.08,15.81,2.43,83.7,2.04,0.9,0.87
1998,305,27.03,17.17,19.3,2.97,89.0,1.22,0.9,0.87
1998,306,28.1,17.93,20.42,0.04,86.43,1.09,0.89,0.86
1998,307,28.27,20.04,20.97,0.0,85.46,1.82,0.89,0.86
1998,308,28.35,20.4,21.4,3.48,86.58,1.68,0.88,0.86
1998,309,28.11,20.48,20.17,0.24,82.86,1.92,0.88,0.86
1998,310,28.19,18.88,19.2,0.0,81.63,2.07,0.88,0.85
1998,311,27.78,17.2,19.65,1.41,84.26,2.15,0.87,0.85
1998,312,25.55,20.54,21.03,13.66,90.62,1.53,0.87,0.88
1998,313,25.94,20.88,21.1,5.11,90.38,1.89,0.88,0.88
1998,314,27.05,20.3,21.23,1.83,89.54,1.88,0.88,0.86
1998,315,28.01,20.1,21.19,0.28,87.76,1.72,0.88,0.86
1998,316,27.34,16.03,18.06,0.0,81.85,2.45,0.87,0.85
1998,317,25.61,13.51,14.09,0.0,75.61,1.89,0.87,0.84
1998,318,25.41,13.16,14.42,0.0,76.38,1.3,0.86,0.84
1998,319,25.68,13.23,15.87,0.0,79.91,1.0,0.86,0.84
1998,320,25.94,15.82,17.04,0.0,81.12,1.08,0.86,0.83
1998,321,25.77,15.45,17.88,9.05,85.62,1.16,0.85,0.86
1998,322,24.36,17.35,17.94,2.24,86.7,1.31,0.86,0.85
1998,323,25.57,15.88,17.47,0.12,84.66,1.06,0.85,0.84
1998,324,26.12,16.63,17.09,0.0,81.55,1.66,0.85,0.83
1998,325,25.64,14.53,14.12,0.0,74.37,2.07,0.85,0.83
1998,326,25.17,12.53,11.69,0.0,67.71,1.69,0.84,0.82
1998,327,25.1,11.75,11.76,0.0,68.17,1.47,0.84,0.82
1998,328,25.28,12.65,13.18,0.0,73.03,1.69,0.83,0.82
1998,329,25.89,12.89,13.13,0.0,72.83,1.72,0.83,0.81
1998,330,25.17,11.7,11.33,0.0,68.61,1.55,0.82,0.81
1998,331,24.84,11.03,10.72,0.0,69.21,2.07,0.82,0.8
1998,332,24.14,10.58,10.29,0.0,70.06,2.35,0.82,0.8
1998,333,24.52,10.65,11.48,0.0,70.59,1.88,0.81,0.8
1998,334,25.86,11.92,13.82,0.0,74.59,1.35,0.81,0.79
1998,335,26.43,13.61,15.17,0.0,77.38,1.76,0.8,0.79
1998,336,26.33,14.37,15.07,0.0,77.68,1.99,0.8,0.79
1998,337,26.14,13.51,13.76,0.0,73.98,1.96,0.8,0.78
1998,338,25.67,13.04,13.09,0.0,72.64,2.22,0.79,0.78
1998,339,25.89,12.26,12.47,0.0,71.89,2.12,0.79,0.77
1998,340,26.63,11.76,11.84,0.0,69.8,2.06,0.78,0.77
1998,341,26.31,12.63,11.25,0.0,67.32,3.0,0.78,0.76
1998,342,26.18,12.38,10.9,0.0,65.06,2.86,0.78,0.76
1998,343,21.62,12.49,11.96,0.0,75.8,2.71,0.77,0.76
1998,344,24.49,13.02,11.14,0.0,68.55,3.27,0.77,0.76
1998,345,25.78,12.94,11.95,0.0,69.86,3.54,0.77,0.75
1998,346,23.74,12.87,12.19,0.0,72.15,3.67,0.76,0.75
1998,347,22.67,13.42,11.91,0.0,73.21,3.88,0.76,0.75
1998,348,24.13,12.44,12.55,0.02,74.99,3.66,0.76,0.75
1998,349,22.85,13.25,12.41,0.04,73.19,2.85,0.75,0.74
1998,350,25.11,14.2,13.29,0.0,73.04,2.09,0.75,0.74
1998,351,26.35,12.34,12.01,0.0,70.63,2.09,0.75,0.74
1998,352,26.02,11.44,10.96,0.0,67.82,2.07,0.74,0.73
1998,353,25.53,10.86,9.68,0.0,63.61,1.89,0.74,0.73
1998,354,25.56,9.93,7.98,0.0,58.34,1.67,0.74,0.72
1998,355,25.93,9.92,7.65,0.0,55.66,1.51,0.73,0.72
1998,356,25.57,9.81,8.28,0.0,57.84,1.57,0.73,0.72
1998,357,25.64,10.19,8.98,0.0,60.72,1.68,0.73,0.72
1998,358,26.33,9.86,9.51,0.0,61.37,1.47,0.72,0.71
1998,359,25.62,10.85,9.62,0.0,65.11,2.4,0.72,0.71
1998,360,24.66,10.23,7.85,0.0,60.88,2.48,0.72,0.7
1998,361,25.52,9.23,7.98,0.0,59.46,2.09,0.71,0.7
1998,362,26.1,9.57,8.34,0.0,59.37,1.91,0.71,0.7
1998,363,25.75,9.6,6.97,0.0,55.85,2.17,0.71,0.69
1998,364,25.14,10.45,6.64,0.0,52.79,1.56,0.7,0.69
1998,365,26.2,9.64,7.09,0.0,53.26,1.7,0.7,0.69
1999,1,26.14,10.76,9.18,0.0,62.55,2.59,0.7,0.68
1999,2,25.89,10.64,9.55,0.0,62.56,2.45,0.69,0.68
1999,3,25.64,10.07,8.39,0.0,58.77,1.77,0.69,0.68
1999,4,25.73,9.81,8.57,0.0,58.56,1.68,0.69,0.68
1999,5,25.16,11.05,11.13,0.0,70.11,1.38,0.68,0.67
1999,6,22.25,12.65,13.68,0.0,85.15,1.87,0.68,0.67
1999,7,22.22,10.08,11.22,0.0,78.52,1.54,0.68,0.67
1999,8,24.77,7.79,6.98,0.0,58.68,1.86,0.68,0.67
1999,9,26.41,9.46,8.47,0.0,59.68,1.98,0.67,0.66
1999,10,26.3,10.22,8.28,0.0,57.35,1.8,0.67,0.66
1999,11,26.77,10.09,8.77,0.0,57.7,2.27,0.67,0.65
1999,12,26.34,11.16,10.31,0.0,63.29,1.17,0.66,0.65
1999,13,26.82,10.24,8.47,0.0,54.61,1.4,0.66,0.65
1999,14,26.9,12.16,11.12,0.0,63.35,2.45,0.66,0.64
1999,15,26.99,11.84,8.59,0.0,53.97,2.42,0.65,0.64
1999,16,27.54,10.83,8.25,0.0,52.74,1.61,0.65,0.63
1999,17,27.62,11.3,8.5,0.0,52.43,1.62,0.65,0.63
1999,18,27.75,11.51,8.09,0.0,52.45,2.08,0.64,0.62
1999,19,27.69,11.09,7.15,0.0,49.74,2.07,0.64,0.61
1999,20,27.78,10.6,6.58,0.0,47.43,1.74,0.64,0.61
1999,21,28.01,10.67,9.11,0.0,56.65,1.47,0.63,0.61
1999,22,28.21,11.32,10.0,0.0,60.9,1.41,0.63,0.6
1999,23,27.45,11.91,10.11,0.0,62.17,1.38,0.63,0.6
1999,24,28.02,11.07,9.24,0.0,62.02,1.51,0.63,0.59
1999,25,28.85,10.39,9.03,0.0,59.89,1.45,0.62,0.58
1999,26,28.85,11.54,9.74,0.0,60.93,1.58,0.62,0.58
1999,27,28.39,10.15,7.1,0.0,55.66,1.71,0.62,0.57
1999,28,25.67,10.74,9.43,0.0,63.95,2.2,0.61,0.57
1999,29,27.81,9.06,6.52,0.0,54.64,1.49,0.61,0.56
1999,30,27.99,12.57,6.21,0.0,49.55,1.7,0.61,0.56
1999,31,27.42,9.96,3.97,0.0,45.88,1.66,0.61,0.55
1999,32,26.78,11.4,3.79,0.0,44.38,1.66,0.6,0.54
1999,33,28.09,9.95,5.31,0.0,47.62,1.76,0.6,0.54
1999,34,29.71,11.59,10.77,0.0,57.09,2.28,0.6,0.53
1999,35,29.13,16.87,14.12,0.0,64.0,2.28,0.6,0.53
1999,36,30.4,14.41,12.92,0.0,62.2,2.15,0.59,0.52
1999,37,30.96,15.39,14.15,0.0,61.61,1.77,0.59,0.52
1999,38,31.28,17.93,15.59,0.01,64.19,1.79,0.59,0.51
1999,39,29.69,16.82,13.67,1.52,61.08,1.8,0.59,0.52
1999,40,29.07,13.96,10.91,0.0,62.43,1.93,0.58,0.52
1999,41,29.33,12.51,9.84,0.0,56.77,1.53,0.58,0.51
1999,42,31.47,13.47,10.72,0.0,52.8,1.29,0.58,0.5
1999,43,32.27,15.86,13.04,0.0,54.4,1.73,0.58,0.49
1999,44,31.8,17.04,12.19,0.0,50.48,2.58,0.57,0.49
1999,45,31.83,16.78,11.36,0.0,47.8,2.24,0.57,0.48
1999,46,32.57,16.73,11.7,0.0,48.02,2.05,0.57,0.47
1999,47,32.16,19.35,13.74,0.15,52.14,1.6,0.57,0.47
1999,48,32.39,18.59,13.84,0.01,54.47,1.63,0.56,0.46
1999,49,33.17,18.49,10.81,0.0,45.99,1.89,0.56,0.45
1999,50,33.99,16.24,8.63,0.0,39.79,1.72,0.56,0.45
1999,51,33.9,16.43,9.99,0.0,43.58,1.72,0.56,0.45
1999,52,33.81,15.47,7.8,0.0,41.46,1.59,0.56,0.44
1999,53,33.99,16.09,8.22,0.0,38.43,1.82,0.55,0.44
1999,54,34.18,16.09,8.34,0.0,38.8,1.49,0.55,0.43
1999,55,34.55,16.89,7.73,0.0,37.38,1.68,0.55,0.43
1999,56,35.39,17.09,6.41,0.0,35.37,1.64,0.55,0.42
1999,57,35.21,17.33,9.06,0.0,40.19,1.81,0.54,0.41
1999,58,35.97,17.42,7.09,0.0,33.65,2.32,0.54,0.41
1999,59,35.29,17.45,7.11,0.0,33.84,2.14,0.54,0.4
1999,60,35.34,17.58,7.24,0.0,34.15,1.87,0.54,0.4
1999,61,35.41,18.5,6.78,0.0,31.06,2.95,0.54,0.4
1999,62,35.4,17.57,8.07,0.0,35.36,2.45,0.53,0.4
1999,63,35.84,20.19,8.88,0.0,37.43,1.38,0.53,0.39
1999,64,36.11,17.78,6.83,0.0,33.63,1.59,0.53,0.39
1999,65,36.71,17.97,8.15,0.0,36.42,1.78,0.53,0.39
1999,66,36.61,17.96,9.61,0.0,40.03,1.57,0.53,0.38
1999,67,36.83,17.64,9.13,0.0,39.35,2.24,0.53,0.38
1999,68,35.65,17.89,11.78,0.0,47.48,2.57,0.52,0.38
1999,69,35.41,16.42,11.35,0.0,50.14,2.43,0.52,0.38
1999,70,35.0,16.32,10.05,0.0,45.67,2.52,0.52,0.38
1999,71,34.33,16.14,8.92,0.0,42.54,2.33,0.52,0.37
1999,72,36.11,16.71,6.21,0.0,32.93,1.89,0.52,0.37
1999,73,37.18,17.19,3.97,0.0,27.39,1.92,0.52,0.36
1999,74,37.68,18.03,7.0,0.0,31.48,2.26,0.52,0.35
1999,75,37.7,19.94,7.31,0.0,32.11,2.03,0.51,0.35
1999,76,36.41,19.2,8.96,0.0,38.93,2.69,0.51,0.34
1999,77,35.14,17.51,10.28,0.0,43.16,2.71,0.51,0.34
1999,78,35.6,16.98,10.0,0.0,44.1,2.62,0.51,0.34
1999,79,37.28,16.2,5.62,0.0,33.36,2.52,0.51,0.33
1999,80,38.21,17.74,-0.8,0.0,18.3,2.43,0.51,0.31
1999,81,38.53,16.31,-0.51,0.0,20.36,2.18,0.51,0.3
1999,82,38.66,17.44,-0.09,0.0,20.98,2.25,0.51,0.29
1999,83,38.05,17.95,-0.65,0.0,23.38,2.5,0.5,0.29
1999,84,37.66,16.18,4.6,0.0,30.36,2.7,0.5,0.28
1999,85,37.65,18.09,4.14,0.0,28.0,2.78,0.5,0.28
1999,86,39.7,18.05,3.87,0.0,27.26,1.81,0.5,0.27
1999,87,40.16,19.63,0.43,0.0,20.93,1.76,0.5,0.26
1999,88,40.68,18.34,-2.78,0.0,15.12,2.17,0.5,0.25
1999,89,41.57,18.93,-2.7,0.0,13.96,2.26,0.5,0.24
1999,90,41.14,21.51,7.26,0.0,36.15,1.59,0.5,0.24
1999,91,39.23,20.2,12.96,0.0,51.88,2.12,0.5,0.24
1999,92,39.54,19.68,9.62,0.0,40.24,1.86,0.5,0.24
1999,93,39.74,19.53,5.21,0.0,25.65,2.01,0.5,0.23
1999,94,40.36,21.21,5.38,0.0,23.18,1.69,0.5,0.23
1999,95,40.31,20.86,6.96,0.0,28.02,1.85,0.5,0.22
1999,96,41.26,21.2,9.57,0.0,40.13,2.19,0.5,0.22
1999,97,40.93,20.78,14.17,0.0,51.3,2.51,0.5,0.22
1999,98,39.57,21.3,9.54,0.0,38.93,2.82,0.5,0.21
1999,99,40.43,19.73,12.22,0.0,45.45,2.8,0.5,0.21
1999,100,42.15,20.79,12.8,0.0,45.1,2.55,0.5,0.21
1999,101,41.34,20.21,9.97,0.0,40.85,3.21,0.5,0.21
1999,102,40.44,19.47,11.94,0.0,46.19,3.17,0.49,0.21
1999,103,37.17,20.51,13.49,0.0,50.67,3.42,0.49,0.21
1999,104,37.24,19.06,11.59,0.0,48.91,3.29,0.49,0.21
1999,105,38.34,18.72,12.06,0.0,49.12,2.98,0.49,0.2
1999,106,40.0,18.81,3.08,0.0,27.68,2.67,0.49,0.2
1999,107,40.27,19.17,0.14,0.0,21.6,2.81,0.49,0.2
1999,108,40.03,19.24,6.75,0.0,33.16,2.55,0.49,0.19
1999,109,39.57,18.5,11.27,0.0,46.35,2.77,0.49,0.19
1999,110,39.2,20.49,12.6,0.0,48.83,2.74,0.49,0.19
1999,111,40.88,18.89,12.59,0.0,49.76,2.1,0.49,0.19
1999,112,39.81,20.91,16.11,0.0,55.77,3.28,0.49,0.18
1999,113,40.4,21.51,15.9,0.0,56.05,3.22,0.49,0.18
1999,114,39.93,21.04,16.1,0.0,55.0,3.11,0.49,0.18
1999,115,38.48,21.45,17.18,0.0,58.44,3.63,0.49,0.18
1999,116,36.57,21.47,17.36,0.0,59.3,3.86,0.49,0.18
1999,117,35.97,21.98,16.92,0.0,57.06,3.78,0.49,0.18
1999,118,37.43,21.4,16.28,0.0,56.15,3.55,0.49,0.18
1999,119,38.2,20.86,15.73,0.0,55.07,3.34,0.49,0.18
1999,120,39.97,19.94,14.6,0.0,50.85,3.23,0.49,0.18
1999,121,39.74,20.14,13.73,0.0,50.58,3.35,0.49,0.18
1999,122,40.07,20.48,13.62,0.0,50.1,2.92,0.49,0.17
1999,123,38.26,20.89,12.76,0.0,48.15,2.82,0.49,0.17
1999,124,39.74,20.73,14.75,0.0,54.41,2.87,0.49,0.17
1999,125,40.16,20.79,15.51,0.02,52.28,3.03,0.49,0.17
1999,126,39.42,23.22,17.95,0.04,55.77,3.39,0.49,0.17
1999,127,36.3,22.93,17.99,0.01,57.53,3.33,0.49,0.17
1999,128,34.65,23.17,17.37,0.04,58.86,3.06,0.49,0.17
1999,129,38.27,22.31,16.39,0.0,55.92,3.11,0.49,0.17
1999,130,38.04,21.31,14.69,0.0,52.69,3.39,0.49,0.16
1999,131,38.7,21.1,14.75,0.0,51.72,3.19,0.49,0.16
1999,132,38.99,21.08,16.06,0.11,54.35,2.68,0.49,0.16
1999,133,38.63,22.22,17.53,0.24,58.22,3.07,0.49,0.17
1999,134,38.01,21.75,16.29,0.0,54.19,3.68,0.49,0.16
1999,135,38.57,22.77,17.59,0.54,55.98,3.15,0.49,0.17
1999,136,29.72,23.11,21.18,30.8,77.48,2.01,0.51,0.55
1999,137,33.08,23.16,20.39,2.74,71.56,2.25,0.52,0.56
1999,138,27.95,22.79,21.12,1.96,79.89,1.97,0.52,0.53
1999,139,27.19,22.77,21.53,1.04,84.65,2.83,0.52,0.52
1999,140,27.07,22.04,20.93,4.72,83.96,2.84,0.52,0.55
1999,141,27.56,22.05,21.14,9.57,83.63,2.86,0.53,0.59
1999,142,29.39,22.25,21.24,5.3,81.36,3.83,0.53,0.58
1999,143,28.19,22.48,20.81,2.07,80.01,3.12,0.53,0.54
1999,144,30.76,22.14,20.31,0.61,75.86,3.77,0.53,0.52
1999,145,30.37,22.06,20.02,0.48,75.13,4.43,0.53,0.5
1999,146,29.24,21.46,19.65,0.31,75.54,3.59,0.53,0.5
1999,147,30.92,21.66,19.13,0.04,71.17,3.75,0.53,0.49
1999,148,32.41,22.0,19.52,0.01,70.57,4.11,0.53,0.48
1999,149,32.71,21.62,19.26,0.0,69.43,4.28,0.53,0.47
1999,150,31.39,21.8,20.14,0.74,73.78,4.54,0.52,0.47
1999,151,30.74,22.17,20.02,0.78,73.75,4.42,0.52,0.48
1999,152,30.92,21.79,19.87,2.34,73.64,4.08,0.52,0.48
1999,153,30.15,21.73,20.05,9.54,75.64,3.91,0.53,0.56
1999,154,32.17,20.92,19.25,2.24,71.46,3.63,0.53,0.52
1999,155,34.08,21.61,19.42,0.16,68.86,3.63,0.53,0.47
1999,156,34.55,21.68,19.04,0.05,66.22,3.73,0.53,0.45
1999,157,34.29,20.77,18.64,0.0,66.08,3.88,0.52,0.44
1999,158,34.25,21.44,19.3,0.03,67.24,4.22,0.52,0.44
1999,159,33.71,21.94,19.7,0.46,69.29,4.85,0.52,0.44
1999,160,31.95,22.56,20.51,0.49,73.37,5.07,0.52,0.44
1999,161,32.81,22.58,20.79,2.21,73.77,4.69,0.52,0.46
1999,162,28.83,23.15,22.38,51.0,86.02,4.13,0.54,0.73
1999,163,26.75,22.1,21.79,21.17,87.83,4.3,0.58,0.77
1999,164,26.56,21.83,21.24,7.29,85.72,3.5,0.59,0.69
1999,165,27.35,22.14,21.62,4.6,85.74,2.89,0.59,0.66
1999,166,27.59,21.69,20.69,4.76,82.65,3.67,0.59,0.65
1999,167,27.5,19.82,19.42,10.48,80.92,4.31,0.59,0.67
1999,168,24.18,19.62,19.64,18.03,87.38,4.24,0.61,0.75
1999,169,26.27,20.76,21.23,10.6,89.78,3.61,0.61,0.7
1999,170,26.8,21.73,21.68,15.31,89.17,5.6,0.62,0.75
1999,171,27.36,22.44,21.86,8.99,87.33,6.08,0.63,0.72
1999,172,27.82,22.24,21.78,15.12,86.3,7.48,0.64,0.75
1999,173,27.37,22.67,22.51,40.62,88.81,7.83,0.66,0.85
1999,174,25.79,22.74,22.41,36.28,91.54,5.54,0.69,0.89
1999,175,27.66,22.77,21.86,19.35,86.95,5.74,0.71,0.84
1999,176,27.51,22.66,21.76,11.09,86.05,5.62,0.72,0.8
1999,177,27.57,22.02,21.46,3.9,86.49,4.45,0.72,0.77
1999,178,28.67,21.53,21.7,6.12,86.62,4.72,0.72,0.76
1999,179,28.45,22.22,22.03,23.02,86.8,4.03,0.73,0.82
1999,180,26.87,22.09,21.78,7.99,88.17,3.44,0.74,0.8
1999,181,27.78,21.85,21.36,1.79,85.42,3.82,0.74,0.76
1999,182,26.72,21.52,20.87,0.61,86.64,4.14,0.74,0.75
1999,183,27.13,21.47,20.84,1.05,84.51,4.89,0.74,0.74
1999,184,26.95,21.64,21.17,0.44,85.54,4.66,0.73,0.73
1999,185,28.91,21.75,21.39,0.48,83.62,3.62,0.73,0.72
1999,186,29.34,21.25,21.45,0.17,82.69,2.3,0.73,0.71
1999,187,27.89,21.98,21.48,7.04,84.72,1.58,0.72,0.74
1999,188,25.02,21.99,22.03,26.17,92.79,2.97,0.74,0.86
1999,189,26.83,20.65,21.43,25.98,89.59,2.94,0.76,0.86
1999,190,27.34,21.61,21.8,5.73,88.94,3.17,0.77,0.81
1999,191,26.82,21.68,21.47,7.29,88.04,4.61,0.77,0.8
1999,192,26.68,22.1,21.52,2.9,87.5,5.38,0.77,0.79
1999,193,27.39,21.98,21.41,4.48,86.38,5.75,0.77,0.79
1999,194,26.36,22.35,21.64,3.19,88.3,5.2,0.77,0.78
1999,195,25.71,22.38,21.87,17.73,89.87,5.76,0.77,0.83
1999,196,25.57,22.6,22.35,18.98,92.07,5.75,0.79,0.86
1999,197,25.62,22.69,22.51,39.44,92.64,5.52,0.8,0.91
1999,198,26.55,22.61,22.39,19.26,90.84,4.94,0.82,0.89
1999,199,27.22,22.53,22.4,15.89,89.51,5.72,0.83,0.88
1999,200,25.52,22.41,22.32,10.2,92.57,5.61,0.84,0.87
1999,201,27.0,22.3,21.94,19.2,88.34,6.45,0.85,0.88
1999,202,26.44,22.68,22.02,19.82,89.72,5.94,0.86,0.9
1999,203,26.79,22.52,22.06,10.06,89.21,6.19,0.86,0.88
1999,204,26.4,22.29,21.95,8.1,90.55,6.44,0.87,0.88
1999,205,26.85,22.18,21.79,2.83,88.54,6.15,0.86,0.86
1999,206,26.63,22.31,21.69,4.79,87.87,5.62,0.86,0.86
1999,207,27.41,22.01,21.66,6.86,87.58,5.96,0.86,0.86
1999,208,25.22,21.98,21.58,2.38,90.66,5.73,0.86,0.85
1999,209,25.66,21.46,21.31,3.08,90.06,5.19,0.86,0.85
1999,210,26.06,21.72,21.26,1.28,89.31,6.36,0.86,0.84
1999,211,27.47,21.48,21.4,3.81,87.86,5.99,0.85,0.84
1999,212,26.7,21.66,21.31,2.07,88.02,5.1,0.85,0.84
1999,213,26.61,21.8,21.49,1.65,88.38,4.96,0.85,0.83
1999,214,26.63,21.64,21.19,1.75,88.22,5.04,0.85,0.83
1999,215,25.63,21.38,21.09,3.24,90.08,4.65,0.84,0.84
1999,216,26.74,21.24,20.99,4.42,88.09,4.88,0.84,0.84
1999,217,25.33,21.57,21.1,9.93,90.57,5.43,0.84,0.85
1999,218,25.48,21.4,21.25,18.33,89.96,6.53,0.85,0.89
1999,219,25.75,21.93,21.52,7.61,89.96,6.46,0.86,0.87
1999,220,25.15,22.01,21.24,6.56,89.48,5.9,0.86,0.86
1999,221,25.36,22.0,21.57,4.35,91.38,5.32,0.86,0.86
1999,222,26.59,21.6,21.49,1.02,89.58,4.74,0.86,0.84
1999,223,27.31,21.34,21.22,0.44,87.72,4.91,0.85,0.84
1999,224,27.48,20.93,20.97,0.17,87.59,4.75,0.85,0.83
1999,225,26.22,20.83,20.82,1.38,88.39,5.16,0.84,0.83
1999,226,25.47,21.1,20.89,1.2,90.39,4.26,0.84,0.83
1999,227,26.83,20.89,21.07,0.63,88.71,3.77,0.84,0.82
1999,228,27.66,20.25,21.07,0.24,87.45,3.38,0.84,0.81
1999,229,27.94,20.6,21.03,0.09,86.68,3.13,0.83,0.81
1999,230,28.12,20.28,20.69,0.63,86.06,2.88,0.83,0.8
1999,231,28.35,19.8,20.74,0.83,86.56,2.45,0.82,0.8
1999,232,28.44,19.94,20.65,0.22,85.92,2.96,0.82,0.79
1999,233,26.42,20.52,20.41,1.05,87.32,2.95,0.81,0.79
1999,234,26.83,20.39,20.54,0.69,87.22,2.6,0.81,0.79
1999,235,26.74,20.16,20.82,1.29,87.7,2.37,0.81,0.79
1999,236,27.42,20.6,20.85,0.68,87.12,2.53,0.8,0.79
1999,237,25.54,20.45,20.56,0.91,89.08,2.76,0.8,0.79
1999,238,26.03,20.98,20.94,8.24,89.1,3.72,0.8,0.81
1999,239,26.64,21.36,21.27,5.84,89.22,3.83,0.8,0.81
1999,240,27.51,20.64,20.79,2.17,86.84,3.42,0.8,0.79
1999,241,27.6,20.09,20.45,0.66,86.15,3.03,0.8,0.78
1999,242,25.32,20.5,20.41,0.59,88.85,2.59,0.8,0.78
1999,243,27.3,20.09,20.52,0.45,87.91,2.93,0.79,0.78
1999,244,28.04,20.46,20.66,0.79,86.16,3.56,0.79,0.77
1999,245,27.44,20.43,20.46,2.78,86.38,3.84,0.79,0.77
1999,246,25.2,20.66,20.49,4.4,89.37,3.86,0.78,0.79
1999,247,27.32,20.52,20.64,8.21,87.31,4.23,0.79,0.8
1999,248,26.76,20.82,20.53,5.67,87.29,3.84,0.79,0.8
1999,249,27.55,20.59,20.6,2.79,86.71,3.66,0.79,0.78
1999,250,27.1,20.39,20.48,0.65,86.36,3.54,0.78,0.77
1999,251,25.58,20.97,20.87,6.44,89.81,3.54,0.78,0.79
1999,252,26.04,20.82,21.23,11.55,91.72,3.1,0.78,0.82
1999,253,25.47,21.0,21.36,16.49,93.13,3.05,0.79,0.85
1999,254,24.72,20.3,20.38,7.14,91.53,3.35,0.8,0.83
1999,255,23.02,20.03,20.24,11.98,93.36,2.87,0.81,0.84
1999,256,24.81,21.12,21.22,5.37,92.99,3.18,0.81,0.83
1999,257,26.4,20.88,20.93,1.82,89.36,3.31,0.81,0.81
1999,258,26.49,20.35,20.5,0.46,88.31,3.44,0.81,0.8
1999,259,27.13,20.22,20.79,2.43,88.56,3.35,0.81,0.8
1999,260,26.66,19.53,20.31,0.88,88.34,3.16,0.8,0.79
1999,261,26.25,18.94,19.89,0.21,88.85,2.58,0.8,0.78
1999,262,27.34,18.8,20.01,0.03,86.65,2.32,0.8,0.78
1999,263,27.95,18.97,20.33,0.0,85.95,2.28,0.79,0.77
1999,264,26.58,19.15,19.9,1.68,87.09,2.32,0.79,0.77
1999,265,26.82,19.44,20.27,1.16,87.94,2.43,0.79,0.77
1999,266,28.26,20.52,21.55,22.15,89.58,2.19,0.79,0.84
1999,267,28.57,21.18,21.91,3.46,88.28,1.49,0.8,0.82
1999,268,26.33,21.41,21.8,0.02,91.03,1.78,0.8,0.79
1999,269,25.87,21.36,21.56,6.82,90.71,1.74,0.8,0.81
1999,270,24.92,21.57,22.18,30.7,94.61,1.16,0.81,0.9
1999,271,27.84,21.46,22.27,26.18,89.05,0.58,0.83,0.9
1999,272,27.17,20.97,21.69,17.85,87.98,1.4,0.84,0.89
1999,273,27.84,20.76,21.41,13.21,86.36,2.43,0.85,0.88
1999,274,28.75,21.32,21.89,14.19,86.39,1.73,0.86,0.88
1999,275,27.93,21.59,22.15,23.17,89.93,1.59,0.87,0.91
1999,276,26.64,21.33,22.06,8.78,91.74,1.17,0.88,0.89
1999,277,25.77,21.32,21.53,0.84,91.42,1.71,0.88,0.86
1999,278,28.21,20.33,21.62,4.39,87.86,1.47,0.88,0.86
1999,279,29.14,21.36,21.76,3.62,85.63,1.78,0.88,0.86
1999,280,29.15,21.55,21.89,27.55,85.2,2.28,0.88,0.9
1999,281,27.71,21.67,22.16,10.33,89.08,2.09,0.89,0.9
1999,282,29.36,20.93,21.51,7.53,84.19,2.31,0.89,0.88
1999,283,28.65,21.11,22.07,8.74,87.89,1.94,0.89,0.88
1999,284,29.07,21.75,22.1,2.36,85.92,0.86,0.89,0.87
1999,285,26.67,21.35,22.02,2.27,91.11,1.26,0.89,0.87
1999,286,27.12,20.03,21.06,19.4,88.38,1.38,0.89,0.9
1999,287,27.79,20.4,21.18,27.72,88.08,1.41,0.91,0.94
1999,288,27.92,19.21,19.86,1.15,84.39,2.73,0.91,0.89
1999,289,28.54,19.23,20.22,0.14,84.01,2.35,0.9,0.87
1999,290,28.82,17.86,18.87,0.01,80.1,2.33,0.9,0.86
1999,291,27.62,14.96,14.03,0.0,69.83,2.12,0.89,0.86
1999,292,28.24,14.16,15.13,0.0,73.74,2.17,0.89,0.85
1999,293,28.45,14.71,16.07,0.0,75.71,2.34,0.88,0.85
1999,294,28.26,16.24,15.55,0.0,74.14,3.01,0.87,0.84
1999,295,27.72,14.68,14.46,0.0,71.95,2.66,0.87,0.84
1999,296,27.01,14.03,13.7,0.0,71.5,2.71,0.86,0.83
1999,297,26.88,13.87,14.3,0.0,74.45,2.6,0.86,0.83
1999,298,28.4,15.7,17.5,0.0,77.44,1.92,0.85,0.82
1999,299,28.33,19.71,20.77,10.26,85.33,1.66,0.85,0.85
1999,300,28.76,20.52,21.39,1.46,87.45,1.8,0.85,0.84
1999,301,28.96,16.08,15.02,0.01,68.09,2.0,0.85,0.82
1999,302,28.45,14.7,13.14,0.0,64.23,1.6,0.84,0.82
1999,303,26.74,16.53,14.02,0.0,67.63,1.56,0.84,0.81
1999,304,27.41,15.34,15.98,0.0,80.17,1.37,0.83,0.81
1999,305,27.96,13.96,14.4,0.0,72.68,1.65,0.83,0.8
1999,306,28.26,13.77,13.78,0.0,70.09,2.18,0.82,0.8
1999,307,28.26,14.19,12.57,0.0,62.9,1.84,0.82,0.79
1999,308,28.44,12.97,12.74,0.0,64.29,1.5,0.81,0.79
1999,309,28.76,14.1,14.65,0.0,68.64,1.43,0.81,0.78
1999,310,29.26,15.37,16.88,0.03,76.15,1.93,0.8,0.78
1999,311,28.73,16.92,18.26,0.0,78.56,1.83,0.8,0.77
1999,312,28.52,17.86,18.82,0.0,79.3,1.13,0.79,0.77
1999,313,28.09,18.6,18.41,0.0,78.94,1.34,0.79,0.77
1999,314,29.3,15.92,15.33,0.0,71.8,1.34,0.78,0.76
1999,315,28.38,14.2,14.2,0.0,70.54,1.42,0.78,0.76
1999,316,28.3,14.27,14.12,0.0,69.25,1.45,0.78,0.75
1999,317,27.93,13.94,13.45,0.0,67.77,1.69,0.77,0.75
1999,318,27.84,13.69,12.95,0.0,67.04,1.96,0.77,0.75
1999,319,27.68,13.53,11.11,0.0,62.61,2.61,0.76,0.74
1999,320,28.06,12.62,10.26,0.0,59.14,2.6,0.76,0.74
1999,321,27.75,13.08,10.17,0.0,59.21,2.7,0.75,0.73
1999,322,27.32,12.99,10.47,0.0,60.9,3.12,0.75,0.73
1999,323,27.08,11.86,9.15,0.0,57.83,2.84,0.74,0.72
1999,324,27.02,11.39,8.15,0.0,55.64,2.92,0.74,0.72
1999,325,26.96,11.42,8.16,0.0,55.35,2.9,0.73,0.71
1999,326,26.25,11.98,8.78,0.0,57.48,3.06,0.73,0.71
1999,327,26.17,12.91,11.2,0.0,62.04,2.79,0.73,0.71
1999,328,26.21,15.16,14.82,0.0,71.57,1.99,0.72,0.71
1999,329,28.0,16.56,16.83,0.0,77.32,1.73,0.72,0.71
1999,330,28.8,16.44,16.22,0.0,73.08,1.83,0.72,0.71
1999,331,28.67,14.99,13.66,0.0,66.42,2.62,0.71,0.7
1999,332,28.23,12.62,8.84,0.0,53.48,2.63,0.71,0.69
1999,333,28.04,11.99,9.01,0.0,55.48,2.55,0.7,0.69
1999,334,28.31,12.49,9.6,0.0,55.67,2.53,0.7,0.68
1999,335,28.05,12.19,8.71,0.0,53.6,2.67,0.7,0.68
1999,336,27.74,11.68,7.83,0.0,51.53,2.54,0.69,0.67
1999,337,27.05,10.98,7.17,0.0,51.48,2.2,0.69,0.67
1999,338,26.72,10.42,6.97,0.0,50.68,2.15,0.68,0.66
1999,339,26.99,10.56,8.3,0.0,55.55,1.73,0.68,0.66
1999,340,26.77,10.4,9.17,0.0,59.82,1.51,0.68,0.65
1999,341,26.31,11.73,11.66,0.0,69.83,1.52,0.67,0.65
1999,342,26.44,11.35,12.34,0.0,74.66,1.25,0.67,0.65
1999,343,27.36,11.77,11.95,0.0,66.28,2.03,0.67,0.64
1999,344,27.05,12.69,12.07,0.0,67.46,1.82,0.67,0.64
1999,345,25.67,10.89,4.93,0.0,47.48,2.85,0.66,0.62
1999,346,25.56,8.67,3.17,0.0,44.62,2.43,0.66,0.62
1999,347,26.82,9.66,5.9,0.0,50.3,2.22,0.66,0.61
1999,348,27.65,9.97,6.93,0.0,51.07,1.47,0.65,0.61
1999,349,27.93,10.27,5.69,0.0,45.86,1.94,0.65,0.6
1999,350,28.0,10.73,6.41,0.0,48.39,2.15,0.65,0.6
1999,351,27.95,10.78,6.25,0.0,47.49,2.05,0.64,0.59
1999,352,27.85,10.47,5.03,0.0,44.26,2.01,0.64,0.59
1999,353,27.92,10.87,3.78,0.0,41.42,2.58,0.64,0.58
1999,354,27.11,10.51,3.59,0.0,42.31,2.92,0.63,0.57
1999,355,26.91,10.58,4.38,0.0,44.72,2.92,0.63,0.57
1999,356,27.85,10.78,6.81,0.0,48.48,2.65,0.63,0.56
1999,357,28.23,13.4,9.53,0.0,51.14,2.57,0.62,0.56
1999,358,28.58,13.47,9.61,0.0,52.65,2.11,0.62,0.56
1999,359,28.41,14.7,9.47,0.0,53.37,1.83,0.62,0.55
1999,360,27.97,14.64,10.8,0.0,55.08,1.47,0.61,0.55
1999,361,27.82,14.98,12.26,0.0,60.32,1.46,0.61,0.55
1999,362,29.01,14.78,10.92,0.0,54.93,2.25,0.61,0.54
1999,363,28.38,13.25,9.79,0.0,53.06,1.9,0.61,0.54
1999,364,28.55,12.35,9.41,0.0,53.8,1.44,0.6,0.54
1999,365,28.47,11.98,8.56,0.0,49.89,1.71,0.6,0.53
2000,1,27.73,12.34,9.12,0.0,53.23,2.11,0.6,0.53
2000,2,27.52,12.59,6.69,0.0,46.2,2.33,0.6,0.52
2000,3,27.75,11.24,4.22,0.0,41.78,2.24,0.59,0.51
2000,4,27.88,10.49,3.54,0.0,40.09,1.89,0.59,0.51
2000,5,27.9,10.28,3.44,0.0,40.77,1.96,0.59,0.51
2000,6,27.91,10.74,1.56,0.0,36.38,2.53,0.59,0.5
2000,7,27.88,10.42,0.14,0.0,33.05,2.84,0.58,0.49
2000,8,29.17,10.58,-0.6,0.0,29.2,2.51,0.58,0.48
2000,9,30.26,10.89,3.75,0.0,35.73,2.22,0.58,0.48
2000,10,30.79,11.64,5.16,0.0,38.67,1.64,0.58,0.48
2000,11,31.17,13.15,8.98,0.0,49.45,1.62,0.58,0.47
2000,12,29.59,14.21,11.62,0.0,60.41,1.76,0.57,0.47
2000,13,30.05,12.71,10.16,0.0,62.3,1.68,0.57,0.47
2000,14,30.62,13.28,9.93,0.0,56.54,1.66,0.57,0.46
2000,15,26.84,12.57,5.66,0.0,47.36,1.95,0.57,0.46
2000,16,30.71,10.58,7.66,0.0,47.43,1.71,0.57,0.46
2000,17,32.26,16.01,11.61,0.0,51.39,1.92,0.56,0.45
2000,18,32.23,16.35,9.77,0.0,45.79,2.2,0.56,0.45
2000,19,32.34,15.28,10.46,0.0,49.53,1.95,0.56,0.44
2000,20,31.28,15.52,7.48,0.0,44.21,1.87,0.56,0.44
2000,21,29.2,15.22,7.76,0.0,47.1,1.84,0.56,0.44
2000,22,29.74,12.7,8.59,0.0,54.18,2.17,0.55,0.44
2000,23,29.7,11.47,7.78,0.0,54.62,1.94,0.55,0.44
2000,24,30.76,11.99,6.15,0.0,45.47,1.61,0.55,0.43
2000,25,31.46,11.81,3.62,0.0,36.75,1.8,0.55,0.43
2000,26,30.95,12.96,5.69,0.0,42.12,1.52,0.55,0.42
2000,27,30.93,12.63,7.94,0.0,47.14,1.56,0.55,0.42
2000,28,31.27,14.3,7.89,0.0,43.77,2.19,0.54,0.42
2000,29,31.03,14.16,5.79,0.0,38.64,2.34,0.54,0.41
2000,30,32.24,12.83,2.62,0.0,33.61,1.82,0.54,0.41
2000,31,32.22,12.45,2.54,0.0,36.76,1.66,0.54,0.41
2000,32,29.24,13.96,10.22,0.0,59.23,2.07,0.54,0.41
2000,33,29.32,13.84,12.25,0.0,70.85,1.95,0.54,0.41
2000,34,29.03,14.33,13.19,0.0,71.04,2.09,0.54,0.41
2000,35,32.03,12.28,10.56,0.0,63.56,1.95,0.53,0.41
2000,36,26.82,14.07,13.31,0.0,74.87,2.72,0.53,0.41
2000,37,27.99,13.18,11.07,0.0,68.98,1.86,0.53,0.41
2000,38,29.55,13.5,9.5,0.0,61.57,1.84,0.53,0.4
2000,39,28.28,11.79,4.74,0.0,47.06,1.98,0.53,0.4
2000,40,31.52,10.45,4.06,0.0,42.04,1.69,0.53,0.4
2000,41,31.31,13.43,6.42,0.0,45.57,2.37,0.53,0.39
2000,42,28.06,12.22,11.26,0.0,67.99,2.38,0.53,0.4
2000,43,28.01,11.84,10.18,0.0,65.66,1.78,0.52,0.4
2000,44,30.05,10.58,3.53,0.0,41.99,2.02,0.52,0.39
2000,45,32.66,12.88,7.66,0.0,42.05,1.94,0.52,0.39
2000,46,32.43,17.13,12.88,0.0,53.89,2.07,0.52,0.39
2000,47,32.82,17.19,10.33,0.0,45.77,2.32,0.52,0.38
2000,48,31.26,14.01,1.31,0.0,31.85,2.38,0.52,0.38
2000,49,31.44,10.57,-2.35,0.0,27.97,2.07,0.52,0.37
2000,50,31.26,12.05,1.03,0.0,36.66,2.04,0.52,0.37
2000,51,27.49,12.29,10.4,0.0,67.56,2.32,0.51,0.38
2000,52,28.92,13.84,10.8,0.0,65.53,1.69,0.51,0.38
2000,53,31.55,13.32,9.92,0.0,59.67,1.9,0.51,0.37
2000,54,32.35,14.06,12.16,0.08,58.97,2.35,0.51,0.37
2000,55,31.62,15.69,14.97,1.06,67.36,1.82,0.51,0.4
2000,56,31.53,16.26,14.92,0.0,66.09,1.9,0.51,0.39
2000,57,32.98,16.18,10.65,0.0,50.45,1.73,0.51,0.38
2000,58,33.68,16.4,10.22,0.0,45.55,2.15,0.51,0.37
2000,59,34.14,17.07,6.84,0.0,37.55,3.11,0.51,0.36
2000,60,34.68,16.0,0.8,0.0,24.82,2.65,0.51,0.34
2000,61,35.95,15.16,0.1,0.0,23.91,1.8,0.5,0.33
2000,62,35.14,18.0,2.47,0.0,26.93,2.06,0.5,0.32
2000,63,34.73,16.95,4.06,0.0,31.79,2.31,0.5,0.31
2000,64,33.62,14.84,5.35,0.0,39.52,2.37,0.5,0.3
2000,65,32.76,13.75,5.75,0.0,45.34,2.15,0.5,0.3
2000,66,32.38,14.05,5.13,0.0,43.53,2.41,0.5,0.3
2000,67,30.06,15.23,12.11,0.0,64.19,3.0,0.5,0.3
2000,68,33.18,12.11,4.31,0.0,42.49,2.1,0.5,0.29
2000,69,34.99,14.58,-0.93,0.0,23.89,1.87,0.5,0.28
2000,70,35.74,16.67,3.45,0.0,31.55,1.94,0.5,0.28
2000,71,35.92,17.53,4.92,0.0,35.33,2.11,0.5,0.27
2000,72,34.15,15.86,8.82,0.0,48.28,2.71,0.5,0.26
2000,73,31.31,15.58,13.52,0.0,65.87,3.2,0.5,0.26
2000,74,33.48,15.79,10.63,0.0,58.52,2.26,0.5,0.27
2000,75,35.04,13.17,6.82,0.0,50.06,2.26,0.5,0.26
2000,76,33.97,14.68,7.65,0.0,46.02,2.23,0.5,0.26
2000,77,36.37,14.11,7.56,0.0,51.46,2.06,0.5,0.25
2000,78,36.73,14.27,7.1,0.0,47.58,2.17,0.5,0.24
2000,79,36.97,15.98,3.09,0.0,30.31,2.42,0.5,0.24
2000,80,37.77,15.99,-5.4,0.0,14.07,1.97,0.5,0.23
2000,81,38.15,16.93,-3.15,0.0,17.94,2.16,0.49,0.22
2000,82,36.05,16.04,6.02,0.0,35.71,2.43,0.49,0.21
2000,83,36.8,15.46,1.26,0.0,25.85,1.89,0.49,0.21
2000,84,37.29,18.21,-2.46,0.0,14.84,2.99,0.49,0.21
2000,85,37.77,19.82,1.47,0.08,20.43,2.96,0.49,0.2
2000,86,37.53,19.83,4.93,0.01,25.44,1.57,0.49,0.2
2000,87,37.26,20.71,4.16,0.0,22.91,1.63,0.49,0.2
2000,88,37.35,21.5,7.57,0.0,26.82,1.75,0.49,0.19
2000,89,38.14,20.84,6.05,0.0,26.44,2.23,0.49,0.19
2000,90,39.24,21.05,4.97,0.0,28.09,1.56,0.49,0.19
2000,91,40.04,19.2,1.26,0.0,22.26,1.61,0.49,0.18
2000,92,40.58,18.56,-2.85,0.0,13.17,2.41,0.49,0.18
2000,93,40.25,19.55,1.92,0.0,19.52,1.53,0.49,0.17
2000,94,40.52,21.01,8.43,0.0,29.36,1.82,0.49,0.17
2000,95,39.52,23.31,14.94,0.06,47.67,2.35,0.49,0.17
2000,96,38.19,21.66,14.49,0.08,50.68,1.97,0.49,0.17
2000,97,40.16,20.22,12.07,0.03,42.87,2.18,0.49,0.17
2000,98,39.9,20.96,14.29,0.06,46.36,1.83,0.49,0.17
2000,99,38.4,23.34,14.84,0.01,47.72,2.04,0.49,0.17
2000,100,40.06,20.68,13.65,0.0,47.8,2.77,0.49,0.17
2000,101,38.77,20.61,10.61,0.0,42.02,3.04,0.49,0.17
2000,102,40.69,19.22,4.55,0.0,28.87,2.45,0.49,0.17
2000,103,40.99,19.21,11.15,0.0,42.49,2.46,0.49,0.16
2000,104,40.49,19.7,14.95,0.0,55.68,2.53,0.49,0.16
2000,105,36.91,20.47,16.0,0.0,58.36,3.61,0.49,0.16
2000,106,37.43,20.45,14.8,0.0,55.91,3.49,0.49,0.16
2000,107,39.15,18.77,13.16,0.0,53.49,2.84,0.49,0.16
2000,108,40.13,19.38,14.63,0.03,51.91,3.19,0.49,0.16
2000,109,40.3,21.5,11.58,0.01,39.11,2.37,0.49,0.16
2000,110,39.85,23.69,12.64,0.01,35.94,1.38,0.49,0.15
2000,111,41.15,22.85,10.19,0.0,33.62,2.08,0.49,0.15
2000,112,39.57,21.21,14.71,0.0,48.86,2.79,0.49,0.15
2000,113,37.25,21.74,14.65,0.0,50.13,3.14,0.49,0.15
2000,114,38.94,22.46,14.18,0.0,45.75,3.29,0.49,0.15
2000,115,38.14,19.98,13.18,0.0,47.53,3.7,0.49,0.14
2000,116,36.72,20.53,15.34,0.0,57.22,4.04,0.49,0.14
2000,117,37.53,20.94,16.45,0.0,58.47,4.31,0.49,0.14
2000,118,40.26,21.07,14.51,0.0,53.18,4.35,0.49,0.14
2000,119,39.47,19.36,12.93,0.0,50.47,3.69,0.49,0.14
2000,120,39.35,19.87,12.22,0.0,49.65,3.71,0.49,0.14
2000,121,40.74,18.96,10.94,0.0,43.84,3.57,0.49,0.14
2000,122,41.64,20.09,8.84,0.0,35.89,3.31,0.49,0.14
2000,123,41.5,19.07,10.53,0.0,42.41,2.97,0.49,0.13
2000,124,40.02,21.3,16.91,0.0,57.11,3.57,0.49,0.13
2000,125,38.88,21.04,16.08,0.0,53.61,3.97,0.49,0.13
2000,126,41.11,22.41,16.62,0.13,52.9,3.69,0.49,0.13
2000,127,39.77,22.67,17.99,0.27,57.35,2.77,0.49,0.14
2000,128,38.53,22.64,16.39,0.15,54.3,3.14,0.49,0.14
2000,129,36.69,20.91,15.25,0.15,54.32,2.95,0.49,0.14
2000,130,36.85,21.53,16.43,0.45,54.37,2.73,0.49,0.15
2000,131,37.24,22.02,16.37,0.02,52.81,2.92,0.49,0.16
2000,132,36.59,21.49,16.66,0.0,56.21,3.56,0.49,0.16
2000,133,35.48,20.59,16.32,0.0,57.22,3.38,0.49,0.16
2000,134,35.29,20.99,17.73,0.0,62.2,3.45,0.49,0.16
2000,135,35.61,21.68,17.08,0.0,58.49,3.73,0.49,0.15
2000,136,33.13,22.61,18.99,1.32,65.59,4.49,0.49,0.17
2000,137,28.82,22.59,19.59,4.57,72.61,4.62,0.49,0.28
2000,138,30.78,21.8,21.15,10.27,78.77,5.4,0.5,0.49
2000,139,25.48,22.01,21.79,89.85,89.15,5.16,0.54,0.87
2000,140,29.07,21.55,20.88,8.7,81.82,4.76,0.58,0.72
2000,141,30.43,21.17,20.54,0.3,78.99,3.75,0.57,0.62
2000,142,31.27,21.34,20.87,0.58,78.09,3.18,0.57,0.59
2000,143,32.03,21.63,20.11,0.56,74.3,2.91,0.57,0.57
2000,144,32.78,21.46,20.33,0.46,73.74,2.73,0.56,0.55
2000,145,32.28,22.34,21.36,0.26,75.78,3.29,0.56,0.53
2000,146,32.6,22.88,21.56,0.85,75.53,3.53,0.56,0.53
2000,147,31.89,22.98,21.56,0.12,75.96,3.4,0.56,0.52
2000,148,31.49,22.83,21.65,9.01,78.4,2.96,0.56,0.58
2000,149,31.74,22.56,21.69,2.38,78.32,2.54,0.56,0.58
2000,150,30.35,22.57,21.95,5.32,82.53,2.77,0.56,0.58
2000,151,29.0,22.44,21.64,2.55,82.95,3.43,0.56,0.58
2000,152,29.73,22.51,21.48,6.75,81.31,3.33,0.57,0.6
2000,153,31.83,21.95,21.56,2.69,79.1,3.37,0.57,0.59
2000,154,30.79,23.18,22.16,1.79,80.25,2.01,0.57,0.57
2000,155,30.02,23.63,22.84,32.89,84.13,1.02,0.58,0.73
2000,156,28.1,23.34,23.19,35.81,89.26,2.54,0.61,0.84
2000,157,29.89,22.81,22.98,30.0,85.25,2.91,0.63,0.82
2000,158,28.28,22.77,23.18,9.62,88.53,1.83,0.65,0.78
2000,159,30.59,23.1,23.16,13.27,85.38,2.68,0.66,0.76
2000,160,26.4,23.32,23.04,34.3,91.54,5.27,0.67,0.85
2000,161,27.19,23.42,23.09,10.08,89.95,2.83,0.7,0.8
2000,162,29.37,23.31,22.84,1.27,85.94,3.92,0.7,0.74
2000,163,29.31,22.34,21.81,1.37,83.59,4.25,0.69,0.71
2000,164,28.36,21.91,21.06,1.04,83.01,4.77,0.69,0.7
2000,165,28.36,21.71,21.19,3.9,83.4,5.47,0.69,0.7
2000,166,29.04,22.05,21.31,2.27,82.84,5.64,0.69,0.7
2000,167,29.45,22.0,21.26,0.18,82.29,5.51,0.68,0.68
2000,168,29.21,22.22,21.22,0.0,81.74,5.1,0.68,0.67
2000,169,28.8,21.72,20.85,0.0,81.77,4.86,0.68,0.66
2000,170,29.12,22.15,21.36,0.01,81.88,3.84,0.67,0.66
2000,171,28.39,21.85,21.27,0.07,83.33,3.3,0.67,0.66
2000,172,28.68,22.13,21.09,0.03,82.92,3.76,0.67,0.65
2000,173,29.42,21.58,21.09,0.0,81.74,3.97,0.66,0.65
2000,174,28.78,22.36,21.35,0.87,82.57,3.86,0.66,0.65
2000,175,28.34,21.89,21.04,1.58,82.25,4.1,0.66,0.65
2000,176,28.57,21.75,20.73,1.62,82.04,4.68,0.66,0.65
2000,177,28.6,21.32,20.7,3.62,81.87,4.68,0.65,0.66
2000,178,28.76,21.47,21.15,2.6,82.54,4.37,0.65,0.66
2000,179,28.97,22.37,21.42,2.67,82.07,4.66,0.65,0.66
2000,180,27.76,22.13,21.62,3.65,86.41,3.72,0.65,0.68
2000,181,25.74,21.56,21.21,10.81,89.16,3.13,0.65,0.71
2000,182,27.05,20.93,20.85,11.39,86.51,4.12,0.66,0.75
2000,183,27.62,21.44,21.28,6.76,86.73,5.06,0.67,0.72
2000,184,26.96,22.14,21.45,5.29,86.61,5.29,0.67,0.71
2000,185,26.05,22.17,21.98,103.32,90.99,4.99,0.69,0.89
2000,186,28.14,21.69,21.88,42.11,87.82,4.47,0.74,0.88
2000,187,25.95,22.35,22.21,12.43,91.72,4.63,0.74,0.83
2000,188,27.17,22.16,22.02,17.3,89.56,4.99,0.76,0.84
2000,189,25.56,22.19,22.0,10.78,91.47,4.66,0.76,0.83
2000,190,25.36,22.13,21.94,14.82,92.01,5.24,0.77,0.84
2000,191,26.5,21.99,21.48,5.7,88.68,5.89,0.78,0.81
2000,192,26.84,22.14,21.72,7.46,89.04,6.03,0.78,0.81
2000,193,25.52,22.15,21.71,20.34,91.44,6.1,0.79,0.86
2000,194,24.99,21.87,21.85,92.19,93.4,6.3,0.81,0.95
2000,195,24.84,20.45,20.96,41.69,90.51,6.9,0.85,0.93
2000,196,26.16,21.49,21.19,4.35,88.08,7.13,0.85,0.86
2000,197,25.8,21.2,20.84,4.45,88.98,6.88,0.85,0.85
2000,198,25.84,21.27,20.83,1.11,89.08,6.14,0.85,0.84
2000,199,26.68,21.51,21.13,5.04,88.65,6.52,0.85,0.85
2000,200,25.35,21.42,20.96,5.61,89.42,6.43,0.85,0.85
2000,201,26.4,21.43,21.05,2.34,88.37,5.97,0.85,0.84
2000,202,26.67,20.93,20.78,2.64,87.81,5.64,0.84,0.84
2000,203,26.98,20.64,20.5,1.07,86.43,4.93,0.84,0.83
2000,204,26.61,20.06,20.27,0.44,86.6,4.24,0.84,0.82
2000,205,26.95,20.18,20.4,0.43,86.65,3.97,0.83,0.81
2000,206,27.31,20.11,20.33,0.05,86.06,3.78,0.83,0.81
2000,207,26.99,19.81,20.11,0.0,85.63,3.32,0.82,0.8
2000,208,26.78,20.46,20.4,0.0,85.99,3.25,0.82,0.8
2000,209,26.16,20.14,20.41,0.42,87.21,3.02,0.81,0.8
2000,210,28.68,20.24,20.65,0.1,84.79,3.14,0.81,0.79
2000,211,28.75,20.45,20.56,0.0,84.31,3.4,0.8,0.78
2000,212,28.66,19.97,20.37,0.0,83.86,3.45,0.8,0.78
2000,213,28.34,20.52,20.38,0.0,85.1,3.41,0.79,0.78
2000,214,27.51,20.32,20.52,0.0,86.63,3.37,0.79,0.77
2000,215,27.58,20.03,20.42,0.04,85.66,3.18,0.79,0.76
2000,216,28.62,19.84,20.49,0.65,84.19,2.99,0.78,0.76
2000,217,29.0,19.84,20.75,0.33,83.88,2.64,0.78,0.76
2000,218,28.53,20.7,21.14,0.62,84.36,2.54,0.77,0.75
2000,219,28.71,20.9,21.22,0.79,84.41,2.62,0.77,0.75
2000,220,27.08,21.18,20.95,1.17,86.51,2.7,0.77,0.75
2000,221,27.54,21.04,21.1,3.36,86.8,3.13,0.76,0.76
2000,222,25.46,21.2,20.55,6.22,87.87,3.58,0.77,0.78
2000,223,24.19,20.4,20.84,6.66,92.2,5.06,0.77,0.8
2000,224,24.35,20.37,20.8,16.06,92.76,5.19,0.78,0.83
2000,225,27.83,20.64,21.29,9.97,87.09,5.14,0.79,0.82
2000,226,27.77,21.23,21.25,1.64,86.89,4.0,0.79,0.79
2000,227,27.77,20.68,21.05,0.45,86.34,3.52,0.78,0.77
2000,228,27.64,20.67,20.72,2.46,86.16,3.6,0.78,0.77
2000,229,27.22,20.53,20.77,1.31,87.39,3.45,0.78,0.77
2000,230,26.54,21.0,21.06,1.27,88.44,4.36,0.77,0.77
2000,231,26.58,21.74,21.32,1.64,88.58,4.68,0.77,0.77
2000,232,26.97,21.39,21.06,1.36,86.69,4.87,0.77,0.76
2000,233,26.69,21.09,20.92,3.83,87.43,4.92,0.77,0.77
2000,234,26.38,21.47,21.36,6.78,89.04,5.4,0.77,0.79
2000,235,26.39,21.49,21.61,18.8,90.15,4.2,0.77,0.83
2000,236,26.15,21.77,21.75,16.52,91.17,3.95,0.79,0.85
2000,237,26.93,21.06,22.21,47.61,91.71,4.16,0.8,0.91
2000,238,24.75,22.39,22.16,17.59,93.04,4.62,0.83,0.89
2000,239,27.12,21.45,21.58,5.35,88.58,5.63,0.83,0.84
2000,240,25.51,21.3,21.39,21.87,91.69,4.37,0.84,0.89
2000,241,25.19,21.6,21.62,19.52,92.55,4.83,0.85,0.9
2000,242,25.77,21.22,21.24,5.13,90.71,4.77,0.86,0.86
2000,243,26.31,20.68,20.78,2.94,88.31,5.18,0.86,0.85
2000,244,26.42,21.54,21.22,5.21,89.13,5.63,0.85,0.85
2000,245,26.25,21.56,21.36,10.82,89.61,5.61,0.85,0.87
2000,246,27.1,21.36,21.31,3.4,88.7,4.8,0.86,0.85
2000,247,27.39,20.85,21.14,0.8,88.39,4.37,0.85,0.83
2000,248,27.35,20.6,20.8,0.59,87.7,3.83,0.85,0.83
2000,249,27.32,20.33,20.66,0.63,87.65,3.87,0.84,0.82
2000,250,26.75,20.63,20.69,0.52,88.36,3.95,0.84,0.82
2000,251,25.9,20.21,20.37,0.06,88.17,2.95,0.83,0.82
2000,252,27.21,19.95,20.52,0.16,87.66,2.73,0.83,0.81
2000,253,27.04,19.98,20.74,0.19,88.19,2.91,0.83,0.81
2000,254,27.93,20.13,20.46,0.47,86.45,3.39,0.82,0.8
2000,255,27.39,19.58,20.06,0.63,86.62,3.03,0.82,0.8
2000,256,28.15,18.87,20.12,0.16,86.39,2.36,0.81,0.79
2000,257,28.55,19.32,20.35,0.0,84.97,1.89,0.81,0.78
2000,258,29.36,19.81,20.61,0.01,83.92,2.08,0.8,0.78
2000,259,28.78,19.59,20.38,0.0,84.12,1.92,0.8,0.77
2000,260,28.68,19.68,20.73,0.0,85.67,2.18,0.79,0.77
2000,261,30.1,19.92,21.0,0.06,84.32,2.15,0.79,0.76
2000,262,28.61,20.17,20.69,0.01,85.28,2.24,0.78,0.76
2000,263,28.43,19.76,20.13,0.11,83.97,1.85,0.78,0.76
2000,264,29.63,19.48,20.6,0.02,82.96,1.39,0.77,0.75
2000,265,30.19,20.71,21.32,2.07,81.36,1.16,0.77,0.76
2000,266,29.36,20.91,21.21,3.72,80.32,1.26,0.77,0.76
2000,267,29.48,21.79,22.05,4.22,84.39,1.55,0.77,0.78
2000,268,29.14,21.49,21.78,3.89,82.31,1.14,0.77,0.77
2000,269,28.96,21.04,21.99,35.78,85.83,1.47,0.78,0.87
2000,270,29.86,21.26,21.4,4.17,81.65,1.5,0.79,0.81
2000,271,27.63,21.4,21.36,8.51,86.58,2.3,0.79,0.82
2000,272,27.05,20.67,21.52,1.62,90.59,1.23,0.79,0.81
2000,273,27.19,21.67,20.9,0.19,84.07,1.23,0.79,0.79
2000,274,29.92,19.91,19.65,0.01,77.93,0.95,0.79,0.78
2000,275,30.66,19.3,20.11,5.68,78.24,0.94,0.79,0.79
2000,276,30.1,21.12,20.12,0.77,75.82,0.89,0.79,0.78
2000,277,31.26,18.84,19.28,1.54,74.72,1.02,0.78,0.77
2000,278,30.83,18.64,19.29,1.12,75.91,1.14,0.78,0.76
2000,279,30.66,19.29,20.06,0.41,78.49,1.26,0.77,0.75
2000,280,30.77,20.71,20.83,2.55,79.54,1.06,0.77,0.76
2000,281,30.15,20.45,21.5,3.62,83.76,1.5,0.77,0.76
2000,282,26.46,21.57,21.56,1.57,88.55,1.12,0.76,0.76
2000,283,28.02,21.23,21.31,8.28,86.53,1.86,0.76,0.78
2000,284,25.76,20.79,21.09,3.19,89.98,1.4,0.77,0.79
2000,285,28.04,20.24,20.45,14.38,83.73,1.18,0.77,0.81
2000,286,29.04,20.86,20.92,3.95,85.05,1.0,0.78,0.8
2000,287,29.55,20.51,20.98,0.28,84.39,1.3,0.78,0.77
2000,288,27.47,21.04,21.17,4.49,87.97,1.31,0.77,0.78
2000,289,30.6,19.75,19.95,0.7,79.62,1.81,0.77,0.77
2000,290,31.34,18.0,16.07,0.0,64.79,1.62,0.77,0.75
2000,291,30.1,15.78,11.97,0.0,56.83,2.14,0.76,0.74
2000,292,30.93,14.28,13.12,0.01,58.76,1.38,0.76,0.74
2000,293,31.27,17.85,17.99,0.3,71.22,1.17,0.75,0.73
2000,294,29.47,20.51,20.43,1.64,81.12,0.88,0.75,0.74
2000,295,31.31,20.21,19.61,0.1,76.77,1.08,0.75,0.73
2000,296,31.39,17.98,18.12,3.13,74.65,1.08,0.74,0.74
2000,297,30.42,19.03,19.35,2.37,80.39,1.11,0.74,0.74
2000,298,30.31,18.43,18.95,0.0,78.22,1.04,0.74,0.72
2000,299,30.97,18.92,17.9,0.0,71.75,1.55,0.73,0.71
2000,300,30.77,17.13,15.28,0.0,65.65,1.56,0.73,0.71
2000,301,31.07,16.12,13.71,0.0,61.47,1.42,0.72,0.7
2000,302,30.61,15.95,12.61,0.0,58.83,1.42,0.72,0.7
2000,303,29.56,16.78,13.39,0.0,62.76,1.44,0.71,0.69
2000,304,30.49,14.92,12.22,0.0,60.09,1.37,0.71,0.69
2000,305,30.36,15.12,12.14,0.0,55.44,1.46,0.7,0.68
2000,306,29.91,14.89,14.02,0.0,61.98,1.49,0.7,0.68
2000,307,29.18,15.83,14.94,0.0,65.1,2.08,0.69,0.67
2000,308,29.57,17.34,16.81,0.97,68.98,2.02,0.69,0.67
2000,309,29.33,18.41,18.67,0.03,74.93,1.29,0.69,0.67
2000,310,29.28,19.54,18.38,7.79,74.55,0.94,0.69,0.72
2000,311,29.89,18.68,16.13,0.03,68.47,1.3,0.69,0.68
2000,312,29.57,17.95,16.3,0.0,66.06,1.19,0.68,0.67
2000,313,28.11,18.04,14.85,0.0,64.41,1.44,0.68,0.67
2000,314,25.81,15.81,12.5,0.0,63.5,2.06,0.68,0.67
2000,315,29.6,14.69,11.51,0.0,56.56,2.28,0.67,0.66
2000,316,29.36,14.63,12.7,0.0,60.37,2.32,0.67,0.65
2000,317,29.26,14.78,12.49,0.0,57.85,1.33,0.66,0.64
2000,318,29.67,14.51,12.5,0.0,58.35,1.32,0.66,0.64
2000,319,29.45,14.81,12.91,0.0,59.34,1.67,0.66,0.63
2000,320,29.16,14.74,13.07,0.0,62.1,2.04,0.65,0.62
2000,321,29.09,14.47,11.98,0.0,59.51,2.28,0.65,0.62
2000,322,28.57,13.92,10.45,0.0,56.05,2.29,0.65,0.61
2000,323,28.56,12.96,9.71,0.0,52.06,1.75,0.64,0.6
2000,324,29.13,13.36,9.66,0.0,53.5,1.19,0.64,0.6
2000,325,29.38,14.72,13.0,0.0,66.93,1.26,0.64,0.59
2000,326,29.75,14.33,11.56,0.0,62.56,1.15,0.63,0.59
2000,327,29.95,13.07,11.2,0.0,56.43,1.42,0.63,0.58
2000,328,30.36,14.66,13.07,0.0,59.22,1.65,0.62,0.57
2000,329,29.4,15.38,13.39,0.0,61.57,1.58,0.62,0.57
2000,330,30.46,15.47,10.25,0.0,51.96,1.67,0.62,0.56
2000,331,30.27,14.8,10.23,0.0,52.41,1.51,0.62,0.55
2000,332,30.43,13.39,10.17,0.0,55.96,1.7,0.61,0.55
2000,333,29.08,14.01,12.72,0.0,65.22,1.63,0.61,0.54
2000,334,29.87,13.65,9.84,0.0,52.39,1.58,0.61,0.54
2000,335,29.49,13.83,8.83,0.0,50.91,2.18,0.6,0.53
2000,336,29.89,14.56,8.75,0.0,47.5,3.04,0.6,0.52
2000,337,29.94,14.55,6.27,0.0,40.06,3.04,0.6,0.51
2000,338,30.68,14.56,5.46,0.0,37.44,2.4,0.59,0.5
2000,339,30.93,14.32,6.01,0.0,40.33,1.99,0.59,0.5
2000,340,30.55,11.8,1.73,0.0,32.59,1.73,0.59,0.49
2000,341,30.76,11.75,1.09,0.0,30.83,1.86,0.58,0.49
2000,342,30.08,11.47,1.37,0.0,33.41,2.36,0.58,0.48
2000,343,30.18,11.53,1.82,0.0,34.29,2.62,0.58,0.48
2000,344,29.81,11.2,1.36,0.0,31.95,2.29,0.58,0.47
2000,345,29.68,11.75,3.97,0.0,40.71,1.87,0.57,0.47
2000,346,29.7,11.0,3.29,0.0,37.97,1.37,0.57,0.47
2000,347,29.92,11.48,3.48,0.0,35.26,1.4,0.57,0.46
2000,348,30.06,11.03,2.14,0.0,34.01,1.75,0.57,0.46
2000,349,30.06,11.13,1.11,0.0,31.43,1.76,0.57,0.46
2000,350,29.79,11.13,0.69,0.0,31.82,2.18,0.56,0.45
2000,351,30.02,12.11,2.89,0.0,36.73,2.15,0.56,0.45
2000,352,30.08,11.0,0.79,0.0,32.53,2.23,0.56,0.45
2000,353,30.23,10.92,1.12,0.0,32.27,2.0,0.56,0.44
2000,354,30.19,10.9,0.92,0.0,31.72,1.78,0.56,0.44
2000,355,31.08,11.51,0.36,0.0,30.14,2.47,0.55,0.43
2000,356,31.27,12.8,2.86,0.0,34.14,2.44,0.55,0.43
2000,357,30.86,12.47,2.53,0.0,32.99,2.16,0.55,0.43
2000,358,31.45,11.83,0.33,0.0,29.4,2.0,0.55,0.43
2000,359,31.55,11.58,-0.11,0.0,29.77,1.89,0.55,0.42
2000,360,31.79,11.32,0.41,0.0,31.51,1.61,0.54,0.42
2000,361,31.3,11.59,-1.2,0.0,26.48,1.89,0.54,0.42
2000,362,31.05,12.21,1.83,0.0,33.92,2.08,0.54,0.41
2000,363,30.43,11.25,2.84,0.0,35.11,1.74,0.54,0.41
2000,364,29.66,12.89,2.22,0.0,31.73,2.5,0.54,0.41
2000,365,29.84,15.26,8.97,2.86,47.16,2.29,0.54,0.42
2000,366,25.27,16.69,17.3,11.61,84.36,1.64,0.54,0.6
2001,1,26.74,11.92,10.96,0.01,69.15,1.69,0.55,0.54
2001,2,27.48,9.4,9.14,0.04,61.85,1.68,0.55,0.51
2001,3,28.67,13.18,12.81,0.0,65.45,2.15,0.54,0.5
2001,4,29.26,14.57,12.28,0.0,59.93,2.08,0.54,0.49
2001,5,29.85,14.06,10.76,0.0,55.65,1.68,0.54,0.48
2001,6,29.67,13.29,8.98,0.0,51.36,1.44,0.54,0.47
2001,7,28.7,13.79,10.46,0.0,57.54,1.76,0.54,0.46
2001,8,27.44,12.65,8.62,0.0,56.07,1.81,0.54,0.46
2001,9,29.72,10.71,5.39,0.0,45.74,1.73,0.53,0.45
2001,10,30.24,11.85,9.23,0.0,56.22,1.78,0.53,0.45
2001,11,30.76,13.47,11.27,0.0,60.72,1.95,0.53,0.44
2001,12,30.73,13.4,13.54,0.0,68.27,1.79,0.53,0.44
2001,13,31.31,14.48,11.87,0.0,56.7,1.67,0.53,0.43
2001,14,31.84,15.19,11.7,0.0,53.71,1.57,0.53,0.43
2001,15,30.75,17.28,13.02,0.0,58.78,1.77,0.53,0.43
2001,16,31.16,15.71,12.98,0.0,59.47,1.36,0.53,0.42
2001,17,31.27,16.24,12.69,0.0,55.71,1.5,0.52,0.42
2001,18,30.98,17.85,11.32,0.0,48.89,1.23,0.52,0.42
2001,19,31.49,16.06,9.25,0.0,42.94,1.17,0.52,0.41
2001,20,31.2,15.33,8.2,0.0,41.28,1.81,0.52,0.41
2001,21,31.54,15.39,8.9,0.0,45.63,1.64,0.52,0.41
2001,22,30.78,13.92,7.81,0.0,46.96,2.01,0.52,0.41
2001,23,30.75,11.77,5.03,0.0,44.27,1.69,0.52,0.4
2001,24,31.71,12.78,1.22,0.0,28.55,2.19,0.52,0.4
2001,25,31.82,12.03,1.38,0.0,30.48,1.68,0.51,0.39
2001,26,32.36,13.16,1.82,0.0,29.53,1.38,0.51,0.39
2001,27,31.86,11.97,-1.03,0.0,27.7,1.47,0.51,0.38
2001,28,32.29,11.64,-0.83,0.0,26.75,1.41,0.51,0.37
2001,29,33.35,14.01,2.77,0.0,33.22,1.93,0.51,0.37
2001,30,33.42,14.87,7.53,0.0,45.75,1.44,0.51,0.36
2001,31,33.28,13.74,5.36,0.0,40.51,1.71,0.51,0.36
2001,32,33.86,14.65,5.21,0.0,36.67,2.1,0.51,0.35
2001,33,34.09,15.82,6.37,0.0,35.69,1.65,0.51,0.34
2001,34,33.78,17.95,6.89,0.0,35.97,2.03,0.5,0.33
2001,35,33.0,15.54,4.82,0.0,33.84,2.23,0.5,0.33
2001,36,31.24,15.27,2.72,0.0,32.27,2.21,0.5,0.32
2001,37,34.14,13.99,0.62,0.0,27.62,1.6,0.5,0.31
2001,38,34.59,12.78,-2.82,0.0,20.7,1.52,0.5,0.3
2001,39,34.94,14.23,-4.5,0.0,16.77,2.09,0.5,0.29
2001,40,34.87,12.98,-4.67,0.0,18.05,1.59,0.5,0.28
2001,41,34.39,14.65,-2.77,0.0,21.6,2.09,0.5,0.28
2001,42,33.52,15.77,-0.97,0.0,25.69,2.0,0.5,0.27
2001,43,35.46,13.87,-0.57,0.0,25.09,1.27,0.5,0.27
2001,44,36.2,14.25,-0.26,0.0,28.07,2.46,0.5,0.26
2001,45,33.24,14.23,7.52,0.0,49.33,2.12,0.5,0.26
2001,46,32.54,11.36,3.69,0.0,46.35,2.11,0.5,0.26
2001,47,33.81,12.23,0.6,0.0,30.01,1.8,0.5,0.26
2001,48,34.26,15.41,3.33,0.0,33.73,1.4,0.5,0.25
2001,49,35.07,14.96,5.04,0.0,35.59,1.78,0.5,0.25
2001,50,34.87,16.84,4.59,0.0,31.37,1.87,0.5,0.24
2001,51,35.24,18.02,5.33,0.0,32.44,1.94,0.5,0.24
2001,52,35.21,17.11,6.02,0.0,36.15,2.04,0.5,0.24
2001,53,35.95,16.76,2.0,0.0,28.05,1.93,0.5,0.23
2001,54,36.72,15.9,-1.45,0.0,22.29,1.72,0.49,0.23
2001,55,37.34,17.16,2.68,0.0,28.06,2.0,0.49,0.22
2001,56,33.64,13.94,8.05,0.0,49.57,2.6,0.49,0.22
2001,57,33.57,13.49,10.49,0.0,58.24,2.27,0.49,0.22
2001,58,34.62,15.98,11.1,0.0,59.05,2.03,0.49,0.22
2001,59,34.55,14.21,6.84,0.0,48.44,2.05,0.49,0.22
2001,60,36.2,16.0,0.73,0.0,26.52,1.95,0.49,0.21
2001,61,36.05,16.23,4.3,0.0,30.81,2.16,0.49,0.21
2001,62,36.45,17.53,9.59,0.04,41.5,2.42,0.49,0.21
2001,63,35.15,18.9,11.07,0.02,46.59,2.29,0.49,0.2
2001,64,34.91,17.13,9.54,0.0,48.38,1.97,0.49,0.2
2001,65,34.72,17.06,6.26,0.0,36.71,2.29,0.49,0.2
2001,66,33.29,16.31,2.94,0.0,33.13,2.35,0.49,0.2
2001,67,34.73,15.73,4.05,0.0,34.65,2.1,0.49,0.2
2001,68,35.09,16.22,6.02,0.0,43.78,1.98,0.49,0.19
2001,69,32.91,16.39,11.67,0.0,60.48,2.58,0.49,0.19
2001,70,33.34,14.52,9.74,0.0,57.6,2.36,0.49,0.19
2001,71,33.39,16.48,12.53,0.0,59.73,2.43,0.49,0.19
2001,72,33.47,15.68,9.8,0.0,56.33,2.29,0.49,0.19
2001,73,34.27,15.04,10.64,0.0,56.89,2.01,0.49,0.18
2001,74,35.5,17.08,10.81,0.0,47.67,2.25,0.49,0.18
2001,75,35.25,17.98,10.64,0.0,43.7,2.28,0.49,0.18
2001,76,36.1,17.33,9.82,0.0,44.32,2.49,0.49,0.18
2001,77,37.86,17.81,8.37,0.0,36.37,1.83,0.49,0.17
2001,78,37.81,19.86,10.65,0.0,38.56,2.05,0.49,0.17
2001,79,36.45,20.79,12.14,0.0,46.61,2.2,0.49,0.17
2001,80,34.61,18.4,13.72,0.0,54.87,2.88,0.49,0.17
2001,81,35.11,16.47,11.37,0.0,53.4,2.85,0.49,0.17
2001,82,36.25,17.12,12.31,0.0,56.23,2.47,0.49,0.16
2001,83,35.94,17.25,11.36,0.0,55.63,2.71,0.49,0.16
2001,84,35.16,17.32,12.59,0.0,56.04,2.84,0.49,0.16
2001,85,36.4,17.06,11.83,0.0,53.1,2.9,0.49,0.16
2001,86,36.15,17.45,12.36,0.0,52.02,3.07,0.49,0.16
2001,87,35.22,18.07,14.12,0.0,59.03,3.01,0.49,0.16
2001,88,35.37,18.48,12.19,0.0,53.52,3.3,0.49,0.15
2001,89,33.69,14.57,7.2,0.0,45.6,2.93,0.49,0.15
2001,90,35.98,13.77,4.31,0.0,39.74,2.26,0.49,0.15
2001,91,37.79,16.03,3.65,0.0,31.19,2.25,0.49,0.15
2001,92,39.08,18.78,3.53,0.0,23.95,2.19,0.49,0.15
2001,93,39.16,21.7,4.94,0.0,26.57,1.64,0.49,0.14
2001,94,38.04,21.46,11.65,0.11,38.59,1.37,0.49,0.14
2001,95,38.85,21.62,12.07,0.21,41.11,1.79,0.49,0.14
2001,96,39.06,23.27,6.52,0.09,24.45,1.25,0.49,0.14
2001,97,35.96,22.97,5.18,0.2,22.66,1.86,0.49,0.14
2001,98,39.14,24.16,1.74,0.01,17.83,1.91,0.49,0.14
2001,99,39.59,19.36,11.14,0.0,42.78,2.25,0.49,0.14
2001,100,38.38,21.19,9.01,0.96,36.31,1.74,0.49,0.17
2001,101,38.34,21.99,5.48,0.0,22.63,2.38,0.49,0.17
2001,102,37.45,23.42,8.26,0.0,25.86,1.73,0.49,0.17
2001,103,37.41,22.93,11.67,0.2,36.52,2.09,0.49,0.17
2001,104,36.13,21.62,11.05,0.01,39.29,1.8,0.49,0.16
2001,105,35.74,20.01,14.08,0.0,48.67,2.2,0.49,0.16
2001,106,36.17,20.4,15.01,0.0,53.29,2.71,0.49,0.16
2001,107,35.19,19.15,13.18,0.0,54.7,3.22,0.49,0.16
2001,108,37.15,19.75,13.82,0.0,54.43,2.74,0.49,0.15
2001,109,36.82,18.86,15.3,0.0,57.24,2.78,0.49,0.15
2001,110,38.92,19.7,14.17,0.8,51.34,2.79,0.49,0.16
2001,111,39.94,22.8,10.74,0.56,36.12,2.5,0.49,0.19
2001,112,40.44,21.12,8.42,0.02,26.35,2.21,0.49,0.19
2001,113,41.42,21.84,7.14,0.08,26.74,2.15,0.49,0.18
2001,114,41.42,21.26,12.06,0.0,43.31,2.85,0.49,0.17
2001,115,40.42,23.51,15.41,0.0,48.19,2.77,0.49,0.17
2001,116,40.49,22.44,16.62,0.0,53.54,2.9,0.49,0.17
2001,117,41.2,21.69,14.36,0.0,46.73,2.7,0.49,0.16
2001,118,40.93,22.0,13.01,0.0,42.91,3.39,0.49,0.16
2001,119,40.5,21.08,11.76,0.0,41.26,3.28,0.49,0.15
2001,120,40.91,21.31,13.63,0.0,45.8,3.31,0.49,0.15
2001,121,42.37,21.21,15.14,0.0,48.6,2.71,0.49,0.15
2001,122,39.48,23.4,17.98,0.0,53.81,3.32,0.49,0.15
2001,123,38.21,22.49,17.25,0.0,56.35,3.29,0.49,0.15
2001,124,39.78,21.69,14.84,0.0,52.51,3.45,0.49,0.14
2001,125,39.75,21.24,15.46,0.0,53.55,3.53,0.49,0.14
2001,126,39.67,21.92,15.31,0.0,52.27,3.49,0.49,0.14
2001,127,39.01,21.88,15.84,0.0,53.59,3.64,0.49,0.14
2001,128,38.22,21.32,14.87,0.0,51.65,3.79,0.49,0.14
2001,129,37.78,20.98,15.28,0.0,54.15,3.86,0.49,0.14
2001,130,37.22,22.55,17.49,0.0,59.41,4.37,0.49,0.13
2001,131,37.74,22.0,17.29,0.0,57.78,3.81,0.49,0.13
2001,132,37.77,21.88,17.13,0.0,58.92,3.89,0.49,0.13
2001,133,37.58,21.88,15.62,0.0,55.58,4.08,0.49,0.13
2001,134,37.19,22.56,17.33,0.0,57.43,3.88,0.49,0.13
2001,135,37.6,22.38,18.54,0.0,60.95,3.83,0.49,0.13
2001,136,36.99,22.14,17.69,0.0,58.75,3.48,0.49,0.13
2001,137,36.31,22.73,17.76,0.0,58.97,4.14,0.49,0.13
2001,138,35.98,22.32,17.79,0.0,58.01,4.22,0.49,0.13
2001,139,32.78,22.86,18.83,1.59,63.5,3.54,0.49,0.15
2001,140,32.79,22.88,19.09,0.45,66.41,3.39,0.49,0.21
2001,141,36.57,22.15,17.87,0.57,59.5,2.58,0.49,0.21
2001,142,32.58,23.76,19.4,1.92,63.23,1.09,0.49,0.24
2001,143,36.24,24.02,19.1,1.53,58.02,2.85,0.49,0.3
2001,144,31.61,22.62,20.08,1.77,68.41,4.97,0.49,0.34
2001,145,31.62,22.87,20.39,1.97,71.67,5.33,0.5,0.36
2001,146,33.39,21.65,18.41,1.77,65.02,5.46,0.5,0.37
2001,147,33.0,21.33,19.02,5.09,67.88,4.57,0.5,0.43
2001,148,32.34,21.62,19.2,3.88,70.07,5.1,0.5,0.49
2001,149,31.56,21.8,20.27,2.99,75.45,5.21,0.5,0.49
2001,150,31.72,22.0,19.75,1.51,73.32,4.74,0.5,0.48
2001,151,32.0,21.74,19.66,0.02,71.37,4.53,0.5,0.44
2001,152,32.58,21.92,19.18,0.0,68.97,4.1,0.5,0.42
2001,153,32.85,21.69,18.82,0.1,67.66,4.32,0.5,0.4
2001,154,33.68,21.67,19.3,0.08,67.98,4.14,0.5,0.38
2001,155,31.59,22.53,19.97,0.73,70.9,4.01,0.5,0.38
2001,156,32.4,22.1,20.17,0.1,70.6,4.36,0.5,0.37
2001,157,31.54,23.17,20.5,1.15,71.65,3.7,0.5,0.37
2001,158,29.14,22.56,21.35,23.37,80.45,2.37,0.51,0.59
2001,159,29.05,23.22,22.62,25.35,85.47,1.8,0.53,0.71
2001,160,30.29,23.05,22.61,11.27,84.73,3.15,0.54,0.67
2001,161,28.29,22.93,21.97,4.77,84.64,4.71,0.55,0.62
2001,162,30.18,22.27,22.04,17.99,82.28,4.09,0.55,0.68
2001,163,27.7,21.79,21.13,8.54,83.79,6.37,0.57,0.68
2001,164,25.9,21.79,20.37,5.66,83.69,5.65,0.57,0.64
2001,165,23.35,20.72,19.78,28.63,88.08,6.44,0.58,0.76
2001,166,26.13,21.98,21.01,24.54,87.42,7.48,0.61,0.79
2001,167,27.5,21.95,21.45,13.57,86.26,7.75,0.62,0.74
2001,168,26.97,22.21,21.47,30.62,86.45,7.25,0.64,0.81
2001,169,27.43,22.27,21.41,9.09,85.27,5.37,0.65,0.76
2001,170,27.77,22.44,21.87,0.78,86.13,4.65,0.65,0.69
2001,171,26.79,22.19,21.51,1.52,86.52,4.58,0.65,0.68
2001,172,28.93,22.26,21.62,1.07,83.54,5.78,0.65,0.66
2001,173,29.28,22.5,21.49,0.03,82.48,5.94,0.65,0.64
2001,174,28.86,22.3,21.41,0.06,82.99,6.15,0.64,0.64
2001,175,28.95,22.46,21.53,0.16,82.73,5.81,0.64,0.63
2001,176,28.5,22.4,21.48,2.12,83.64,5.81,0.64,0.64
2001,177,27.96,22.12,21.41,1.22,84.74,5.71,0.64,0.64
2001,178,26.68,21.79,21.26,14.92,86.29,5.63,0.64,0.71
2001,179,28.14,22.21,21.53,9.74,85.31,5.37,0.65,0.73
2001,180,28.92,22.17,21.24,2.34,82.7,5.17,0.65,0.68
2001,181,29.06,21.74,21.06,3.26,81.97,5.03,0.65,0.67
2001,182,29.04,22.02,21.34,9.59,82.97,5.14,0.65,0.7
2001,183,28.48,21.82,21.22,8.0,84.3,5.64,0.65,0.71
2001,184,27.18,22.07,21.29,26.11,86.31,6.37,0.66,0.79
2001,185,28.82,22.04,21.65,13.6,84.56,6.66,0.68,0.77
2001,186,28.65,22.08,21.19,3.75,83.37,5.83,0.68,0.72
2001,187,28.47,22.02,21.32,4.82,83.98,5.54,0.68,0.71
2001,188,27.01,21.97,21.45,25.97,87.3,5.36,0.69,0.8
2001,189,25.34,22.41,22.18,34.41,92.23,5.32,0.71,0.86
2001,190,24.53,21.99,21.9,76.9,93.45,6.11,0.75,0.94
2001,191,27.17,22.01,21.73,18.01,88.23,6.46,0.78,0.87
2001,192,26.8,21.74,21.27,5.77,87.36,6.4,0.78,0.82
2001,193,27.67,21.75,21.34,4.53,85.57,5.77,0.78,0.8
2001,194,27.19,21.34,20.9,4.27,85.04,5.27,0.78,0.79
2001,195,25.99,20.2,19.89,5.38,85.21,4.78,0.78,0.79
2001,196,27.46,20.81,20.76,8.21,85.39,5.11,0.78,0.8
2001,197,25.39,21.41,20.88,8.07,88.64,5.77,0.78,0.81
2001,198,26.67,21.28,20.97,5.33,86.66,6.72,0.78,0.8
2001,199,26.72,21.75,21.1,2.85,86.6,6.45,0.78,0.79
2001,200,25.57,21.66,21.3,2.97,89.33,5.5,0.78,0.79
2001,201,26.93,21.84,21.2,2.04,86.22,5.36,0.78,0.78
2001,202,26.67,21.54,21.08,0.84,86.91,4.8,0.78,0.77
2001,203,25.89,21.31,21.1,4.98,89.05,4.57,0.78,0.79
2001,204,27.16,21.64,21.53,6.32,88.45,4.85,0.78,0.8
2001,205,27.96,21.76,21.52,5.83,86.65,4.92,0.78,0.79
2001,206,27.75,21.4,21.3,2.51,86.58,4.43,0.78,0.78
2001,207,27.79,21.02,21.11,3.15,86.25,4.24,0.78,0.78
2001,208,27.94,21.25,21.41,6.4,87.18,3.87,0.78,0.79
2001,209,27.3,21.82,21.55,5.66,88.05,3.94,0.78,0.8
2001,210,26.63,21.52,21.08,3.43,86.95,4.52,0.78,0.78
2001,211,28.21,21.32,21.15,2.97,86.08,4.08,0.78,0.78
2001,212,28.05,21.54,21.48,1.95,86.91,3.58,0.78,0.77
2001,213,25.48,21.48,21.29,5.53,90.24,3.21,0.78,0.79
2001,214,26.07,21.1,20.89,1.96,89.48,2.93,0.78,0.79
2001,215,27.18,20.98,21.23,17.12,88.7,3.74,0.78,0.82
2001,216,26.24,21.01,20.99,13.17,89.47,3.79,0.8,0.84
2001,217,24.71,20.89,20.65,5.49,90.28,4.53,0.8,0.82
2001,218,24.35,21.05,20.89,11.1,91.92,4.04,0.8,0.83
2001,219,25.73,21.2,21.01,19.66,89.55,3.89,0.81,0.87
2001,220,26.24,21.49,21.84,28.73,91.98,4.44,0.83,0.91
2001,221,25.74,21.91,21.86,10.06,92.65,3.74,0.84,0.87
2001,222,25.27,21.99,21.84,11.09,92.37,3.56,0.84,0.87
2001,223,25.72,21.7,21.79,5.96,92.3,3.83,0.85,0.86
2001,224,25.89,21.47,21.28,8.79,90.6,4.34,0.85,0.86
2001,225,26.71,21.5,21.7,7.04,90.01,4.6,0.85,0.86
2001,226,25.39,21.95,21.71,18.59,91.93,4.86,0.86,0.88
2001,227,24.71,21.83,21.75,26.49,93.41,5.49,0.88,0.92
2001,228,25.59,21.92,21.67,14.47,91.98,5.84,0.89,0.9
2001,229,26.17,21.56,21.43,7.75,90.25,5.44,0.89,0.88
2001,230,27.24,21.54,21.6,4.33,89.39,5.03,0.89,0.87
2001,231,25.43,20.93,20.66,0.78,90.09,4.24,0.88,0.86
2001,232,24.61,20.99,21.11,1.74,92.63,3.96,0.88,0.86
2001,233,24.88,21.44,21.1,1.74,91.38,3.39,0.88,0.86
2001,234,26.22,21.39,21.44,3.25,89.94,3.85,0.88,0.86
2001,235,27.36,21.57,21.69,2.33,89.08,4.47,0.88,0.85
2001,236,26.85,21.65,21.57,2.18,89.33,3.88,0.87,0.85
2001,237,27.23,21.7,21.57,0.88,88.77,3.28,0.87,0.84
2001,238,26.76,21.29,21.16,0.76,88.61,3.22,0.87,0.84
2001,239,26.47,20.95,21.02,1.97,88.75,4.15,0.86,0.84
2001,240,26.6,20.5,20.58,1.66,88.42,4.55,0.86,0.84
2001,241,26.61,20.6,20.7,1.34,88.15,4.58,0.86,0.83
2001,242,27.22,20.6,20.43,0.46,86.63,4.28,0.85,0.83
2001,243,26.65,20.68,20.36,0.38,87.25,3.99,0.85,0.82
2001,244,26.21,20.4,20.43,1.07,88.43,3.31,0.84,0.82
2001,245,27.3,19.76,20.7,0.73,87.9,2.95,0.84,0.82
2001,246,27.85,20.22,20.88,1.32,87.93,2.67,0.84,0.81
2001,247,27.76,20.02,20.45,1.3,86.13,2.67,0.83,0.81
2001,248,27.09,19.61,20.09,0.89,86.96,2.99,0.83,0.81
2001,249,27.92,19.15,20.25,0.93,86.84,2.79,0.82,0.8
2001,250,28.02,19.58,20.5,0.36,86.5,2.25,0.82,0.8
2001,251,28.8,20.05,20.61,0.33,84.92,1.98,0.82,0.79
2001,252,28.01,19.51,20.28,0.02,85.67,2.12,0.81,0.79
2001,253,27.63,19.27,20.17,0.03,86.23,2.3,0.81,0.78
2001,254,27.24,19.26,20.17,1.69,87.08,2.63,0.8,0.78
2001,255,27.25,19.58,20.11,0.56,86.61,2.31,0.8,0.78
2001,256,28.9,19.32,20.05,0.02,83.09,1.66,0.79,0.77
2001,257,28.08,19.77,20.18,7.38,84.72,1.67,0.79,0.79
2001,258,27.64,19.65,21.04,5.6,87.99,1.56,0.79,0.8
2001,259,28.7,21.25,21.97,8.56,87.96,1.28,0.8,0.81
2001,260,28.71,21.94,22.24,8.24,87.87,1.58,0.8,0.82
2001,261,28.68,21.76,22.31,16.54,88.53,1.55,0.8,0.85
2001,262,26.0,22.09,22.1,2.9,92.05,1.8,0.81,0.82
2001,263,26.33,21.95,21.82,16.66,90.97,1.62,0.81,0.85
2001,264,26.97,21.5,21.89,17.1,89.67,1.98,0.83,0.87
2001,265,29.4,21.32,21.41,2.85,83.62,2.59,0.83,0.83
2001,266,27.89,21.16,21.65,0.26,87.95,2.16,0.83,0.82
2001,267,30.4,20.34,21.23,0.41,83.83,1.29,0.83,0.81
2001,268,29.27,20.32,21.74,28.71,86.15,1.23,0.83,0.87
2001,269,26.89,21.95,22.26,10.1,91.47,1.48,0.84,0.87
2001,270,28.9,21.8,22.39,15.49,88.06,1.63,0.85,0.87
2001,271,29.8,20.98,21.79,5.35,84.59,1.54,0.85,0.86
2001,272,29.92,21.5,21.91,0.08,85.24,1.81,0.85,0.83
2001,273,29.38,21.37,21.87,0.24,86.06,1.77,0.84,0.82
2001,274,26.64,22.07,21.86,1.83,90.34,2.86,0.84,0.83
2001,275,26.3,21.4,21.76,0.77,90.42,3.31,0.84,0.82
2001,276,27.06,21.18,21.25,0.45,88.84,2.98,0.84,0.82
2001,277,27.69,20.45,21.4,3.7,89.73,2.43,0.83,0.82
2001,278,26.96,21.2,21.9,21.86,91.95,1.98,0.84,0.88
2001,279,26.27,21.61,22.16,23.96,92.64,1.28,0.85,0.91
2001,280,26.42,21.25,22.05,28.56,91.72,1.94,0.87,0.93
2001,281,26.78,22.29,22.44,16.45,91.0,2.23,0.88,0.91
2001,282,27.67,20.91,22.25,6.21,90.16,1.7,0.89,0.89
2001,283,27.16,21.73,22.32,3.38,91.46,1.84,0.89,0.87
2001,284,27.16,21.53,22.13,3.2,91.9,1.81,0.89,0.87
2001,285,27.18,20.83,21.69,6.67,90.01,1.16,0.89,0.88
2001,286,27.91,21.31,21.97,2.97,90.07,1.28,0.89,0.87
2001,287,29.03,19.3,20.82,0.24,84.51,1.39,0.89,0.86
2001,288,29.05,20.18,21.7,8.52,86.01,1.63,0.88,0.87
2001,289,28.66,19.83,20.26,2.08,82.66,2.34,0.88,0.86
2001,290,28.15,17.79,17.27,0.04,76.34,2.62,0.88,0.85
2001,291,28.45,17.04,18.0,0.02,77.14,3.09,0.87,0.84
2001,292,28.85,19.85,21.14,0.0,84.36,2.6,0.86,0.84
2001,293,29.53,18.64,19.43,0.0,79.78,2.0,0.86,0.83
2001,294,28.69,15.31,14.51,0.0,69.48,2.53,0.85,0.83
2001,295,28.66,15.39,15.21,0.0,72.68,2.5,0.85,0.82
2001,296,28.41,15.27,15.44,0.0,73.52,2.51,0.84,0.82
2001,297,28.13,15.29,15.24,0.0,74.6,2.7,0.84,0.81
2001,298,28.57,14.21,14.57,0.0,71.99,2.43,0.83,0.81
2001,299,28.76,14.34,14.46,0.0,70.64,2.18,0.83,0.8
2001,300,28.7,14.71,14.42,0.0,69.56,2.24,0.82,0.8
2001,301,29.22,15.55,14.92,0.0,69.08,1.61,0.82,0.79
2001,302,29.1,16.26,15.06,0.0,69.35,1.45,0.81,0.79
2001,303,28.62,14.69,15.11,0.0,72.68,2.0,0.81,0.78
2001,304,28.74,15.62,15.91,0.0,72.16,2.23,0.8,0.78
2001,305,29.36,16.83,17.47,0.0,75.94,1.98,0.8,0.77
2001,306,29.38,16.23,15.63,0.0,70.51,2.08,0.79,0.77
2001,307,29.51,14.85,12.95,0.0,62.59,2.03,0.79,0.76
2001,308,29.05,14.69,12.39,0.0,61.6,1.72,0.78,0.76
2001,309,28.87,14.67,13.91,0.0,65.71,1.63,0.78,0.75
2001,310,29.24,15.58,15.49,0.0,69.17,2.06,0.77,0.75
2001,311,28.91,17.64,17.4,0.0,76.16,2.05,0.77,0.75
2001,312,28.64,16.05,15.95,0.0,73.48,2.22,0.76,0.74
2001,313,28.14,15.65,15.24,0.0,71.77,2.48,0.76,0.74
2001,314,27.64,15.21,14.16,0.0,70.21,2.39,0.75,0.73
2001,315,27.88,13.92,14.29,0.0,71.49,2.28,0.75,0.73
2001,316,27.89,14.82,14.23,0.0,71.4,2.54,0.75,0.73
2001,317,27.58,12.69,10.29,0.0,61.92,2.6,0.74,0.72
2001,318,28.1,12.58,12.34,0.0,63.66,1.84,0.74,0.72
2001,319,29.2,16.13,17.29,0.0,77.59,1.57,0.73,0.72
2001,320,28.68,17.94,19.43,11.34,82.42,1.42,0.73,0.77
2001,321,27.04,19.82,19.55,0.45,83.3,1.45,0.74,0.74
2001,322,29.35,18.26,19.17,0.02,78.53,1.56,0.73,0.73
2001,323,29.98,18.85,18.97,0.0,74.83,1.28,0.73,0.72
2001,324,29.74,17.98,17.09,0.0,72.96,2.11,0.73,0.71
2001,325,28.42,15.1,12.57,0.0,64.37,2.31,0.72,0.71
2001,326,27.77,13.23,10.36,0.0,58.49,1.79,0.72,0.7
2001,327,27.63,13.34,10.78,0.0,60.96,1.7,0.71,0.7
2001,328,27.21,12.07,9.42,0.0,56.69,1.76,0.71,0.7
2001,329,27.15,12.27,10.78,0.0,60.81,1.64,0.71,0.69
2001,330,27.15,12.89,11.55,0.0,63.04,1.47,0.7,0.69
2001,331,27.06,12.94,12.71,0.0,68.58,1.51,0.7,0.69
2001,332,26.96,13.62,14.53,0.0,73.05,1.49,0.7,0.69
2001,333,27.07,14.45,13.68,0.0,69.71,1.85,0.69,0.68
2001,334,26.57,12.45,8.44,0.0,57.18,2.72,0.69,0.67
2001,335,27.8,12.61,11.31,0.0,60.75,2.07,0.68,0.67
2001,336,28.24,14.29,13.06,0.0,65.51,1.71,0.68,0.67
2001,337,28.2,12.85,10.59,0.0,57.67,1.54,0.68,0.66
2001,338,28.45,12.73,10.42,0.0,56.04,1.23,0.67,0.66
2001,339,28.79,12.68,10.99,0.0,58.03,1.31,0.67,0.65
2001,340,28.72,13.19,10.94,0.0,57.53,1.25,0.67,0.65
2001,341,28.93,13.12,10.24,0.0,52.96,1.36,0.66,0.64
2001,342,28.56,12.39,9.23,0.0,52.25,1.47,0.66,0.63
2001,343,28.64,12.51,8.75,0.0,50.69,1.6,0.66,0.63
2001,344,28.6,12.75,9.82,0.0,54.38,1.09,0.65,0.62
2001,345,28.33,12.91,10.67,0.0,59.0,1.15,0.65,0.62
2001,346,28.54,13.21,11.52,0.0,62.69,1.34,0.65,0.61
2001,347,28.66,12.9,10.86,0.0,60.05,1.41,0.64,0.6
2001,348,28.73,12.64,10.25,0.0,54.52,1.29,0.64,0.6
2001,349,27.9,13.17,11.55,0.0,61.74,1.27,0.64,0.6
2001,350,27.93,13.19,11.04,0.0,61.22,1.25,0.64,0.59
2001,351,28.24,13.17,10.88,0.0,58.1,1.94,0.63,0.59
2001,352,27.62,13.63,10.33,0.0,58.25,2.47,0.63,0.58
2001,353,27.86,13.59,7.85,0.0,51.05,2.71,0.63,0.57
2001,354,27.75,11.83,6.29,0.0,47.15,2.88,0.62,0.56
2001,355,27.56,12.35,6.51,0.0,48.2,3.19,0.62,0.56
2001,356,27.6,12.03,5.46,0.0,45.17,2.93,0.62,0.55
2001,357,27.72,10.88,6.1,0.0,45.65,2.09,0.61,0.55
2001,358,27.99,12.17,7.58,0.0,49.04,2.04,0.61,0.55
2001,359,28.27,12.69,10.8,0.0,57.14,1.68,0.61,0.54
2001,360,28.24,15.16,13.57,0.0,61.46,1.42,0.6,0.54
2001,361,28.51,17.53,14.52,0.0,62.6,1.23,0.6,0.54
2001,362,28.31,16.52,14.2,0.0,63.25,1.16,0.6,0.54
2001,363,28.16,14.52,12.27,0.0,59.88,1.44,0.6,0.53
2001,364,27.48,14.11,11.96,0.0,60.72,1.36,0.6,0.53
2001,365,27.66,13.76,11.21,0.0,58.69,1.35,0.59,0.53
2002,1,27.43,12.89,7.62,0.0,51.96,2.65,0.59,0.52
2002,2,27.38,11.41,4.94,0.0,45.16,2.96,0.59,0.51
2002,3,26.92,10.13,1.67,0.0,38.36,2.91,0.59,0.5
2002,4,26.78,9.73,4.07,0.0,42.74,2.71,0.58,0.5
2002,5,27.34,12.48,10.13,0.03,57.55,2.24,0.58,0.49
2002,6,27.81,13.47,13.23,0.01,70.37,1.75,0.58,0.49
2002,7,27.84,13.3,13.41,0.26,71.99,1.56,0.58,0.49
2002,8,28.17,15.07,13.33,0.09,65.71,2.41,0.58,0.49
2002,9,28.09,14.92,12.58,0.0,60.93,2.84,0.57,0.49
2002,10,28.43,14.19,10.01,0.0,53.74,2.51,0.57,0.48
2002,11,29.15,12.58,5.88,0.0,42.52,1.97,0.57,0.48
2002,12,30.14,11.55,4.59,0.0,39.83,1.92,0.57,0.47
2002,13,30.62,12.07,3.14,0.0,34.47,1.59,0.57,0.46
2002,14,31.49,12.5,5.36,0.0,41.45,1.35,0.56,0.46
2002,15,30.27,14.37,9.73,0.0,55.82,1.71,0.56,0.46
2002,16,28.55,14.27,13.77,0.0,74.56,1.82,0.56,0.46
2002,17,27.12,12.8,13.72,0.0,78.1,2.01,0.56,0.46
2002,18,25.61,12.96,12.96,0.0,77.6,1.84,0.56,0.46
2002,19,25.0,10.99,10.45,0.0,70.25,2.04,0.56,0.46
2002,20,24.25,10.24,8.95,0.0,67.59,1.85,0.56,0.45
2002,21,25.04,10.81,6.72,0.0,53.73,1.95,0.55,0.45
2002,22,26.93,11.3,10.44,0.0,67.23,1.71,0.55,0.45
2002,23,28.22,10.48,4.84,0.0,47.96,1.65,0.55,0.45
2002,24,29.15,11.67,-0.03,0.0,33.74,1.97,0.55,0.44
2002,25,28.68,10.87,2.96,0.0,40.58,2.39,0.55,0.43
2002,26,27.2,11.19,10.22,0.0,66.15,2.32,0.55,0.44
2002,27,24.67,10.17,9.54,0.0,67.66,2.61,0.55,0.44
2002,28,26.35,6.61,0.29,0.0,42.53,1.47,0.54,0.43
2002,29,28.34,9.45,2.37,0.0,44.65,1.57,0.54,0.43
2002,30,29.57,9.0,2.0,0.0,35.99,2.42,0.54,0.42
2002,31,29.98,13.59,7.44,0.0,43.12,2.48,0.54,0.42
2002,32,30.89,14.84,10.75,0.0,51.16,1.66,0.54,0.42
2002,33,31.65,15.18,9.17,0.0,44.94,1.76,0.54,0.41
2002,34,32.13,16.57,12.14,0.0,51.52,1.48,0.54,0.41
2002,35,32.25,16.39,12.29,0.0,53.09,2.17,0.53,0.41
2002,36,31.91,17.48,12.86,0.0,53.99,1.72,0.53,0.41
2002,37,30.71,15.1,9.95,0.01,50.9,2.35,0.53,0.41
2002,38,28.53,13.51,9.51,0.03,56.6,2.37,0.53,0.41
2002,39,27.57,10.84,3.91,0.0,46.09,1.97,0.53,0.4
2002,40,31.43,10.81,6.39,0.0,44.2,2.25,0.53,0.4
2002,41,30.25,14.74,12.48,0.12,59.64,2.44,0.53,0.4
2002,42,28.22,14.08,10.57,0.0,60.97,2.38,0.53,0.4
2002,43,31.79,10.34,6.2,0.0,42.77,1.71,0.52,0.4
2002,44,33.24,15.6,10.69,0.0,46.33,2.02,0.52,0.39
2002,45,33.66,16.51,9.6,0.0,43.03,1.62,0.52,0.39
2002,46,33.48,16.82,10.17,0.0,45.7,1.39,0.52,0.39
2002,47,34.06,17.28,9.98,0.0,43.74,1.78,0.52,0.38
2002,48,33.69,18.16,11.14,0.0,46.16,1.63,0.52,0.38
2002,49,33.85,19.69,11.16,0.0,44.18,1.46,0.52,0.38
2002,50,33.98,18.7,10.33,0.0,42.44,1.51,0.52,0.38
2002,51,34.43,17.2,6.81,0.0,34.16,1.98,0.51,0.37
2002,52,34.91,16.27,5.12,0.0,31.15,1.4,0.51,0.36
2002,53,35.31,19.17,7.91,0.0,36.34,1.87,0.51,0.36
2002,54,34.69,17.03,9.34,0.0,42.3,1.58,0.51,0.35
2002,55,34.36,16.64,9.39,0.0,43.22,1.64,0.51,0.34
2002,56,34.72,16.45,7.28,0.0,38.09,1.68,0.51,0.34
2002,57,35.02,15.92,5.22,0.0,33.02,1.68,0.51,0.33
2002,58,35.92,17.23,4.17,0.0,28.99,1.57,0.51,0.32
2002,59,36.26,17.21,2.84,0.0,26.06,1.97,0.5,0.3
2002,60,36.51,17.87,5.17,0.0,29.84,1.66,0.5,0.29
2002,61,35.94,18.1,6.19,0.0,31.58,2.36,0.5,0.29
2002,62,35.44,17.78,4.61,0.0,29.59,2.41,0.5,0.28
2002,63,36.75,17.1,3.46,0.0,25.91,1.9,0.5,0.28
2002,64,37.25,18.06,2.43,0.0,21.98,2.27,0.5,0.27
2002,65,37.05,17.99,1.75,0.0,22.56,2.21,0.5,0.26
2002,66,35.15,17.17,6.36,0.0,35.93,2.44,0.5,0.26
2002,67,32.83,15.5,10.53,0.0,55.88,2.36,0.5,0.26
2002,68,36.12,16.06,7.79,0.0,41.29,1.89,0.5,0.26
2002,69,35.99,18.21,6.02,0.0,27.94,2.25,0.5,0.25
2002,70,36.8,21.63,5.68,0.0,24.51,2.21,0.5,0.25
2002,71,33.94,22.04,4.36,0.0,23.84,2.75,0.5,0.24
2002,72,36.93,19.84,7.86,0.04,31.03,2.98,0.5,0.24
2002,73,36.2,21.53,8.62,0.24,31.99,2.02,0.5,0.24
2002,74,36.48,21.77,8.44,0.0,31.62,2.59,0.5,0.24
2002,75,36.9,19.38,7.56,0.0,31.02,2.19,0.5,0.23
2002,76,37.55,19.51,6.59,0.0,27.45,1.84,0.5,0.23
2002,77,38.36,22.87,6.65,0.0,25.15,2.25,0.5,0.22
2002,78,38.54,19.0,3.93,0.0,24.17,2.24,0.49,0.22
2002,79,37.94,19.46,8.61,0.0,35.72,2.18,0.49,0.22
2002,80,37.74,21.12,10.96,0.03,42.72,2.21,0.49,0.21
2002,81,36.71,18.5,10.34,0.01,46.13,2.49,0.49,0.21
2002,82,36.08,17.71,9.15,0.0,42.24,2.72,0.49,0.21
2002,83,36.88,17.51,11.59,0.0,54.05,2.58,0.49,0.21
2002,84,35.85,17.06,11.93,0.0,54.98,2.62,0.49,0.21
2002,85,35.46,16.7,11.03,0.0,53.57,2.53,0.49,0.21
2002,86,36.03,16.85,11.37,0.0,54.21,2.5,0.49,0.21
2002,87,37.76,17.02,11.07,0.0,50.79,2.33,0.49,0.2
2002,88,38.39,18.31,10.86,0.0,49.51,2.11,0.49,0.2
2002,89,39.97,18.63,7.83,0.0,39.23,2.09,0.49,0.19
2002,90,40.2,19.07,7.03,0.0,35.31,2.04,0.49,0.19
2002,91,38.49,19.52,7.76,0.0,34.9,3.03,0.49,0.18
2002,92,36.5,19.78,14.62,0.0,57.13,3.1,0.49,0.18
2002,93,37.57,19.77,13.54,0.0,55.81,2.66,0.49,0.18
2002,94,38.89,18.78,12.9,0.0,52.87,2.2,0.49,0.18
2002,95,39.41,19.53,12.77,0.0,49.65,2.14,0.49,0.18
2002,96,37.64,20.23,14.74,3.02,49.88,2.18,0.49,0.23
2002,97,37.16,23.0,15.13,0.71,46.0,2.39,0.49,0.3
2002,98,35.16,22.45,14.01,0.08,46.44,1.69,0.49,0.29
2002,99,36.11,22.11,10.42,0.0,35.66,1.86,0.49,0.27
2002,100,38.46,20.76,6.51,0.0,26.12,2.71,0.49,0.25
2002,101,38.98,21.02,4.66,0.0,23.53,2.42,0.49,0.23
2002,102,40.01,20.4,3.65,0.0,22.17,2.4,0.49,0.22
2002,103,40.45,21.1,6.89,0.0,26.18,2.29,0.49,0.21
2002,104,39.91,21.53,8.98,0.0,31.3,2.83,0.49,0.2
2002,105,40.31,20.15,12.44,0.0,43.07,2.59,0.49,0.19
2002,106,38.57,21.02,14.94,0.0,49.99,2.89,0.49,0.19
2002,107,40.18,22.14,12.17,0.0,36.62,2.55,0.49,0.19
2002,108,40.98,22.63,11.77,0.0,32.83,2.17,0.49,0.18
2002,109,39.9,24.73,12.81,0.02,34.84,2.13,0.49,0.18
2002,110,39.49,24.77,14.48,0.13,38.85,1.73,0.49,0.18
2002,111,39.65,24.76,13.22,0.11,35.06,1.66,0.49,0.18
2002,112,38.01,25.0,10.0,0.0,29.35,1.75,0.49,0.17
2002,113,40.44,21.67,9.5,0.0,34.04,3.01,0.49,0.17
2002,114,41.15,21.58,8.51,0.0,28.81,2.73,0.49,0.16
2002,115,40.47,21.08,7.8,0.0,29.12,2.94,0.49,0.16
2002,116,41.89,20.69,9.49,0.0,32.94,2.21,0.49,0.16
2002,117,42.36,22.07,6.64,0.0,27.75,2.12,0.49,0.15
2002,118,42.52,23.24,5.35,0.0,24.38,2.62,0.49,0.15
2002,119,40.78,21.08,13.65,0.0,49.0,3.27,0.49,0.15
2002,120,41.44,20.75,13.22,0.0,46.26,2.76,0.49,0.14
2002,121,43.05,21.78,11.92,0.0,41.29,2.27,0.49,0.14
2002,122,42.4,22.25,11.04,0.2,33.83,1.42,0.49,0.14
2002,123,43.07,26.02,12.36,0.0,29.77,1.21,0.49,0.14
2002,124,42.24,25.44,15.21,0.02,43.17,2.44,0.49,0.14
2002,125,39.52,23.12,17.0,0.05,53.17,3.69,0.49,0.14
2002,126,36.22,23.17,18.66,0.33,61.03,4.33,0.49,0.14
2002,127,38.29,23.8,19.51,1.23,61.22,3.08,0.49,0.17
2002,128,31.71,24.23,21.36,9.61,72.09,2.82,0.49,0.36
2002,129,34.68,23.35,21.21,4.15,70.95,3.26,0.5,0.53
2002,130,36.79,22.88,20.88,0.65,67.58,4.13,0.5,0.47
2002,131,34.98,23.94,20.93,0.07,68.06,4.95,0.5,0.42
2002,132,34.7,23.88,21.29,0.0,69.79,4.73,0.5,0.4
2002,133,35.5,23.88,21.16,0.0,69.03,4.77,0.5,0.37
2002,134,36.49,23.84,20.57,0.52,65.22,4.57,0.5,0.36
2002,135,37.47,23.44,19.82,0.09,61.95,4.18,0.5,0.34
2002,136,37.49,23.69,19.44,0.0,60.78,4.47,0.49,0.32
2002,137,35.69,23.19,19.94,0.0,64.87,4.65,0.49,0.3
2002,138,35.42,23.31,19.83,0.08,65.5,4.79,0.49,0.29
2002,139,33.9,22.88,19.48,0.05,66.4,5.61,0.49,0.28
2002,140,33.97,22.55,18.89,0.63,65.51,5.37,0.49,0.28
2002,141,34.65,22.05,18.73,0.41,63.87,4.51,0.49,0.29
2002,142,36.79,21.77,18.08,0.0,60.07,3.93,0.49,0.28
2002,143,38.7,22.73,16.99,0.0,53.69,3.19,0.49,0.26
2002,144,38.12,21.82,18.0,0.0,56.62,3.0,0.49,0.25
2002,145,38.28,22.97,18.29,0.01,56.14,3.72,0.49,0.24
2002,146,35.49,23.27,19.15,0.0,61.55,4.34,0.49,0.23
2002,147,35.43,23.53,19.81,0.56,64.2,4.24,0.49,0.23
2002,148,35.82,22.58,19.33,0.08,63.22,4.19,0.49,0.24
2002,149,36.59,23.25,18.89,0.0,59.73,4.22,0.49,0.23
2002,150,37.63,23.38,18.83,0.42,57.66,3.92,0.49,0.23
2002,151,35.82,23.66,18.13,1.92,58.13,2.81,0.49,0.27
2002,152,32.98,22.98,18.6,0.54,62.83,3.26,0.49,0.3
2002,153,30.15,22.96,19.45,3.24,68.98,2.16,0.49,0.35
2002,154,30.46,22.97,19.66,1.5,70.89,3.04,0.5,0.39
2002,155,32.14,22.74,19.55,0.82,67.84,3.77,0.5,0.39
2002,156,34.53,22.78,19.23,0.28,64.41,4.08,0.5,0.37
2002,157,35.85,22.17,18.32,0.16,60.37,3.93,0.5,0.35
2002,158,35.4,22.96,19.42,0.02,62.05,3.94,0.49,0.33
2002,159,35.98,23.74,19.79,0.38,62.24,3.62,0.49,0.31
2002,160,37.14,24.19,20.03,0.65,62.69,2.93,0.49,0.31
2002,161,30.23,24.28,22.47,9.4,79.29,2.89,0.5,0.43
2002,162,28.35,23.69,22.89,32.26,86.69,2.16,0.51,0.69
2002,163,30.2,23.42,21.09,4.01,76.33,0.9,0.53,0.62
2002,164,31.67,23.24,22.76,12.15,80.72,2.37,0.54,0.62
2002,165,31.47,23.66,22.73,13.48,80.56,1.42,0.55,0.66
2002,166,26.49,23.91,23.46,19.88,91.39,4.1,0.56,0.71
2002,167,27.08,22.72,22.7,17.37,88.7,5.14,0.58,0.73
2002,168,28.98,22.46,22.13,11.5,84.1,5.36,0.59,0.71
2002,169,28.08,22.84,22.24,10.36,84.97,5.07,0.59,0.71
2002,170,29.71,22.81,21.98,7.72,82.87,4.93,0.6,0.68
2002,171,28.46,23.1,22.33,16.02,85.16,5.4,0.6,0.72
2002,172,27.51,22.93,21.94,10.05,85.09,5.52,0.62,0.71
2002,173,27.61,22.84,22.3,8.43,87.57,4.84,0.62,0.7
2002,174,27.7,22.63,22.29,10.79,86.85,4.83,0.63,0.71
2002,175,27.42,22.82,22.14,12.89,86.78,5.39,0.64,0.74
2002,176,25.88,22.45,21.77,17.59,89.97,5.62,0.65,0.78
2002,177,25.11,22.02,22.02,83.45,92.97,5.98,0.67,0.92
2002,178,27.35,22.66,22.46,41.25,89.36,7.2,0.72,0.88
2002,179,27.33,22.37,21.69,8.29,86.33,6.06,0.73,0.8
2002,180,28.2,22.17,22.0,9.31,86.79,5.59,0.73,0.8
2002,181,28.23,22.07,21.76,1.89,85.3,5.35,0.73,0.76
2002,182,28.02,22.29,21.63,0.84,84.51,5.09,0.73,0.73
2002,183,27.67,22.06,21.55,0.42,85.95,5.29,0.72,0.73
2002,184,28.37,22.26,21.71,0.94,85.03,5.5,0.72,0.72
2002,185,29.04,22.32,21.8,1.04,84.98,5.73,0.72,0.72
2002,186,29.01,22.28,21.72,0.16,83.76,5.85,0.71,0.71
2002,187,29.09,22.08,21.41,0.27,83.01,5.02,0.71,0.7
2002,188,28.44,21.7,20.79,0.18,82.64,5.34,0.71,0.69
2002,189,28.87,21.52,20.76,0.49,82.26,5.15,0.7,0.69
2002,190,28.76,21.4,20.93,1.83,83.22,4.66,0.7,0.69
2002,191,28.92,21.47,21.04,3.73,82.71,4.83,0.7,0.7
2002,192,28.08,21.76,21.1,1.71,84.15,5.5,0.7,0.69
2002,193,29.51,21.8,21.34,0.55,82.84,5.36,0.69,0.68
2002,194,29.24,21.91,21.19,0.29,82.1,5.42,0.69,0.67
2002,195,28.44,21.84,21.1,1.91,83.56,5.44,0.69,0.68
2002,196,27.53,21.59,21.06,2.2,84.58,5.2,0.68,0.68
2002,197,28.69,21.98,21.18,5.0,83.37,5.36,0.68,0.7
2002,198,27.56,22.16,21.17,3.58,84.85,5.23,0.68,0.7
2002,199,27.96,21.74,21.23,7.74,85.55,4.95,0.68,0.72
2002,200,25.55,21.69,21.33,4.46,89.67,4.92,0.69,0.73
2002,201,27.56,21.57,21.13,2.06,85.91,4.7,0.69,0.7
2002,202,28.57,21.5,21.14,4.86,83.96,5.52,0.69,0.71
2002,203,26.87,22.39,21.77,9.84,87.7,5.9,0.69,0.75
2002,204,27.84,22.02,21.53,9.52,85.48,5.9,0.7,0.75
2002,205,27.53,21.76,21.2,11.25,85.52,5.55,0.7,0.76
2002,206,27.93,21.81,21.15,6.56,84.95,5.47,0.71,0.75
2002,207,28.2,21.29,21.01,3.0,84.5,5.47,0.7,0.72
2002,208,28.84,21.33,21.13,1.75,84.63,5.06,0.7,0.71
2002,209,29.06,21.38,21.04,0.38,83.32,4.56,0.7,0.69
2002,210,28.71,21.84,21.31,0.15,85.15,4.18,0.7,0.69
2002,211,29.53,21.96,21.34,0.07,83.09,4.1,0.69,0.68
2002,212,28.98,21.47,21.29,0.83,84.13,3.36,0.69,0.68
2002,213,28.37,21.47,21.42,0.64,85.35,2.8,0.69,0.68
2002,214,27.45,21.75,21.41,8.59,86.6,2.49,0.69,0.73
2002,215,28.4,21.47,21.77,7.32,88.07,2.86,0.69,0.74
2002,216,25.1,20.74,20.83,20.36,89.55,3.85,0.7,0.79
2002,217,25.04,20.66,20.56,11.63,89.57,4.58,0.71,0.8
2002,218,25.18,20.44,21.33,42.85,92.15,5.15,0.73,0.87
2002,219,26.05,21.78,21.55,32.64,89.68,5.86,0.76,0.89
2002,220,24.69,21.11,21.24,19.15,91.59,4.77,0.77,0.86
2002,221,24.69,22.11,21.91,32.97,93.21,5.44,0.79,0.9
2002,222,26.15,21.86,21.4,12.28,89.22,5.62,0.81,0.86
2002,223,26.32,22.05,21.67,12.55,88.99,6.23,0.81,0.85
2002,224,26.83,22.04,21.61,12.06,88.63,6.56,0.82,0.85
2002,225,26.91,22.04,21.72,4.01,88.77,6.59,0.82,0.83
2002,226,27.0,21.82,21.61,2.64,88.7,6.12,0.82,0.81
2002,227,26.62,21.52,21.44,3.74,88.93,5.75,0.82,0.81
2002,228,27.67,21.86,21.5,2.32,87.35,5.37,0.82,0.81
2002,229,25.99,21.63,21.19,11.28,88.98,5.24,0.81,0.83
2002,230,26.46,21.5,21.13,8.69,88.9,5.14,0.82,0.84
2002,231,27.16,21.34,21.2,1.7,87.85,4.8,0.82,0.81
2002,232,27.83,21.28,21.12,0.6,86.43,4.47,0.82,0.8
2002,233,27.35,21.21,20.85,0.7,86.73,3.99,0.81,0.8
2002,234,27.17,20.99,20.78,0.43,86.82,3.94,0.81,0.79
2002,235,27.09,21.09,20.93,1.53,88.17,3.65,0.8,0.79
2002,236,23.93,21.2,20.85,16.02,91.98,3.75,0.81,0.84
2002,237,25.67,20.77,20.46,11.4,88.83,4.94,0.82,0.85
2002,238,27.04,20.13,20.49,1.65,87.13,3.91,0.82,0.81
2002,239,27.06,19.58,20.39,1.39,87.78,2.79,0.81,0.8
2002,240,27.61,19.55,20.44,0.45,87.19,2.76,0.81,0.79
2002,241,25.73,20.29,20.74,1.26,89.57,2.77,0.81,0.8
2002,242,26.52,20.77,20.96,8.0,89.3,3.75,0.81,0.82
2002,243,26.56,21.11,21.13,6.85,89.18,4.02,0.81,0.82
2002,244,24.82,21.61,21.69,9.24,93.62,4.15,0.81,0.84
2002,245,25.79,21.81,21.89,3.27,92.79,3.59,0.82,0.82
2002,246,24.45,21.71,21.62,9.27,93.44,4.06,0.82,0.84
2002,247,26.29,21.42,21.57,15.53,90.97,4.46,0.82,0.86
2002,248,25.58,21.32,21.51,10.48,91.83,3.03,0.83,0.86
2002,249,27.0,20.51,21.04,0.74,89.33,2.98,0.83,0.83
2002,250,26.88,19.7,20.36,0.08,87.74,3.21,0.83,0.81
2002,251,27.03,18.91,19.78,0.01,87.24,2.67,0.82,0.8
2002,252,25.98,17.83,18.8,0.06,86.27,2.59,0.82,0.8
2002,253,26.77,18.34,19.35,0.08,86.66,2.51,0.82,0.79
2002,254,26.93,18.24,19.4,0.12,86.04,2.33,0.81,0.79
2002,255,25.34,18.88,19.49,0.07,88.43,2.13,0.81,0.79
2002,256,27.89,18.51,19.92,0.0,86.02,2.1,0.8,0.78
2002,257,29.0,19.5,20.33,0.0,84.45,1.65,0.8,0.78
2002,258,28.95,19.53,20.63,0.0,85.4,2.09,0.79,0.77
2002,259,27.38,19.62,20.05,0.46,86.36,2.29,0.79,0.77
2002,260,26.69,18.63,19.68,3.58,86.85,2.27,0.79,0.78
2002,261,27.55,19.24,19.93,0.72,85.49,1.89,0.78,0.77
2002,262,28.49,19.03,19.81,0.22,83.6,1.72,0.78,0.76
2002,263,28.69,19.33,20.31,0.01,84.27,1.95,0.77,0.75
2002,264,26.54,21.32,21.26,11.49,89.49,2.02,0.77,0.8
2002,265,29.4,20.81,21.42,3.41,86.52,1.64,0.78,0.78
2002,266,28.6,20.72,21.03,0.39,86.03,2.2,0.78,0.76
2002,267,28.24,20.15,20.78,0.08,86.59,2.22,0.77,0.76
2002,268,27.79,19.42,20.11,0.92,85.41,2.06,0.77,0.75
2002,269,28.94,19.56,20.27,0.21,83.94,1.64,0.76,0.75
2002,270,29.55,20.81,20.93,0.11,83.44,1.45,0.76,0.74
2002,271,30.69,20.19,21.11,1.4,82.08,1.24,0.75,0.74
2002,272,31.17,21.26,20.6,0.27,75.62,1.22,0.75,0.73
2002,273,32.47,20.06,18.99,0.0,69.94,1.67,0.75,0.72
2002,274,32.16,19.14,18.35,0.0,68.1,1.77,0.74,0.71
2002,275,32.42,18.72,17.85,0.14,67.89,2.12,0.73,0.71
2002,276,32.25,19.78,19.86,0.03,73.91,1.57,0.73,0.71
2002,277,32.66,20.06,19.42,1.57,71.54,1.33,0.72,0.71
2002,278,33.19,18.93,18.84,0.23,68.75,1.33,0.72,0.7
2002,279,32.85,20.28,19.7,0.01,70.93,1.73,0.72,0.69
2002,280,32.4,21.13,18.7,0.0,68.02,2.24,0.71,0.69
2002,281,32.98,19.02,16.39,0.01,62.12,2.68,0.71,0.68
2002,282,31.22,19.35,19.44,1.74,72.85,2.68,0.7,0.68
2002,283,31.17,21.38,20.87,3.87,77.15,2.39,0.7,0.7
2002,284,28.22,21.32,21.0,4.91,83.81,1.72,0.7,0.72
2002,285,27.07,20.96,20.01,3.74,82.36,1.53,0.7,0.72
2002,286,30.28,19.79,18.78,6.2,74.93,2.24,0.7,0.73
2002,287,30.47,19.39,17.99,0.39,71.54,2.9,0.7,0.69
2002,288,29.51,20.14,18.52,0.53,74.1,2.56,0.7,0.69
2002,289,26.31,20.35,20.07,10.41,84.19,1.45,0.7,0.75
2002,290,29.19,20.86,19.87,2.98,80.03,1.55,0.7,0.72
2002,291,30.09,20.32,19.87,0.05,79.87,1.24,0.7,0.69
2002,292,29.92,19.73,19.8,0.01,80.34,1.17,0.69,0.69
2002,293,30.71,19.73,19.75,0.0,79.72,1.13,0.69,0.68
2002,294,30.06,19.54,19.6,0.0,79.17,1.22,0.68,0.67
2002,295,30.56,19.34,19.09,0.0,75.83,1.29,0.68,0.67
2002,296,30.88,18.76,17.04,0.0,68.78,1.7,0.67,0.66
2002,297,30.83,16.04,13.34,0.0,59.48,1.88,0.67,0.65
2002,298,30.39,17.56,15.45,0.0,64.71,2.73,0.67,0.64
2002,299,30.16,17.32,13.35,0.0,59.29,2.76,0.66,0.63
2002,300,30.38,14.89,10.96,0.0,53.99,2.49,0.66,0.62
2002,301,30.4,14.53,10.27,0.0,51.18,2.06,0.65,0.61
2002,302,30.11,13.9,10.46,0.0,53.4,1.68,0.65,0.61
2002,303,29.81,14.72,10.73,0.0,52.22,2.09,0.64,0.6
2002,304,29.9,15.75,12.76,0.0,58.74,1.97,0.64,0.6
2002,305,30.35,14.98,12.39,0.0,56.99,1.89,0.64,0.59
2002,306,29.89,16.32,13.59,0.0,61.64,2.29,0.63,0.58
2002,307,30.1,17.33,15.14,0.0,63.22,2.18,0.63,0.58
2002,308,30.35,17.36,12.63,0.0,54.87,2.16,0.62,0.57
2002,309,29.69,15.52,11.84,0.0,55.99,1.82,0.62,0.56
2002,310,29.87,14.19,12.32,0.0,57.8,1.42,0.62,0.55
2002,311,29.79,14.71,12.73,0.0,59.58,1.75,0.61,0.55
2002,312,29.89,14.67,9.5,0.0,48.98,2.18,0.61,0.54
2002,313,30.0,14.64,13.11,0.0,59.34,1.95,0.61,0.53
2002,314,29.84,18.28,16.91,3.2,69.57,1.83,0.6,0.55
2002,315,27.09,18.54,18.34,1.23,78.72,1.2,0.6,0.57
2002,316,28.32,17.08,16.72,0.04,76.17,1.43,0.6,0.55
2002,317,30.26,16.13,15.89,0.17,69.45,1.43,0.6,0.54
2002,318,30.65,17.89,14.83,0.02,60.77,1.14,0.6,0.53
2002,319,31.13,17.94,15.51,0.0,62.1,1.12,0.59,0.53
2002,320,31.31,17.77,14.02,0.0,59.12,1.72,0.59,0.52
2002,321,29.76,15.77,7.65,0.0,44.42,2.54,0.59,0.51
2002,322,30.38,14.56,6.13,0.0,40.36,2.49,0.58,0.5
2002,323,30.42,14.02,5.4,0.0,38.79,2.38,0.58,0.49
2002,324,30.83,13.44,4.98,0.0,37.82,2.28,0.58,0.49
2002,325,30.78,14.38,7.83,0.0,43.21,2.18,0.58,0.48
2002,326,31.11,14.55,8.82,0.0,46.11,2.04,0.57,0.48
2002,327,31.11,14.96,10.17,0.0,52.97,1.48,0.57,0.47
2002,328,30.71,14.69,10.35,0.0,56.57,1.28,0.57,0.47
2002,329,31.56,15.37,10.22,0.0,54.08,1.31,0.57,0.47
2002,330,32.4,14.9,9.22,0.0,48.24,1.24,0.56,0.46
2002,331,32.76,15.24,9.78,0.0,47.82,1.48,0.56,0.46
2002,332,32.63,15.29,9.72,0.0,47.82,1.41,0.56,0.45
2002,333,31.75,14.51,7.87,0.0,45.07,1.82,0.56,0.45
2002,334,31.6,15.06,9.12,0.0,47.99,1.73,0.56,0.45
2002,335,31.42,15.27,5.73,0.0,39.5,1.46,0.55,0.44
2002,336,31.89,14.03,7.49,0.0,45.74,1.42,0.55,0.44
2002,337,31.66,13.98,11.0,0.0,57.12,1.55,0.55,0.44
2002,338,30.96,14.38,12.04,0.0,60.29,1.48,0.55,0.44
2002,339,30.98,14.91,12.2,0.0,59.75,1.53,0.55,0.43
2002,340,31.43,15.45,12.26,0.0,57.44,1.63,0.54,0.43
2002,341,31.71,14.66,10.82,0.0,52.02,1.63,0.54,0.43
2002,342,31.42,15.24,9.41,0.0,46.89,2.03,0.54,0.43
2002,343,30.96,15.01,7.2,0.0,41.7,2.27,0.54,0.42
2002,344,31.04,14.52,7.27,0.0,42.66,1.61,0.54,0.42
2002,345,31.73,14.06,7.28,0.0,41.55,1.49,0.54,0.42
2002,346,31.21,14.36,6.54,0.0,39.79,1.98,0.54,0.42
2002,347,30.34,14.21,6.91,0.0,41.31,2.29,0.53,0.41
2002,348,32.22,14.56,7.85,0.0,42.78,2.11,0.53,0.41
2002,349,32.44,14.83,5.04,0.0,35.84,2.71,0.53,0.41
2002,350,32.26,13.88,5.04,0.0,34.81,1.99,0.53,0.41
2002,351,32.5,13.76,6.32,0.0,40.52,1.41,0.53,0.4
2002,352,32.57,13.99,6.45,0.0,42.55,1.49,0.53,0.4
2002,353,32.39,14.52,6.45,0.0,42.95,1.37,0.53,0.4
2002,354,31.77,12.98,5.58,0.0,42.95,1.55,0.52,0.4
2002,355,31.42,12.59,5.61,0.0,43.24,1.47,0.52,0.4
2002,356,31.67,12.4,3.9,0.0,36.66,1.37,0.52,0.4
2002,357,31.01,12.65,6.43,0.0,44.12,1.68,0.52,0.4
2002,358,29.62,14.16,9.13,0.0,55.11,1.72,0.52,0.4
2002,359,29.57,11.06,6.87,0.0,51.69,1.4,0.52,0.39
2002,360,30.01,12.18,7.13,0.0,51.44,1.62,0.52,0.39
2002,361,29.69,12.12,7.8,0.0,50.54,1.72,0.52,0.39
2002,362,30.01,12.55,7.51,0.0,48.49,1.71,0.52,0.39
2002,363,29.68,13.31,7.61,0.0,48.74,1.84,0.51,0.38
2002,364,26.54,13.51,10.43,0.0,62.17,2.15,0.51,0.39
2002,365,24.53,11.51,10.1,0.23,66.78,2.45,0.51,0.39
2003,1,27.7,8.71,4.21,0.0,44.17,1.73,0.51,0.38
2003,2,28.84,10.33,6.1,0.0,46.22,2.0,0.51,0.38
2003,3,29.44,14.31,11.53,0.0,55.59,1.77,0.51,0.38
2003,4,30.8,14.9,11.8,0.0,54.02,1.16,0.51,0.37
2003,5,31.51,15.47,10.73,0.0,47.75,1.44,0.51,0.37
2003,6,31.75,15.55,10.25,0.0,47.24,1.39,0.51,0.36
2003,7,31.68,15.35,9.89,0.0,47.6,1.24,0.51,0.35
2003,8,31.77,15.44,10.16,0.0,49.24,1.62,0.51,0.35
2003,9,30.23,16.75,12.15,0.0,52.82,1.35,0.51,0.35
2003,10,30.51,16.94,12.13,0.0,50.58,1.57,0.51,0.35
2003,11,29.84,17.47,13.0,0.0,51.56,1.27,0.5,0.34
2003,12,29.37,18.28,12.8,0.07,52.29,1.14,0.5,0.34
2003,13,27.96,18.77,12.78,0.0,54.45,1.6,0.5,0.34
2003,14,31.28,18.55,11.33,0.0,45.9,1.61,0.5,0.34
2003,15,30.86,17.44,7.11,0.0,36.78,2.3,0.5,0.33
2003,16,29.8,13.64,-0.71,0.0,26.64,2.43,0.5,0.32
2003,17,29.62,12.06,-5.93,0.0,19.5,2.5,0.5,0.31
2003,18,29.94,11.73,0.05,0.0,26.52,2.29,0.5,0.3
2003,19,31.17,13.99,6.68,0.0,40.92,2.44,0.5,0.3
2003,20,31.79,16.77,9.98,0.0,47.01,1.5,0.5,0.3
2003,21,32.94,16.05,10.8,0.0,49.54,1.93,0.5,0.3
2003,22,33.02,17.71,10.59,0.0,47.28,1.43,0.5,0.29
2003,23,33.31,16.44,5.44,0.0,34.11,1.74,0.5,0.29
2003,24,32.16,15.96,3.17,0.0,31.84,1.71,0.5,0.28
2003,25,30.3,15.97,3.65,0.0,33.68,1.4,0.5,0.27
2003,26,33.76,16.63,5.25,0.0,31.81,2.41,0.5,0.27
2003,27,33.51,16.85,14.18,0.0,60.03,2.1,0.5,0.27
2003,28,32.55,17.99,13.72,0.0,59.51,1.87,0.5,0.26
2003,29,32.56,14.57,5.95,0.0,37.89,1.75,0.5,0.26
2003,30,33.89,14.36,2.25,0.0,28.75,1.51,0.5,0.25
2003,31,34.74,14.73,2.88,0.0,31.19,1.61,0.49,0.24
2003,32,33.58,15.69,9.8,0.0,52.04,1.8,0.49,0.24
2003,33,33.47,15.17,10.9,0.0,56.84,1.71,0.49,0.24
2003,34,33.08,16.45,11.08,1.07,50.63,2.29,0.49,0.25
2003,35,32.86,15.92,11.17,0.21,54.86,2.01,0.49,0.27
2003,36,34.17,15.37,10.18,0.0,49.13,1.51,0.49,0.27
2003,37,34.42,17.36,10.49,0.0,43.79,2.13,0.49,0.26
2003,38,33.61,18.47,10.6,0.0,44.21,1.9,0.49,0.25
2003,39,32.69,17.39,6.58,0.0,37.32,2.04,0.49,0.25
2003,40,32.43,14.78,6.65,0.0,43.12,2.01,0.49,0.24
2003,41,33.77,13.88,6.83,0.0,44.5,1.94,0.49,0.24
2003,42,34.04,15.46,5.86,0.0,36.36,1.46,0.49,0.23
2003,43,34.28,16.84,6.07,0.0,33.51,1.96,0.49,0.22
2003,44,34.62,17.18,5.45,0.0,33.06,2.06,0.49,0.22
2003,45,35.61,14.99,3.54,0.0,29.41,1.83,0.49,0.21
2003,46,36.02,17.28,4.66,0.0,31.35,1.78,0.49,0.21
2003,47,35.19,18.59,5.28,0.0,32.94,2.0,0.49,0.2
2003,48,33.39,17.41,4.9,0.0,35.89,2.42,0.49,0.2
2003,49,31.27,15.93,9.98,0.45,51.69,3.06,0.49,0.2
2003,50,29.56,15.79,15.41,2.95,69.63,3.27,0.49,0.32
2003,51,33.52,13.19,5.59,0.0,50.4,1.34,0.49,0.32
2003,52,35.05,14.44,4.77,0.0,34.55,2.03,0.49,0.29
2003,53,36.03,16.74,5.06,0.0,31.24,2.32,0.49,0.27
2003,54,36.42,17.89,4.2,0.0,27.32,2.46,0.49,0.25
2003,55,36.44,17.63,4.15,0.0,27.59,2.23,0.49,0.24
2003,56,35.32,17.68,8.39,0.0,37.44,2.47,0.49,0.23
2003,57,35.08,17.06,10.84,0.0,46.88,2.43,0.49,0.22
2003,58,36.36,17.66,9.27,0.0,40.73,1.75,0.49,0.22
2003,59,37.32,18.08,7.23,0.0,33.1,1.95,0.49,0.21
2003,60,37.32,19.47,8.23,0.0,36.2,2.02,0.49,0.2
2003,61,36.79,17.28,10.96,0.0,52.01,2.27,0.49,0.2
2003,62,34.86,17.52,10.34,0.0,48.46,2.86,0.49,0.19
2003,63,36.49,16.35,-1.95,0.0,17.95,2.33,0.49,0.19
2003,64,36.67,17.22,-7.41,0.0,10.38,2.92,0.49,0.18
2003,65,36.85,17.91,-7.06,0.0,10.85,2.03,0.49,0.17
2003,66,37.13,17.82,-3.54,0.0,14.11,2.01,0.49,0.17
2003,67,37.2,17.62,-1.07,0.0,17.76,2.32,0.49,0.16
2003,68,37.56,21.15,1.95,0.0,20.65,1.83,0.49,0.16
2003,69,36.89,19.14,1.1,0.0,23.87,1.94,0.49,0.16
2003,70,35.54,16.09,8.94,0.0,46.08,2.41,0.49,0.15
2003,71,36.52,15.71,8.98,0.0,49.9,2.17,0.49,0.15
2003,72,37.18,16.64,3.22,0.0,27.85,1.7,0.49,0.15
2003,73,37.39,18.14,0.77,0.0,20.16,2.26,0.49,0.15
2003,74,37.05,18.81,3.59,0.0,26.46,2.31,0.49,0.15
2003,75,35.02,16.41,3.74,0.0,33.23,2.36,0.49,0.14
2003,76,34.64,15.93,5.59,0.0,41.24,2.31,0.49,0.14
2003,77,35.82,15.36,8.42,0.0,48.98,2.28,0.49,0.14
2003,78,36.29,14.92,8.19,0.0,47.85,2.05,0.49,0.14
2003,79,37.52,16.9,8.8,0.0,40.28,2.19,0.49,0.14
2003,80,38.06,18.72,6.12,0.28,31.67,1.94,0.49,0.14
2003,81,38.02,21.38,9.8,0.52,30.89,2.15,0.49,0.16
2003,82,37.7,23.48,7.77,0.0,27.45,2.08,0.49,0.16
2003,83,38.31,20.92,10.18,0.0,35.4,2.72,0.49,0.16
2003,84,37.94,22.75,12.23,0.46,39.17,1.86,0.49,0.17
2003,85,39.12,22.75,8.16,0.0,30.05,1.72,0.49,0.17
2003,86,38.83,20.61,5.65,0.0,28.36,2.25,0.49,0.16
2003,87,38.86,20.29,3.9,0.0,24.2,2.72,0.49,0.16
2003,88,37.47,18.66,5.57,0.0,30.33,2.71,0.49,0.15
2003,89,38.24,16.43,10.63,0.0,43.66,2.98,0.49,0.15
2003,90,38.57,18.62,9.97,0.0,44.95,2.9,0.49,0.15
2003,91,39.93,19.71,6.88,0.0,31.05,2.27,0.49,0.15
2003,92,39.84,20.43,8.22,0.0,34.76,2.58,0.49,0.14
2003,93,36.75,18.83,13.8,0.0,56.15,3.22,0.49,0.14
2003,94,34.94,20.1,15.56,0.0,60.01,3.62,0.49,0.14
2003,95,35.36,19.83,14.82,0.0,58.16,2.89,0.49,0.14
2003,96,37.83,17.63,10.21,0.0,46.74,1.87,0.49,0.14
2003,97,37.85,20.1,13.0,0.53,42.12,1.64,0.49,0.15
2003,98,39.14,22.86,13.35,0.2,42.66,3.82,0.49,0.15
2003,99,39.71,21.24,11.8,0.53,39.52,2.47,0.49,0.17
2003,100,36.06,23.48,10.84,0.09,34.33,0.84,0.49,0.17
2003,101,37.82,24.28,11.57,0.31,32.82,1.5,0.49,0.17
2003,102,38.22,22.99,8.25,0.01,29.13,2.71,0.49,0.17
2003,103,38.98,19.92,9.49,0.0,35.74,3.16,0.49,0.17
2003,104,39.88,19.2,9.93,0.04,37.35,2.63,0.49,0.16
2003,105,40.88,20.09,11.03,0.0,36.54,2.67,0.49,0.16
2003,106,40.74,21.12,10.85,0.1,36.36,2.48,0.49,0.16
2003,107,39.82,21.92,14.2,0.09,43.98,2.35,0.49,0.16
2003,108,38.45,21.25,14.4,0.0,50.89,3.11,0.49,0.15
2003,109,37.8,20.37,14.42,0.0,51.69,3.38,0.49,0.15
2003,110,37.26,19.4,10.57,0.0,44.7,3.33,0.49,0.15
2003,111,40.48,18.12,10.53,0.0,41.81,2.22,0.49,0.15
2003,112,41.35,21.86,11.63,0.25,36.95,1.96,0.49,0.14
2003,113,40.19,24.25,13.61,0.25,41.03,2.29,0.49,0.15
2003,114,40.11,22.23,12.89,0.0,41.57,2.91,0.49,0.15
2003,115,40.7,21.69,12.21,0.0,38.66,3.04,0.49,0.15
2003,116,40.72,22.74,12.79,0.0,37.53,2.69,0.49,0.15
2003,117,40.31,22.51,12.6,0.0,37.7,2.48,0.49,0.14
2003,118,39.85,25.99,10.72,0.0,28.48,1.95,0.49,0.14
2003,119,41.26,23.49,10.57,0.03,30.47,1.93,0.49,0.14
2003,120,41.08,24.47,11.67,0.36,33.39,1.81,0.49,0.14
2003,121,40.59,23.29,13.95,0.1,42.83,2.78,0.49,0.14
2003,122,40.3,21.38,12.97,0.01,45.92,3.15,0.49,0.14
2003,123,38.71,20.96,14.19,0.0,49.59,3.45,0.49,0.14
2003,124,36.64,21.17,15.71,0.0,55.37,3.54,0.49,0.14
2003,125,37.22,20.02,12.46,0.0,50.9,3.18,0.49,0.14
2003,126,38.08,16.63,10.18,0.0,50.04,3.11,0.49,0.14
2003,127,38.27,18.55,12.44,0.0,51.33,3.06,0.49,0.13
2003,128,38.35,19.23,13.26,0.0,52.64,3.12,0.49,0.13
2003,129,40.75,21.07,13.96,0.0,47.9,2.81,0.49,0.13
2003,130,42.49,21.62,8.65,0.0,34.42,2.08,0.49,0.13
2003,131,41.92,22.68,6.4,0.0,28.37,2.2,0.49,0.12
2003,132,41.56,22.64,14.19,0.0,48.12,2.9,0.49,0.12
2003,133,39.87,21.29,15.46,0.0,52.13,3.87,0.49,0.12
2003,134,38.75,22.43,17.22,0.0,56.37,4.74,0.49,0.12
2003,135,38.57,23.28,18.65,0.0,59.55,4.51,0.49,0.12
2003,136,40.11,22.78,17.62,0.0,56.75,4.25,0.49,0.12
2003,137,38.16,22.67,17.66,0.0,57.83,4.63,0.49,0.12
2003,138,37.14,21.73,16.72,0.0,58.54,4.48,0.49,0.12
2003,139,36.2,22.36,18.38,0.0,61.28,4.39,0.49,0.12
2003,140,37.53,22.38,17.93,0.0,58.5,4.08,0.49,0.12
2003,141,38.38,22.77,17.9,0.0,57.92,4.21,0.49,0.12
2003,142,36.61,22.84,17.69,0.0,58.42,4.24,0.49,0.12
2003,143,36.17,22.17,17.75,0.0,59.82,4.15,0.49,0.12
2003,144,38.33,21.95,18.33,0.0,58.68,3.75,0.49,0.12
2003,145,39.06,22.3,16.08,0.0,53.38,3.56,0.49,0.12
2003,146,37.96,22.1,17.67,0.0,57.48,4.13,0.49,0.12
2003,147,37.9,22.11,17.19,0.0,56.66,3.96,0.49,0.12
2003,148,37.04,22.95,17.38,0.0,57.42,3.96,0.49,0.12
2003,149,36.94,22.19,18.16,0.0,59.48,4.18,0.49,0.12
2003,150,37.56,23.48,19.15,0.0,59.72,4.13,0.49,0.12
2003,151,33.93,23.57,18.0,0.0,57.06,2.89,0.49,0.12
2003,152,38.46,22.94,17.66,0.01,55.2,4.32,0.49,0.12
2003,153,39.05,22.39,16.5,0.01,53.98,4.1,0.49,0.12
2003,154,38.43,22.67,17.61,0.0,56.29,4.12,0.49,0.12
2003,155,38.39,22.28,17.37,0.0,57.99,4.36,0.49,0.12
2003,156,36.53,23.11,19.44,0.01,62.9,4.78,0.49,0.12
2003,157,35.83,23.63,19.62,0.16,62.06,4.96,0.49,0.12
2003,158,36.61,23.13,19.71,0.07,61.97,4.48,0.49,0.12
2003,159,36.21,24.13,20.41,0.04,65.43,4.18,0.49,0.12
2003,160,30.87,23.88,22.21,49.55,77.64,3.53,0.51,0.56
2003,161,30.94,23.38,22.31,14.44,79.65,2.71,0.54,0.69
2003,162,27.74,23.74,22.75,7.24,87.45,3.6,0.55,0.64
2003,163,29.58,23.3,22.11,12.04,82.16,4.08,0.55,0.66
2003,164,28.87,24.01,22.94,5.09,85.36,3.99,0.56,0.63
2003,165,28.39,22.88,21.79,3.83,83.2,1.79,0.56,0.61
2003,166,28.3,22.26,21.7,17.47,86.28,3.75,0.57,0.69
2003,167,26.49,22.21,21.92,7.29,88.97,4.14,0.58,0.67
2003,168,28.41,22.05,21.68,9.36,84.27,3.64,0.58,0.67
2003,169,28.2,22.5,21.45,20.98,81.9,4.71,0.59,0.73
2003,170,25.73,22.53,21.81,50.54,88.92,6.31,0.62,0.88
2003,171,27.7,22.34,22.13,32.33,86.88,6.33,0.66,0.85
2003,172,28.06,23.48,22.41,13.53,86.07,6.22,0.67,0.8
2003,173,27.76,23.11,22.94,20.73,89.87,5.05,0.68,0.82
2003,174,26.67,22.58,21.97,3.32,88.18,4.34,0.69,0.76
2003,175,28.72,23.15,22.14,5.31,84.61,4.51,0.69,0.74
2003,176,26.62,21.04,21.07,7.56,86.88,4.83,0.69,0.75
2003,177,26.69,19.88,20.59,7.14,86.18,4.03,0.7,0.76
2003,178,26.07,22.13,21.56,15.57,87.85,3.85,0.7,0.78
2003,179,27.73,23.07,22.56,32.53,88.94,4.71,0.72,0.86
2003,180,26.72,23.13,22.75,42.12,90.47,5.29,0.75,0.91
2003,181,28.45,22.93,22.59,11.92,87.8,4.82,0.77,0.84
2003,182,28.1,22.41,21.9,4.26,85.52,3.52,0.77,0.8
2003,183,28.07,21.79,21.56,4.21,85.53,2.91,0.77,0.79
2003,184,28.37,21.57,21.39,7.14,85.9,3.73,0.77,0.79
2003,185,27.02,22.14,22.29,5.23,88.77,4.35,0.77,0.79
2003,186,27.11,22.65,22.26,10.99,88.68,4.52,0.78,0.82
2003,187,27.26,22.61,22.13,15.68,88.74,5.02,0.78,0.83
2003,188,26.95,22.73,22.17,23.74,88.41,5.3,0.8,0.87
2003,189,28.1,22.59,22.21,9.41,86.67,5.38,0.8,0.83
2003,190,27.06,22.97,22.48,16.4,89.93,4.49,0.81,0.86
2003,191,26.37,22.8,22.35,5.53,89.65,4.11,0.82,0.83
2003,192,25.92,22.53,21.91,8.83,88.99,4.44,0.82,0.83
2003,193,27.9,22.8,22.32,5.35,87.42,5.02,0.82,0.83
2003,194,28.01,23.11,22.67,5.63,88.26,4.15,0.82,0.82
2003,195,27.74,22.12,22.11,9.62,88.49,4.5,0.82,0.84
2003,196,26.81,22.96,22.62,7.2,90.61,4.57,0.82,0.84
2003,197,26.65,22.68,22.35,14.1,90.48,5.7,0.83,0.86
2003,198,26.68,22.34,22.21,12.75,90.21,4.82,0.84,0.87
2003,199,27.26,22.03,21.9,4.97,88.5,4.06,0.84,0.85
2003,200,27.3,22.43,22.2,2.06,89.21,4.38,0.84,0.84
2003,201,27.91,22.27,22.18,0.55,87.43,4.15,0.84,0.82
2003,202,27.95,22.52,22.46,2.75,87.57,4.08,0.83,0.83
2003,203,27.78,22.55,22.33,2.43,87.15,3.75,0.83,0.82
2003,204,27.23,22.74,22.39,5.02,88.3,4.82,0.83,0.83
2003,205,26.44,23.09,22.66,11.54,90.76,5.99,0.83,0.85
2003,206,27.09,22.73,22.04,16.68,88.5,6.36,0.84,0.88
2003,207,27.38,22.07,22.05,13.39,88.96,5.98,0.85,0.88
2003,208,25.6,22.03,22.04,41.07,92.36,5.96,0.86,0.93
2003,209,27.16,22.34,22.08,12.09,88.64,6.25,0.88,0.9
2003,210,28.27,22.07,22.01,2.12,87.5,4.97,0.88,0.86
2003,211,27.18,21.72,21.93,1.75,89.18,4.07,0.87,0.85
2003,212,27.18,21.8,21.8,0.6,88.42,4.07,0.87,0.84
2003,213,26.87,21.69,21.66,1.94,88.67,3.69,0.86,0.84
2003,214,27.01,22.4,21.65,2.38,87.93,4.01,0.86,0.84
2003,215,26.42,22.48,21.98,4.45,89.84,4.38,0.86,0.85
2003,216,26.79,22.41,22.15,8.5,90.11,4.85,0.86,0.86
2003,217,26.33,22.21,21.92,13.01,90.01,4.93,0.86,0.87
2003,218,26.39,22.08,22.01,17.61,90.65,4.94,0.87,0.89
2003,219,26.85,21.95,21.89,20.74,90.57,4.42,0.88,0.9
2003,220,25.19,21.99,21.83,13.05,92.32,3.5,0.89,0.9
2003,221,26.94,21.53,21.89,3.19,90.16,3.54,0.89,0.87
2003,222,27.31,21.63,21.79,2.73,89.41,3.8,0.89,0.87
2003,223,27.71,21.24,21.64,2.46,88.54,3.85,0.89,0.86
2003,224,26.89,21.41,21.55,3.01,89.68,3.75,0.88,0.86
2003,225,25.93,21.5,21.4,4.17,90.54,4.15,0.88,0.86
2003,226,27.28,21.14,21.47,4.45,88.8,4.41,0.88,0.86
2003,227,27.14,21.34,21.45,1.89,88.27,4.33,0.88,0.85
2003,228,27.21,21.35,21.34,0.8,87.9,3.78,0.87,0.85
2003,229,27.19,21.13,21.34,0.38,88.36,3.69,0.87,0.84
2003,230,27.48,21.26,21.36,0.71,88.06,4.34,0.86,0.84
2003,231,24.74,20.42,20.28,6.2,89.16,4.68,0.86,0.85
2003,232,27.52,21.1,21.56,4.34,88.3,4.95,0.86,0.85
2003,233,27.57,21.54,21.66,4.03,88.7,4.12,0.86,0.85
2003,234,25.77,21.74,21.76,9.94,91.85,3.66,0.86,0.87
2003,235,24.66,21.67,21.71,19.95,93.01,4.28,0.87,0.9
2003,236,26.81,21.25,21.54,4.99,89.57,4.47,0.88,0.87
2003,237,27.37,21.01,21.31,1.52,88.3,4.57,0.87,0.85
2003,238,25.44,21.12,21.02,1.68,90.16,4.26,0.87,0.85
2003,239,25.71,21.11,21.37,6.85,90.49,4.6,0.87,0.86
2003,240,26.84,21.83,21.88,13.77,90.06,4.68,0.87,0.88
2003,241,26.2,22.09,21.82,8.65,90.92,3.62,0.88,0.88
2003,242,26.75,21.4,21.31,7.08,88.72,3.29,0.88,0.87
2003,243,27.21,21.18,21.3,2.57,88.43,3.68,0.88,0.85
2003,244,26.75,21.0,21.1,2.03,89.56,3.96,0.87,0.85
2003,245,27.22,20.9,21.14,4.78,88.83,3.99,0.87,0.85
2003,246,27.04,21.55,21.46,3.82,88.81,4.15,0.87,0.85
2003,247,27.14,21.41,21.34,3.12,88.4,4.17,0.87,0.84
2003,248,26.56,21.17,21.2,1.8,88.96,3.67,0.86,0.84
2003,249,26.35,20.78,21.04,2.1,89.41,3.36,0.86,0.84
2003,250,26.71,20.8,20.9,1.16,88.24,3.83,0.86,0.83
2003,251,27.0,20.55,20.97,1.02,88.26,3.23,0.85,0.83
2003,252,26.9,20.01,20.31,1.27,87.85,3.11,0.85,0.82
2003,253,26.97,19.99,20.73,8.06,88.27,3.81,0.85,0.84
2003,254,26.88,21.03,20.98,8.36,88.44,4.16,0.85,0.85
2003,255,27.2,20.69,20.8,2.14,87.63,3.89,0.85,0.83
2003,256,27.16,20.42,20.64,1.56,87.74,3.23,0.85,0.82
2003,257,26.03,20.38,20.66,0.8,89.86,2.4,0.84,0.82
2003,258,27.3,20.19,20.85,1.4,88.22,2.32,0.84,0.82
2003,259,28.2,19.88,20.71,0.41,86.66,2.23,0.84,0.81
2003,260,27.41,19.62,20.22,0.3,86.61,2.46,0.83,0.8
2003,261,27.5,19.42,20.58,0.38,87.41,2.64,0.83,0.8
2003,262,27.61,19.64,20.52,0.63,86.79,2.65,0.82,0.8
2003,263,27.6,20.58,21.16,3.78,88.04,3.01,0.82,0.8
2003,264,27.71,21.37,21.41,4.03,88.25,2.84,0.82,0.81
2003,265,27.54,20.8,21.45,2.88,89.22,3.0,0.82,0.8
2003,266,25.27,21.16,21.33,2.65,92.45,2.75,0.82,0.81
2003,267,26.16,21.05,20.88,4.64,89.2,3.03,0.82,0.81
2003,268,27.26,20.67,21.38,8.18,90.19,2.63,0.82,0.82
2003,269,26.32,21.44,21.44,11.72,90.37,1.25,0.83,0.85
2003,270,26.58,20.83,21.65,13.64,91.48,1.73,0.83,0.85
2003,271,27.6,20.61,21.56,10.49,89.33,2.39,0.84,0.86
2003,272,27.52,20.79,21.12,0.52,87.65,2.49,0.84,0.82
2003,273,29.55,20.23,21.87,0.24,87.19,1.49,0.83,0.81
2003,274,29.86,22.29,22.5,3.03,84.63,0.84,0.83,0.82
2003,275,28.1,22.21,22.14,3.79,86.27,1.93,0.83,0.82
2003,276,31.37,20.47,18.79,0.3,73.0,2.96,0.83,0.8
2003,277,30.71,18.85,18.19,0.01,72.41,2.67,0.82,0.79
2003,278,30.63,17.87,16.97,0.01,71.43,2.26,0.82,0.79
2003,279,29.5,17.57,18.89,27.64,79.62,1.82,0.82,0.85
2003,280,29.21,20.19,21.42,3.36,86.02,1.58,0.82,0.82
2003,281,26.23,20.72,20.85,13.21,88.34,1.36,0.83,0.85
2003,282,27.78,20.66,21.42,1.64,88.01,1.38,0.83,0.82
2003,283,28.86,20.21,20.53,1.82,83.46,1.42,0.83,0.81
2003,284,29.52,18.84,19.85,0.43,81.3,1.25,0.82,0.8
2003,285,30.49,19.39,19.32,0.02,74.54,1.8,0.82,0.79
2003,286,30.85,19.86,19.0,0.0,72.75,2.1,0.81,0.79
2003,287,30.37,19.83,18.76,0.0,74.48,2.0,0.81,0.78
2003,288,30.02,17.33,16.88,2.19,71.44,1.76,0.8,0.79
2003,289,30.13,16.43,15.84,0.0,70.13,1.85,0.8,0.78
2003,290,29.91,15.65,15.29,0.0,68.18,1.68,0.79,0.77
2003,291,30.15,15.52,15.38,0.0,67.37,1.43,0.79,0.76
2003,292,30.24,17.15,18.84,0.04,78.3,1.41,0.78,0.76
2003,293,30.42,18.65,19.93,0.37,79.92,1.7,0.78,0.76
2003,294,30.32,19.37,18.67,0.53,74.96,1.83,0.78,0.75
2003,295,29.94,17.03,17.16,0.1,74.12,1.85,0.77,0.75
2003,296,29.07,16.14,15.88,0.44,73.43,1.96,0.77,0.75
2003,297,28.72,16.34,16.14,0.04,73.31,1.57,0.76,0.74
2003,298,28.04,15.57,14.14,0.0,65.94,1.23,0.76,0.74
2003,299,29.02,13.93,12.98,0.0,65.35,1.58,0.75,0.73
2003,300,28.43,14.56,12.66,0.0,64.38,2.14,0.75,0.73
2003,301,28.71,15.39,15.03,0.0,71.67,2.13,0.74,0.72
2003,302,29.42,16.55,17.79,0.0,76.55,1.71,0.74,0.72
2003,303,29.35,19.77,20.08,0.06,81.55,1.6,0.74,0.72
2003,304,29.31,19.87,20.78,0.06,83.88,1.14,0.73,0.72
2003,305,28.36,20.54,21.2,1.0,84.75,0.97,0.73,0.72
2003,306,30.07,20.81,20.4,0.09,79.03,1.53,0.73,0.71
2003,307,30.95,20.44,19.62,0.0,74.07,1.78,0.72,0.7
2003,308,30.2,19.97,18.76,0.0,73.29,2.17,0.72,0.7
2003,309,29.37,18.43,18.05,1.1,73.23,1.66,0.72,0.69
2003,310,29.6,14.92,13.76,0.01,64.34,1.76,0.71,0.69
2003,311,29.85,14.42,12.27,0.0,60.72,1.64,0.71,0.68
2003,312,30.02,13.91,12.17,0.0,58.9,1.8,0.7,0.67
2003,313,30.05,16.42,13.77,0.0,61.72,2.56,0.7,0.66
2003,314,29.83,17.08,14.75,0.0,65.12,2.54,0.7,0.66
2003,315,29.33,16.06,13.73,0.0,63.31,2.17,0.69,0.65
2003,316,28.66,15.21,12.11,0.0,60.82,2.5,0.69,0.64
2003,317,28.36,14.89,12.55,0.0,62.48,2.29,0.68,0.64
2003,318,28.74,14.44,14.43,0.0,69.42,1.91,0.68,0.63
2003,319,29.15,15.6,16.63,0.0,74.83,1.56,0.68,0.63
2003,320,29.19,16.27,16.06,0.0,73.32,1.55,0.67,0.63
2003,321,29.52,15.76,16.15,0.0,74.48,1.38,0.67,0.62
2003,322,30.14,16.09,15.97,0.0,71.34,1.4,0.67,0.62
2003,323,30.15,16.15,14.79,0.0,64.9,1.24,0.66,0.61
2003,324,30.44,15.71,11.26,0.0,54.93,2.66,0.66,0.6
2003,325,30.05,14.92,11.15,0.0,53.57,2.15,0.65,0.6
2003,326,30.05,14.36,11.52,0.0,54.71,1.81,0.65,0.59
2003,327,29.94,14.79,13.0,0.0,60.3,1.38,0.65,0.59
2003,328,30.13,15.68,12.51,0.0,57.13,2.13,0.64,0.58
2003,329,29.96,16.18,11.02,0.0,53.22,2.71,0.64,0.58
2003,330,29.82,14.61,10.74,0.0,54.83,1.96,0.64,0.57
2003,331,30.04,12.35,9.09,0.0,50.89,1.42,0.63,0.57
2003,332,29.82,13.51,11.14,0.0,55.68,1.54,0.63,0.56
2003,333,28.75,16.93,14.83,0.0,65.53,1.75,0.63,0.56
2003,334,29.81,16.62,14.92,0.0,64.85,1.77,0.62,0.56
2003,335,28.51,17.13,14.19,0.0,61.36,1.78,0.62,0.56
2003,336,29.39,16.69,14.84,0.0,64.77,1.62,0.62,0.55
2003,337,29.49,16.62,14.25,0.0,62.32,1.17,0.62,0.55
2003,338,29.43,15.04,12.19,0.0,58.02,1.8,0.61,0.54
2003,339,29.38,13.72,8.21,0.0,47.12,2.25,0.61,0.54
2003,340,28.67,14.3,6.86,0.0,44.83,2.46,0.61,0.53
2003,341,29.8,12.63,7.3,0.0,45.74,2.03,0.6,0.53
2003,342,29.69,13.29,7.15,0.0,46.21,1.97,0.6,0.52
2003,343,29.98,12.31,7.56,0.0,47.49,1.62,0.6,0.52
2003,344,30.09,12.66,8.26,0.0,48.62,1.48,0.6,0.51
2003,345,30.17,12.91,9.76,0.0,50.81,1.62,0.59,0.51
2003,346,29.66,13.58,11.28,0.0,55.03,1.4,0.59,0.5
2003,347,29.77,14.5,10.98,0.0,54.77,1.66,0.59,0.5
2003,348,29.95,13.35,9.37,0.0,52.55,1.94,0.59,0.49
2003,349,29.83,13.06,8.72,0.0,53.97,1.68,0.58,0.49
2003,350,28.74,11.93,8.46,0.0,56.4,1.76,0.58,0.48
2003,351,28.82,10.64,7.41,0.0,54.32,1.43,0.58,0.48
2003,352,29.65,11.34,7.54,0.0,52.51,1.44,0.58,0.47
2003,353,29.38,11.76,8.29,0.0,54.31,1.43,0.57,0.47
2003,354,29.09,12.35,8.32,0.0,51.06,1.52,0.57,0.47
2003,355,28.74,12.31,7.64,0.0,49.02,1.69,0.57,0.46
2003,356,28.05,11.98,5.97,0.0,44.77,1.76,0.57,0.46
2003,357,28.12,11.1,4.82,0.0,41.11,1.8,0.57,0.46
2003,358,28.24,11.18,5.72,0.0,41.14,1.53,0.57,0.45
2003,359,29.52,13.03,11.1,0.0,55.43,1.78,0.56,0.45
2003,360,29.1,15.77,14.16,0.28,66.39,1.86,0.56,0.45
2003,361,27.37,14.29,11.28,0.03,61.44,1.76,0.56,0.45
2003,362,28.87,10.52,6.66,0.0,46.6,1.62,0.56,0.45
2003,363,29.52,13.1,8.49,0.0,47.51,2.68,0.56,0.44
2003,364,29.42,14.01,9.5,0.0,51.94,2.02,0.56,0.44
2003,365,29.16,12.87,7.8,0.0,49.19,1.33,0.55,0.44
2004,1,29.35,13.79,6.53,0.0,44.93,1.4,0.55,0.44
2004,2,29.9,10.84,4.66,0.0,43.11,1.53,0.55,0.43
2004,3,29.92,11.43,6.84,0.0,47.72,1.83,0.55,0.43
2004,4,29.47,11.72,7.78,0.0,50.5,1.76,0.55,0.43
2004,5,29.18,13.01,9.65,0.0,56.36,1.67,0.55,0.43
2004,6,28.46,13.01,9.67,0.02,56.08,1.67,0.54,0.43
2004,7,28.5,13.8,10.57,0.02,54.14,1.87,0.54,0.43
2004,8,29.14,15.41,9.31,0.0,50.21,2.78,0.54,0.42
2004,9,28.93,13.09,6.52,0.0,44.34,2.7,0.54,0.42
2004,10,29.26,12.22,4.75,0.0,40.6,2.54,0.54,0.42
2004,11,30.62,12.23,3.91,0.0,37.67,2.14,0.54,0.41
2004,12,30.17,12.55,3.19,0.0,33.84,1.9,0.54,0.41
2004,13,31.15,12.4,4.18,0.0,38.27,1.64,0.53,0.41
2004,14,31.8,13.04,5.04,0.0,42.19,1.73,0.53,0.41
2004,15,32.29,12.73,3.98,0.0,37.45,1.71,0.53,0.4
2004,16,32.73,13.43,6.14,0.0,40.11,1.45,0.53,0.4
2004,17,31.46,15.39,9.43,0.0,48.86,1.63,0.53,0.4
2004,18,31.17,15.0,9.12,0.0,50.35,1.53,0.53,0.4
2004,19,31.38,13.57,7.27,0.0,44.41,1.67,0.53,0.39
2004,20,31.47,13.18,7.97,0.0,48.42,2.25,0.53,0.39
2004,21,27.55,14.7,14.7,0.0,76.18,1.99,0.52,0.4
2004,22,27.5,15.43,15.08,0.0,76.22,2.26,0.52,0.4
2004,23,27.11,13.38,11.45,0.0,66.67,2.29,0.52,0.4
2004,24,29.45,10.15,6.55,0.0,50.73,1.82,0.52,0.4
2004,25,29.46,11.61,8.38,0.0,53.23,2.38,0.52,0.39
2004,26,28.93,10.31,3.11,0.0,41.63,1.77,0.52,0.39
2004,27,29.86,11.25,9.47,0.0,51.52,2.1,0.52,0.39
2004,28,30.59,14.64,13.14,0.56,64.03,2.82,0.52,0.4
2004,29,29.0,14.93,14.04,0.02,72.44,1.92,0.52,0.4
2004,30,29.7,15.13,14.36,0.0,72.37,2.06,0.52,0.4
2004,31,27.7,13.41,11.02,0.0,64.68,2.25,0.52,0.4
2004,32,29.2,10.77,5.92,0.0,49.63,1.57,0.51,0.39
2004,33,30.31,12.15,9.03,0.11,47.93,2.51,0.51,0.39
2004,34,29.82,17.09,14.8,0.2,64.56,2.6,0.51,0.39
2004,35,31.65,16.33,13.37,0.0,58.37,2.01,0.51,0.39
2004,36,30.99,14.44,6.53,0.0,42.68,1.93,0.51,0.38
2004,37,31.96,11.56,-3.14,0.0,22.67,2.32,0.51,0.37
2004,38,31.6,12.07,-2.27,0.0,24.52,2.35,0.51,0.36
2004,39,32.17,12.21,0.15,0.0,28.13,1.56,0.51,0.35
2004,40,33.58,12.3,1.32,0.0,31.17,1.67,0.51,0.34
2004,41,33.7,12.88,3.33,0.0,35.23,1.96,0.5,0.33
2004,42,33.67,13.63,4.71,0.0,36.55,1.88,0.5,0.33
2004,43,33.81,14.58,5.08,0.0,34.85,1.75,0.5,0.32
2004,44,33.58,14.99,7.08,0.0,39.13,1.69,0.5,0.31
2004,45,32.93,16.21,7.55,0.0,37.32,1.08,0.5,0.31
2004,46,33.45,16.45,7.32,0.0,36.68,1.23,0.5,0.3
2004,47,33.89,16.02,5.87,0.0,32.82,1.84,0.5,0.29
2004,48,34.55,16.31,6.17,0.0,34.56,1.89,0.5,0.29
2004,49,34.37,16.02,5.87,0.0,36.07,1.67,0.5,0.28
2004,50,32.5,15.68,7.78,0.0,45.45,2.07,0.5,0.28
2004,51,35.22,15.32,7.3,0.0,44.06,1.21,0.5,0.27
2004,52,35.73,15.7,2.69,0.0,28.73,1.78,0.5,0.27
2004,53,36.04,16.79,0.68,0.0,21.59,2.11,0.5,0.26
2004,54,36.35,16.5,0.55,0.0,22.01,1.56,0.5,0.25
2004,55,36.7,16.34,0.51,0.0,22.45,1.55,0.5,0.24
2004,56,37.02,16.4,1.14,0.0,23.58,1.31,0.5,0.23
2004,57,37.02,17.5,2.45,0.0,26.57,1.59,0.5,0.23
2004,58,36.32,17.81,8.7,0.0,40.75,2.32,0.5,0.23
2004,59,35.64,17.24,9.05,0.0,45.68,2.01,0.5,0.22
2004,60,35.97,16.49,7.12,0.0,37.36,1.83,0.49,0.22
2004,61,37.3,18.08,4.05,0.0,25.7,1.68,0.49,0.22
2004,62,37.98,18.56,1.91,0.0,21.11,1.74,0.49,0.21
2004,63,38.22,18.86,0.32,0.0,18.32,2.2,0.49,0.21
2004,64,37.47,20.04,5.29,0.0,26.07,2.61,0.49,0.2
2004,65,37.08,21.47,8.16,0.0,30.84,2.25,0.49,0.2
2004,66,38.31,21.06,4.02,0.0,22.81,1.88,0.49,0.2
2004,67,39.12,19.57,-3.09,0.0,14.5,2.02,0.49,0.2
2004,68,38.21,17.94,-10.01,0.0,8.53,2.99,0.49,0.19
2004,69,36.81,18.08,0.81,0.0,20.24,2.67,0.49,0.19
2004,70,37.44,19.17,3.79,0.0,27.41,1.62,0.49,0.18
2004,71,37.92,17.63,-0.01,0.0,21.53,1.88,0.49,0.18
2004,72,38.1,17.3,-3.23,0.0,14.24,2.32,0.49,0.18
2004,73,38.87,18.67,2.6,0.0,20.36,1.93,0.49,0.18
2004,74,39.19,19.14,0.85,0.0,17.94,2.01,0.49,0.17
2004,75,39.4,18.5,0.44,0.0,20.1,1.87,0.49,0.17
2004,76,40.02,20.31,1.3,0.0,21.32,1.71,0.49,0.17
2004,77,39.95,20.43,6.3,0.0,33.05,1.16,0.49,0.16
2004,78,40.93,18.83,5.77,0.0,35.62,1.73,0.49,0.16
2004,79,40.39,19.08,-0.43,0.0,17.28,2.28,0.49,0.16
2004,80,40.23,19.5,-0.09,0.0,17.92,2.46,0.49,0.16
2004,81,38.58,20.76,2.94,0.0,25.97,2.45,0.49,0.15
2004,82,39.51,19.06,7.72,0.0,37.09,2.35,0.49,0.15
2004,83,38.27,19.14,9.63,0.0,39.53,2.58,0.49,0.15
2004,84,38.51,18.79,10.48,0.0,42.69,2.73,0.49,0.15
2004,85,36.9,18.84,9.7,0.0,42.14,2.92,0.49,0.15
2004,86,36.81,17.3,7.12,0.0,36.24,2.82,0.49,0.15
2004,87,38.31,17.86,5.3,0.0,27.5,2.06,0.49,0.15
2004,88,38.14,22.13,7.69,0.0,26.24,2.2,0.49,0.15
2004,89,37.08,23.93,9.18,0.0,29.78,2.2,0.49,0.15
2004,90,38.19,20.54,11.86,0.0,42.03,2.65,0.49,0.14
2004,91,38.5,19.53,9.86,0.0,40.13,2.37,0.49,0.14
2004,92,38.71,18.76,11.42,0.03,46.41,2.38,0.49,0.14
2004,93,37.25,19.54,12.82,0.0,46.59,2.37,0.49,0.14
2004,94,39.02,21.65,12.03,0.0,38.65,1.92,0.49,0.14
2004,95,36.6,22.84,10.34,0.66,34.68,1.69,0.49,0.15
2004,96,33.65,22.6,15.24,0.03,52.53,1.63,0.49,0.16
2004,97,37.54,20.12,12.47,0.0,49.48,2.61,0.49,0.16
2004,98,36.4,18.44,11.22,0.0,48.96,2.62,0.49,0.16
2004,99,36.05,17.52,12.75,0.0,54.37,2.92,0.49,0.16
2004,100,37.23,19.36,13.11,0.0,54.96,2.73,0.49,0.15
2004,101,38.65,18.67,10.9,0.0,48.43,2.31,0.49,0.15
2004,102,39.79,19.8,10.85,0.0,42.14,2.51,0.49,0.15
2004,103,39.87,18.9,11.04,0.0,43.94,2.65,0.49,0.15
2004,104,39.96,20.71,11.24,0.0,40.76,2.94,0.49,0.14
2004,105,38.97,20.05,13.44,0.0,51.3,3.09,0.49,0.14
2004,106,39.01,19.87,12.34,0.0,49.93,3.27,0.49,0.14
2004,107,37.93,19.29,13.56,0.0,54.43,3.46,0.49,0.14
2004,108,37.14,18.62,12.53,0.0,52.0,3.09,0.49,0.14
2004,109,36.68,18.84,13.73,0.0,55.3,3.32,0.49,0.14
2004,110,37.16,19.31,13.57,0.0,54.31,3.02,0.49,0.14
2004,111,39.82,19.45,13.53,0.0,49.11,2.45,0.49,0.13
2004,112,40.28,20.98,11.77,0.0,39.19,2.91,0.49,0.13
2004,113,39.09,20.54,13.64,0.0,47.57,3.1,0.49,0.13
2004,114,37.78,20.64,14.47,0.0,52.64,2.87,0.49,0.13
2004,115,38.92,20.3,14.38,0.0,51.62,2.55,0.49,0.13
2004,116,39.95,21.67,12.89,0.0,42.47,2.13,0.49,0.13
2004,117,40.52,22.5,12.02,0.0,39.0,2.58,0.49,0.13
2004,118,39.54,20.67,13.56,0.04,46.51,3.31,0.49,0.13
2004,119,38.51,20.23,13.78,0.0,49.46,3.41,0.49,0.12
2004,120,39.18,21.32,12.76,0.0,44.05,2.88,0.49,0.12
2004,121,38.51,20.14,13.76,0.01,49.51,3.09,0.49,0.12
2004,122,39.69,20.58,14.46,0.0,48.66,2.69,0.49,0.12
2004,123,41.13,21.58,8.25,0.0,28.91,2.28,0.49,0.12
2004,124,41.27,22.51,3.76,0.05,18.34,2.15,0.49,0.12
2004,125,39.1,25.73,17.13,8.12,44.25,2.01,0.49,0.19
2004,126,36.93,24.28,18.98,1.74,55.74,1.94,0.5,0.46
2004,127,38.28,24.77,17.57,0.37,47.63,2.77,0.5,0.39
2004,128,34.25,24.88,20.13,5.64,62.14,2.98,0.5,0.44
2004,129,35.57,24.55,21.36,0.28,64.24,3.09,0.5,0.47
2004,130,36.71,23.78,20.37,1.86,60.56,4.31,0.5,0.44
2004,131,30.6,23.34,21.82,1.54,76.66,3.12,0.5,0.47
2004,132,33.91,23.33,21.08,0.44,70.73,3.31,0.5,0.45
2004,133,32.93,22.27,18.78,0.05,63.84,2.73,0.5,0.41
2004,134,35.13,23.11,19.94,0.01,65.89,4.03,0.5,0.38
2004,135,33.7,22.74,20.52,3.21,68.43,3.7,0.5,0.4
2004,136,31.93,23.53,21.4,1.83,73.7,3.49,0.5,0.44
2004,137,31.82,23.67,21.3,12.98,74.34,3.26,0.5,0.54
2004,138,28.7,23.32,22.75,42.68,85.88,3.33,0.53,0.77
2004,139,27.75,23.49,22.93,10.45,88.72,3.72,0.55,0.7
2004,140,28.56,22.44,21.47,1.25,82.48,4.09,0.55,0.6
2004,141,30.89,22.12,20.92,0.18,77.8,4.61,0.55,0.55
2004,142,32.41,20.38,19.16,0.02,70.32,3.57,0.55,0.52
2004,143,32.6,20.22,18.94,0.03,69.97,3.75,0.55,0.51
2004,144,32.89,21.13,19.27,0.09,70.39,3.76,0.54,0.5
2004,145,33.91,19.99,17.96,0.0,65.11,3.21,0.54,0.49
2004,146,34.3,19.56,17.71,0.0,65.4,2.99,0.54,0.48
2004,147,34.62,20.6,18.62,0.01,66.15,3.19,0.54,0.48
2004,148,36.06,20.51,17.61,0.01,62.28,3.44,0.53,0.47
2004,149,37.13,21.96,18.73,0.01,62.18,3.6,0.53,0.46
2004,150,37.08,22.72,19.46,0.79,63.08,3.63,0.53,0.46
2004,151,33.65,23.25,20.91,3.32,71.81,3.51,0.53,0.49
2004,152,31.87,23.16,21.02,1.67,73.45,3.22,0.53,0.5
2004,153,32.52,23.42,21.29,1.12,72.46,2.44,0.53,0.48
2004,154,34.13,23.59,21.24,4.02,70.83,2.58,0.53,0.5
2004,155,32.94,23.48,20.82,12.29,72.8,3.49,0.53,0.58
2004,156,31.32,22.5,21.5,10.31,77.69,2.26,0.55,0.63
2004,157,28.55,23.18,22.26,12.54,83.66,2.58,0.55,0.63
2004,158,27.79,22.95,22.76,55.74,87.9,2.79,0.58,0.81
2004,159,30.58,22.07,22.12,10.63,81.49,1.49,0.61,0.74
2004,160,28.64,22.84,22.48,5.19,86.97,2.69,0.61,0.69
2004,161,29.45,21.77,21.76,9.03,82.43,3.34,0.61,0.7
2004,162,29.09,22.23,21.89,6.92,83.68,4.15,0.61,0.69
2004,163,29.39,22.33,21.6,3.77,82.0,4.11,0.62,0.66
2004,164,30.33,21.9,21.35,3.69,80.63,3.79,0.61,0.64
2004,165,27.41,22.66,22.05,15.48,86.75,3.96,0.62,0.72
2004,166,25.3,22.65,22.42,64.6,92.08,6.31,0.65,0.9
2004,167,26.5,22.9,23.04,61.01,92.11,9.48,0.7,0.95
2004,168,25.36,22.05,22.07,27.01,90.83,7.23,0.73,0.89
2004,169,27.25,21.38,21.63,23.13,87.24,7.62,0.75,0.87
2004,170,24.79,21.57,20.58,12.8,87.08,6.59,0.76,0.84
2004,171,26.96,22.07,21.39,1.88,86.7,5.94,0.76,0.79
2004,172,28.15,22.18,21.59,0.74,85.9,6.27,0.76,0.76
2004,173,28.72,22.1,21.44,0.24,83.82,5.76,0.75,0.75
2004,174,28.73,22.1,21.44,0.05,84.03,5.42,0.75,0.74
2004,175,28.54,21.58,21.12,0.02,83.68,5.21,0.74,0.73
2004,176,28.46,21.68,21.01,0.52,83.32,5.53,0.74,0.73
2004,177,27.82,21.71,21.32,1.3,85.59,4.92,0.74,0.73
2004,178,29.28,21.81,21.54,1.99,84.19,4.4,0.73,0.73
2004,179,29.43,22.03,21.57,1.0,83.68,4.64,0.73,0.72
2004,180,29.35,21.76,21.38,0.37,83.05,4.15,0.73,0.71
2004,181,27.72,21.7,21.1,1.04,84.81,4.51,0.72,0.72
2004,182,28.41,21.62,21.32,2.45,84.53,4.93,0.72,0.72
2004,183,27.35,22.18,21.58,2.05,86.65,4.65,0.72,0.72
2004,184,28.57,22.19,21.61,0.73,84.64,4.4,0.72,0.71
2004,185,28.71,22.03,21.69,13.98,85.56,4.39,0.72,0.77
2004,186,27.18,21.36,21.28,14.36,86.92,4.69,0.73,0.81
2004,187,26.76,20.88,21.46,5.47,88.17,4.57,0.74,0.77
2004,188,26.49,21.24,21.2,0.68,85.97,4.4,0.73,0.74
2004,189,28.08,20.96,20.88,0.59,85.02,3.53,0.73,0.73
2004,190,27.83,21.39,21.11,0.52,84.37,3.03,0.73,0.72
2004,191,28.77,21.6,21.23,1.22,83.4,3.95,0.72,0.72
2004,192,28.01,21.87,21.42,2.44,85.1,4.42,0.72,0.72
2004,193,27.44,21.98,21.38,6.57,86.33,4.6,0.72,0.75
2004,194,28.39,21.78,21.25,3.4,85.22,4.63,0.72,0.74
2004,195,26.8,21.49,20.7,1.3,85.45,4.45,0.72,0.73
2004,196,28.15,21.52,21.21,5.73,84.88,4.28,0.72,0.74
2004,197,27.01,22.34,22.03,7.45,88.45,4.02,0.73,0.76
2004,198,26.12,21.85,21.73,1.8,88.29,2.73,0.73,0.74
2004,199,28.94,21.09,21.83,3.67,85.93,3.36,0.73,0.74
2004,200,28.96,22.38,21.98,2.47,84.66,3.79,0.72,0.73
2004,201,28.65,22.26,21.79,5.21,85.27,3.97,0.72,0.74
2004,202,28.59,22.14,21.85,6.08,85.69,3.77,0.72,0.75
2004,203,28.68,21.96,21.51,3.33,84.56,4.28,0.73,0.74
2004,204,26.56,21.82,21.06,5.45,85.97,3.98,0.72,0.75
2004,205,28.02,21.94,21.42,11.58,85.92,4.3,0.73,0.78
2004,206,27.26,22.19,21.71,11.67,88.18,3.8,0.74,0.79
2004,207,26.01,21.97,21.66,17.1,90.63,4.12,0.74,0.82
2004,208,24.84,21.94,21.8,16.18,92.72,4.3,0.76,0.84
2004,209,25.3,22.08,21.29,7.94,89.5,4.81,0.76,0.81
2004,210,26.26,21.94,21.85,23.96,90.27,4.78,0.77,0.86
2004,211,25.32,22.1,21.78,28.93,92.39,5.66,0.79,0.89
2004,212,24.87,21.95,21.73,41.85,92.86,5.49,0.82,0.92
2004,213,24.45,21.81,21.64,30.97,92.77,5.65,0.84,0.92
2004,214,25.24,21.87,21.96,67.06,92.93,6.31,0.86,0.96
2004,215,24.27,21.88,21.96,104.28,94.51,6.5,0.9,0.99
2004,216,24.72,22.02,22.14,34.09,94.24,6.21,0.92,0.96
2004,217,25.39,22.07,22.38,50.77,93.91,6.04,0.93,0.97
2004,218,24.39,21.41,21.35,46.15,93.19,6.19,0.95,0.97
2004,219,25.12,21.57,21.7,19.56,92.85,5.74,0.95,0.95
2004,220,25.61,21.57,21.83,10.45,91.87,6.08,0.95,0.94
2004,221,24.85,21.56,21.78,8.15,93.12,6.09,0.95,0.94
2004,222,24.97,21.62,21.76,8.4,93.16,5.64,0.95,0.93
2004,223,25.87,21.43,21.52,8.29,91.31,5.88,0.95,0.93
2004,224,23.93,21.63,21.99,88.31,95.27,6.02,0.95,0.98
2004,225,25.52,22.22,22.28,42.55,93.5,5.97,0.97,0.98
2004,226,25.76,21.64,21.85,4.6,92.49,5.6,0.96,0.95
2004,227,25.24,21.47,21.6,8.83,92.94,5.67,0.96,0.95
2004,228,25.64,21.56,21.62,6.91,91.91,5.87,0.96,0.94
2004,229,25.75,21.34,21.57,10.19,91.64,5.58,0.96,0.94
2004,230,26.54,21.26,21.48,5.25,90.11,5.03,0.96,0.93
2004,231,26.98,20.89,21.53,5.43,90.2,4.7,0.95,0.93
2004,232,26.07,21.5,21.52,9.88,90.76,5.47,0.95,0.93
2004,233,25.56,21.4,21.35,8.84,91.13,5.28,0.95,0.93
2004,234,24.75,21.54,21.38,13.48,92.66,4.61,0.95,0.93
2004,235,25.46,21.5,21.56,6.61,92.37,4.63,0.95,0.93
2004,236,26.13,21.25,21.48,14.33,91.15,4.97,0.95,0.93
2004,237,26.36,20.98,21.38,6.9,90.88,4.85,0.95,0.93
2004,238,26.7,20.93,21.3,2.03,90.35,4.28,0.95,0.91
2004,239,26.33,20.56,20.82,0.54,89.42,4.0,0.94,0.91
2004,240,26.25,20.44,20.6,0.06,89.56,4.15,0.93,0.9
2004,241,26.46,20.36,20.67,0.0,89.28,3.8,0.93,0.89
2004,242,26.5,20.43,20.72,0.01,89.14,3.54,0.92,0.89
2004,243,26.34,20.06,20.53,0.0,89.12,3.58,0.92,0.88
2004,244,25.84,19.78,20.43,11.02,90.12,3.49,0.92,0.9
2004,245,26.05,19.56,20.29,3.77,88.98,2.58,0.92,0.89
2004,246,26.53,19.09,20.11,0.18,87.99,1.94,0.91,0.88
2004,247,26.91,18.92,20.23,0.09,87.68,2.06,0.91,0.88
2004,248,26.96,19.84,20.61,0.31,88.22,2.24,0.9,0.87
2004,249,25.98,19.38,20.18,1.34,88.2,2.17,0.9,0.87
2004,250,27.17,20.71,21.07,22.56,88.3,1.76,0.9,0.91
2004,251,26.83,20.88,21.84,9.36,91.65,0.93,0.91,0.91
2004,252,28.15,21.72,22.63,6.31,90.33,1.4,0.91,0.9
2004,253,25.29,21.89,22.29,7.19,93.58,3.45,0.91,0.9
2004,254,25.45,21.16,21.03,7.45,90.92,3.33,0.91,0.9
2004,255,25.83,19.8,20.39,3.71,89.18,3.38,0.91,0.89
2004,256,26.53,19.97,20.7,2.89,89.44,2.83,0.91,0.88
2004,257,27.25,19.55,20.85,1.69,88.88,1.88,0.91,0.88
2004,258,27.3,19.83,20.9,1.03,88.83,1.92,0.9,0.87
2004,259,26.38,19.18,20.48,2.37,89.79,2.46,0.9,0.87
2004,260,27.63,19.49,20.75,2.03,88.45,2.07,0.9,0.87
2004,261,27.52,19.64,20.91,0.64,88.39,1.88,0.89,0.86
2004,262,27.69,20.33,21.63,11.42,89.5,1.82,0.89,0.88
2004,263,27.06,21.39,21.93,5.67,90.35,1.89,0.89,0.88
2004,264,26.93,21.94,22.7,8.35,92.72,1.94,0.89,0.88
2004,265,27.24,21.94,22.65,13.95,91.71,1.71,0.9,0.9
2004,266,25.93,21.39,22.39,15.32,93.5,1.32,0.9,0.91
2004,267,28.53,21.54,22.15,2.35,88.06,2.15,0.91,0.89
2004,268,28.93,21.31,21.68,18.68,85.24,0.68,0.91,0.91
2004,269,27.44,21.18,21.92,21.99,88.44,1.78,0.92,0.93
2004,270,28.94,21.02,21.79,6.98,84.33,2.09,0.93,0.91
2004,271,29.06,21.39,22.04,2.43,84.97,1.53,0.92,0.9
2004,272,27.68,21.67,22.04,27.12,87.3,1.52,0.92,0.93
2004,273,28.99,20.39,21.03,14.99,80.26,1.54,0.94,0.93
2004,274,28.55,20.57,21.77,2.15,86.02,1.74,0.94,0.91
2004,275,27.82,20.36,21.4,2.45,87.02,1.32,0.93,0.9
2004,276,25.37,21.52,21.67,4.26,92.62,1.34,0.93,0.91
2004,277,26.97,21.11,21.77,2.52,90.76,1.39,0.93,0.9
2004,278,25.64,21.5,21.87,3.23,93.49,2.09,0.93,0.9
2004,279,26.62,21.14,21.52,2.69,91.68,2.49,0.93,0.9
2004,280,26.63,20.78,21.48,1.96,91.0,2.71,0.92,0.89
2004,281,27.81,20.49,21.35,0.7,89.2,2.21,0.92,0.89
2004,282,26.93,19.92,20.86,0.13,89.01,1.95,0.92,0.88
2004,283,26.79,19.78,20.55,0.18,89.19,1.56,0.91,0.88
2004,284,27.04,18.14,20.14,0.36,88.53,1.6,0.91,0.87
2004,285,26.94,19.93,20.8,0.13,89.32,1.54,0.9,0.87
2004,286,28.5,18.93,19.78,0.15,84.77,1.03,0.9,0.86
2004,287,28.65,17.73,18.91,0.11,82.5,1.21,0.89,0.86
2004,288,28.83,17.26,18.99,0.03,82.72,1.63,0.89,0.85
2004,289,27.3,16.15,15.3,0.0,71.96,1.93,0.88,0.85
2004,290,27.05,14.6,14.34,0.0,71.09,2.01,0.88,0.84
2004,291,26.91,14.84,14.73,0.0,73.23,2.29,0.87,0.84
2004,292,26.99,14.79,14.34,0.0,71.4,2.18,0.86,0.84
2004,293,27.13,14.26,13.63,0.0,69.53,2.38,0.86,0.83
2004,294,26.79,14.01,13.68,0.0,69.9,2.05,0.85,0.83
2004,295,26.9,13.77,13.28,0.0,69.86,2.66,0.85,0.82
2004,296,27.82,14.61,15.29,0.06,72.9,2.64,0.84,0.82
2004,297,28.65,16.24,16.22,0.01,72.82,2.42,0.84,0.81
2004,298,28.54,16.08,17.12,0.0,74.57,2.18,0.83,0.81
2004,299,28.6,16.56,16.64,0.0,73.49,2.91,0.82,0.8
2004,300,28.02,15.82,15.56,0.0,72.25,2.54,0.82,0.8
2004,301,27.61,15.85,15.28,0.0,70.97,2.01,0.81,0.8
2004,302,25.89,17.09,16.51,0.01,77.18,2.14,0.81,0.79
2004,303,25.9,17.95,16.95,0.0,79.38,2.33,0.8,0.79
2004,304,26.97,17.16,17.03,0.0,79.22,2.95,0.8,0.78
2004,305,28.06,16.78,17.91,0.0,78.86,2.92,0.8,0.78
2004,306,26.78,19.1,18.84,0.16,82.01,2.8,0.79,0.78
2004,307,26.04,18.37,18.74,0.45,83.5,2.58,0.79,0.78
2004,308,24.88,18.53,18.37,0.74,84.05,2.45,0.79,0.78
2004,309,27.54,15.67,14.3,0.01,68.22,2.71,0.78,0.77
2004,310,27.4,14.6,13.65,0.0,68.85,2.51,0.78,0.76
2004,311,27.31,13.27,12.38,0.0,65.56,2.18,0.77,0.76
2004,312,28.45,15.27,16.75,0.0,74.39,1.67,0.77,0.75
2004,313,28.62,19.16,20.2,4.28,82.76,1.66,0.77,0.77
2004,314,24.44,18.68,19.37,1.46,87.83,1.68,0.77,0.77
2004,315,27.82,17.79,19.01,1.15,81.31,1.12,0.76,0.76
2004,316,28.34,18.76,19.75,0.09,80.6,1.21,0.76,0.76
2004,317,28.85,19.02,19.64,0.0,77.9,1.21,0.76,0.75
2004,318,27.94,19.19,19.16,0.0,79.59,1.48,0.75,0.74
2004,319,29.19,19.35,19.34,0.0,78.87,1.54,0.75,0.74
2004,320,29.06,19.43,18.54,0.0,76.31,1.87,0.75,0.73
2004,321,27.88,19.11,18.08,0.0,76.78,1.65,0.74,0.73
2004,322,29.28,17.36,16.8,0.0,70.69,1.26,0.74,0.73
2004,323,28.11,17.4,16.01,0.0,70.74,1.74,0.73,0.72
2004,324,28.82,16.1,14.54,0.0,66.61,1.97,0.73,0.72
2004,325,28.44,14.48,12.61,0.0,62.94,2.06,0.73,0.71
2004,326,27.94,13.89,11.55,0.0,61.4,2.23,0.72,0.71
2004,327,27.34,12.67,9.95,0.0,57.57,2.22,0.72,0.7
2004,328,27.42,12.28,10.21,0.0,59.28,1.9,0.71,0.7
2004,329,27.24,12.11,9.98,0.0,58.32,2.1,0.71,0.69
2004,330,27.29,12.92,11.57,0.0,64.01,2.48,0.71,0.69
2004,331,26.94,13.48,11.99,0.0,65.87,2.69,0.7,0.69
2004,332,27.23,12.56,10.76,0.0,62.11,3.03,0.7,0.68
2004,333,27.26,12.31,10.21,0.0,60.31,2.45,0.69,0.68
2004,334,26.62,12.63,10.87,0.0,63.13,2.15,0.69,0.67
2004,335,26.36,11.94,10.13,0.0,61.56,1.72,0.69,0.67
2004,336,26.56,11.54,9.45,0.0,58.97,1.79,0.68,0.67
2004,337,26.5,11.84,9.2,0.0,59.03,2.37,0.68,0.66
2004,338,26.8,11.76,9.05,0.0,58.56,2.67,0.67,0.66
2004,339,26.85,11.56,8.75,0.0,58.43,2.64,0.67,0.66
2004,340,26.86,10.51,7.75,0.0,54.9,2.2,0.67,0.65
2004,341,27.44,10.98,7.07,0.0,48.99,1.86,0.66,0.65
2004,342,28.11,11.33,9.56,0.0,56.32,2.04,0.66,0.65
2004,343,27.5,12.01,8.94,0.0,55.99,2.72,0.66,0.64
2004,344,27.96,11.84,8.75,0.0,54.89,2.46,0.65,0.63
2004,345,28.72,12.2,8.47,0.0,53.03,2.33,0.65,0.63
2004,346,27.92,11.28,7.19,0.0,50.48,2.54,0.65,0.62
2004,347,27.28,11.47,8.53,0.0,55.27,2.87,0.64,0.62
2004,348,27.27,11.58,9.03,0.0,56.42,2.78,0.64,0.61
2004,349,27.49,11.72,8.72,0.0,55.02,2.66,0.63,0.61
2004,350,28.37,12.19,8.76,0.0,54.59,2.41,0.63,0.6
2004,351,28.7,12.14,8.08,0.0,49.68,2.22,0.63,0.6
2004,352,28.66,11.96,7.21,0.0,47.35,2.07,0.62,0.59
2004,353,28.2,10.8,6.21,0.0,46.03,1.83,0.62,0.59
2004,354,27.88,12.81,6.95,0.0,48.89,1.36,0.62,0.58
2004,355,25.6,13.19,10.6,0.0,65.59,1.58,0.62,0.58
2004,356,25.79,12.79,13.94,0.0,80.49,1.16,0.61,0.58
2004,357,25.65,13.76,13.92,0.0,78.44,1.34,0.61,0.57
2004,358,27.27,12.67,13.0,0.0,73.54,1.17,0.61,0.57
2004,359,28.35,12.38,10.85,0.0,60.9,1.37,0.61,0.56
2004,360,28.52,13.16,11.11,0.0,58.25,1.81,0.6,0.56
2004,361,27.9,13.55,11.63,0.0,60.88,1.89,0.6,0.55
2004,362,28.43,13.53,11.12,0.0,58.07,1.91,0.6,0.55
2004,363,28.15,13.18,10.46,0.0,55.95,1.77,0.6,0.54
2004,364,28.91,13.97,12.39,0.0,58.78,1.65,0.59,0.54
2004,365,28.95,16.01,11.9,0.0,57.74,2.05,0.59,0.53
2004,366,27.61,17.08,15.45,0.0,75.18,1.39,0.59,0.53
2005,1,26.34,14.76,15.25,0.06,77.63,1.71,0.59,0.53
2005,2,27.83,13.11,12.91,0.0,68.77,1.49,0.59,0.52
2005,3,29.6,14.19,13.9,0.0,68.39,1.34,0.59,0.52
2005,4,30.28,15.68,12.94,0.0,60.03,1.88,0.58,0.51
2005,5,30.49,14.54,11.55,0.0,54.83,1.55,0.58,0.51
2005,6,30.07,14.24,10.91,0.0,57.06,1.56,0.58,0.5
2005,7,29.82,13.1,9.02,0.0,52.16,1.52,0.58,0.49
2005,8,30.37,12.33,7.64,0.0,48.08,1.66,0.57,0.49
2005,9,30.19,13.7,8.84,0.0,51.46,1.62,0.57,0.48
2005,10,27.53,11.99,6.06,0.0,50.5,2.05,0.57,0.48
2005,11,27.01,10.79,11.34,0.0,72.96,1.41,0.57,0.48
2005,12,29.12,10.25,6.38,0.0,53.71,1.32,0.57,0.47
2005,13,30.47,10.07,3.32,0.0,40.45,1.53,0.56,0.47
2005,14,30.04,10.5,3.24,0.0,39.39,1.48,0.56,0.46
2005,15,30.63,12.01,5.87,0.0,45.86,1.72,0.56,0.46
2005,16,28.56,13.72,8.96,0.0,53.21,1.6,0.56,0.46
2005,17,26.24,11.46,7.97,0.0,58.3,2.09,0.56,0.46
2005,18,26.51,8.3,1.96,0.0,43.8,1.95,0.56,0.45
2005,19,28.96,8.04,0.97,0.0,35.81,1.94,0.55,0.45
2005,20,29.97,11.11,1.79,0.0,32.35,2.57,0.55,0.44
2005,21,30.71,12.89,5.72,0.0,40.02,1.84,0.55,0.44
2005,22,30.97,14.54,8.9,0.0,47.7,1.64,0.55,0.44
2005,23,30.32,12.63,7.2,0.0,47.01,2.0,0.55,0.43
2005,24,30.99,12.0,5.85,0.0,43.06,1.42,0.55,0.43
2005,25,32.08,14.1,8.51,0.0,45.67,1.82,0.54,0.43
2005,26,30.36,16.14,9.21,0.0,47.61,1.71,0.54,0.43
2005,27,29.38,14.05,7.59,0.0,47.46,1.83,0.54,0.42
2005,28,26.56,14.19,11.99,0.0,66.37,2.0,0.54,0.43
2005,29,27.98,12.73,10.71,0.01,63.32,2.05,0.54,0.42
2005,30,27.42,11.21,8.71,2.86,59.09,1.98,0.54,0.43
2005,31,25.82,12.14,10.82,3.0,66.98,1.59,0.54,0.52
2005,32,28.08,12.82,10.91,0.0,61.81,1.92,0.54,0.47
2005,33,29.71,13.57,10.12,0.0,56.11,2.35,0.54,0.46
2005,34,30.41,12.17,7.28,0.0,47.59,1.86,0.54,0.45
2005,35,31.24,13.22,9.39,0.0,53.09,1.7,0.54,0.44
2005,36,32.09,13.83,9.12,0.0,51.11,1.51,0.53,0.43
2005,37,31.21,15.66,14.57,0.0,69.38,1.93,0.53,0.43
2005,38,30.94,16.07,14.87,0.0,71.06,2.06,0.53,0.43
2005,39,32.92,15.34,13.0,0.0,60.44,1.36,0.53,0.42
2005,40,34.09,14.33,5.51,0.0,34.36,1.82,0.53,0.41
2005,41,34.04,15.22,5.24,0.0,34.4,2.1,0.53,0.4
2005,42,34.6,15.49,5.4,0.0,36.52,1.63,0.53,0.4
2005,43,34.43,15.35,6.99,0.0,39.45,1.42,0.52,0.4
2005,44,34.74,15.52,5.29,0.0,33.72,1.73,0.52,0.39
2005,45,35.89,16.14,3.23,0.0,30.11,1.88,0.52,0.39
2005,46,33.22,15.13,4.37,0.0,36.03,2.35,0.52,0.38
2005,47,31.49,14.09,14.09,0.0,70.69,2.59,0.52,0.39
2005,48,29.99,14.83,13.57,0.0,69.74,2.8,0.52,0.39
2005,49,28.04,13.92,14.24,0.0,73.73,3.06,0.52,0.39
2005,50,28.36,12.84,8.51,0.0,59.86,2.53,0.52,0.39
2005,51,30.23,10.07,2.46,0.0,39.74,2.21,0.51,0.38
2005,52,28.75,11.45,1.39,0.0,37.31,2.36,0.51,0.38
2005,53,31.14,10.43,-0.44,0.0,33.92,1.33,0.51,0.37
2005,54,33.91,12.59,4.19,0.0,37.13,2.16,0.51,0.36
2005,55,33.98,15.93,7.44,0.0,40.63,1.63,0.51,0.36
2005,56,35.21,14.81,5.1,0.0,34.15,1.4,0.51,0.35
2005,57,35.9,17.96,5.82,0.0,30.31,1.36,0.51,0.34
2005,58,36.68,19.37,7.98,0.0,34.05,1.91,0.51,0.33
2005,59,36.08,22.24,10.94,0.0,39.07,1.97,0.51,0.32
2005,60,36.18,20.35,11.57,0.0,41.16,1.82,0.5,0.31
2005,61,35.3,19.08,12.2,0.0,47.4,1.93,0.5,0.31
2005,62,35.87,17.18,9.1,0.0,44.39,2.2,0.5,0.3
2005,63,34.96,16.06,12.13,0.0,54.6,2.29,0.5,0.3
2005,64,34.81,16.03,10.98,0.0,51.75,2.19,0.5,0.29
2005,65,35.57,17.36,10.6,0.0,45.41,2.48,0.5,0.29
2005,66,32.68,17.47,14.12,0.0,56.15,2.39,0.5,0.29
2005,67,31.09,18.72,16.35,0.64,65.56,2.12,0.5,0.3
2005,68,32.61,17.17,13.58,0.54,60.67,2.4,0.5,0.32
2005,69,32.18,13.94,8.54,0.06,53.01,2.39,0.5,0.32
2005,70,34.45,13.9,8.54,0.0,48.52,2.2,0.5,0.31
2005,71,35.64,15.43,4.08,0.0,31.41,2.34,0.5,0.29
2005,72,36.18,15.88,2.38,0.0,26.49,1.85,0.5,0.28
2005,73,36.96,16.23,1.68,0.0,23.32,1.66,0.5,0.27
2005,74,36.95,17.55,0.8,0.0,21.76,1.32,0.5,0.26
2005,75,38.05,17.03,-0.21,0.0,19.53,2.22,0.5,0.25
2005,76,38.63,17.87,3.8,0.0,23.24,2.0,0.5,0.24
2005,77,39.0,19.25,6.4,0.0,27.41,1.8,0.5,0.23
2005,78,39.58,20.38,8.57,0.0,31.87,1.72,0.5,0.23
2005,79,38.95,20.79,8.68,0.0,31.27,2.16,0.49,0.22
2005,80,37.45,20.42,10.2,0.0,37.98,3.01,0.49,0.22
2005,81,35.54,19.23,12.31,0.0,51.34,3.29,0.49,0.22
2005,82,33.33,16.17,7.96,0.0,49.72,3.16,0.49,0.22
2005,83,33.97,13.94,8.87,0.0,52.01,2.29,0.49,0.22
2005,84,36.91,15.38,4.46,0.0,35.13,2.07,0.49,0.21
2005,85,38.06,17.09,4.05,0.0,31.14,2.15,0.49,0.21
2005,86,38.97,19.25,6.38,0.0,30.05,2.78,0.49,0.2
2005,87,36.62,18.59,6.88,0.0,32.8,3.03,0.49,0.2
2005,88,35.92,18.72,10.51,0.0,42.35,2.82,0.49,0.2
2005,89,36.12,17.66,11.64,0.0,51.88,2.49,0.49,0.2
2005,90,38.38,17.7,4.84,0.0,33.42,2.15,0.49,0.2
2005,91,39.1,18.38,6.61,0.0,35.99,1.9,0.49,0.19
2005,92,39.12,18.17,7.48,0.0,29.27,1.76,0.49,0.19
2005,93,39.47,24.31,9.16,0.02,25.47,1.75,0.49,0.18
2005,94,40.21,23.74,10.17,0.01,31.28,1.82,0.49,0.18
2005,95,39.74,20.34,4.69,0.0,21.3,2.31,0.49,0.18
2005,96,39.26,22.79,11.36,0.21,34.5,2.36,0.49,0.18
2005,97,36.8,22.72,15.77,0.06,50.49,2.41,0.49,0.18
2005,98,37.44,20.47,11.47,0.0,46.84,2.58,0.49,0.18
2005,99,36.16,17.62,5.43,0.0,34.13,2.82,0.49,0.17
2005,100,36.74,15.6,5.72,0.0,34.59,2.65,0.49,0.17
2005,101,38.96,19.48,2.95,0.0,20.95,2.18,0.49,0.17
2005,102,40.19,20.07,1.62,0.57,19.39,1.76,0.49,0.17
2005,103,36.14,21.31,13.09,0.14,44.47,1.08,0.49,0.19
2005,104,34.08,22.13,16.55,8.47,56.33,1.69,0.49,0.29
2005,105,31.79,22.16,17.91,6.39,62.77,0.84,0.5,0.55
2005,106,36.37,22.51,15.9,0.0,52.05,1.6,0.5,0.47
2005,107,35.73,21.49,14.22,0.17,46.65,1.9,0.5,0.44
2005,108,34.29,21.39,10.99,0.04,42.37,1.47,0.5,0.42
2005,109,39.53,19.92,5.79,0.0,30.51,2.08,0.5,0.38
2005,110,40.22,19.26,4.35,0.01,26.08,1.86,0.5,0.33
2005,111,37.34,20.93,14.56,0.0,52.82,2.09,0.5,0.3
2005,112,34.65,21.2,16.13,0.01,57.12,1.82,0.49,0.29
2005,113,31.9,23.11,16.86,1.68,55.89,1.34,0.5,0.32
2005,114,27.05,20.58,16.9,7.51,65.99,2.07,0.5,0.47
2005,115,34.57,18.68,16.3,0.36,58.35,1.85,0.5,0.49
2005,116,37.49,20.15,15.18,0.09,52.82,1.77,0.5,0.42
2005,117,37.6,19.75,13.7,0.18,47.64,2.41,0.5,0.38
2005,118,37.4,20.92,11.75,0.0,44.02,2.83,0.5,0.34
2005,119,35.96,18.98,9.91,0.0,45.2,2.7,0.5,0.31
2005,120,37.25,19.22,11.46,0.0,43.43,2.7,0.49,0.29
2005,121,37.64,20.46,15.31,0.0,54.11,2.9,0.49,0.28
2005,122,37.39,21.78,17.07,0.48,54.46,2.71,0.49,0.27
2005,123,33.73,23.21,17.4,2.06,58.21,2.03,0.49,0.3
2005,124,35.37,21.86,17.72,4.73,61.19,2.44,0.5,0.4
2005,125,34.24,21.44,18.46,1.49,62.85,2.23,0.5,0.47
2005,126,36.02,21.14,17.23,0.0,58.3,2.56,0.5,0.4
2005,127,36.52,21.24,17.48,0.0,59.39,3.46,0.5,0.36
2005,128,36.91,21.82,16.88,0.0,55.69,3.42,0.49,0.33
2005,129,35.85,21.39,17.57,0.0,58.77,3.58,0.49,0.3
2005,130,36.64,22.15,17.99,0.0,59.02,3.61,0.49,0.29
2005,131,36.71,22.04,16.85,0.0,55.54,3.46,0.49,0.27
2005,132,38.29,19.88,14.54,0.0,50.42,2.95,0.49,0.26
2005,133,38.53,19.62,10.77,0.0,42.08,3.14,0.49,0.24
2005,134,38.57,19.16,10.02,0.0,39.78,3.1,0.49,0.23
2005,135,38.58,19.76,13.87,0.0,51.59,3.08,0.49,0.22
2005,136,39.19,21.03,14.6,0.0,52.42,3.52,0.49,0.21
2005,137,37.99,21.72,15.73,0.0,54.2,3.86,0.49,0.21
2005,138,38.18,21.81,16.51,0.0,55.42,3.81,0.49,0.2
2005,139,40.1,22.26,17.31,0.0,55.82,3.95,0.49,0.2
2005,140,41.72,21.94,15.06,0.0,48.26,3.45,0.49,0.19
2005,141,40.18,23.44,16.88,0.0,51.86,3.86,0.49,0.18
2005,142,38.01,23.43,17.17,0.0,55.41,3.72,0.49,0.18
2005,143,37.6,23.01,17.81,0.0,57.27,3.7,0.49,0.18
2005,144,34.42,23.42,19.51,0.29,64.19,3.18,0.49,0.18
2005,145,34.59,22.55,16.85,0.01,57.36,3.0,0.49,0.19
2005,146,34.8,22.74,17.34,0.0,58.52,2.93,0.49,0.19
2005,147,35.38,22.92,17.85,0.0,59.11,3.56,0.49,0.18
2005,148,33.01,22.36,18.2,0.52,60.14,1.81,0.49,0.19
2005,149,35.33,23.06,19.18,10.49,63.22,1.71,0.49,0.35
2005,150,33.11,23.01,19.99,4.81,69.26,2.96,0.5,0.54
2005,151,33.9,23.06,20.87,4.59,71.65,3.24,0.5,0.54
2005,152,30.93,23.44,21.03,1.48,75.09,3.85,0.51,0.5
2005,153,33.72,23.55,20.56,0.08,69.52,4.03,0.5,0.46
2005,154,34.45,23.43,20.38,0.0,66.92,3.89,0.5,0.44
2005,155,36.82,23.48,19.87,0.01,63.06,4.02,0.5,0.41
2005,156,37.43,22.77,19.04,0.01,60.88,3.64,0.5,0.39
2005,157,37.98,22.83,18.42,0.0,59.74,3.63,0.5,0.36
2005,158,36.38,23.28,19.26,0.09,61.89,3.98,0.5,0.34
2005,159,35.41,23.02,19.1,0.01,61.7,4.27,0.5,0.33
2005,160,37.27,23.3,18.62,0.2,58.67,4.45,0.5,0.31
2005,161,36.02,23.44,20.0,4.78,64.75,4.1,0.5,0.37
2005,162,32.68,23.39,20.63,2.16,70.42,3.5,0.5,0.48
2005,163,29.45,23.79,21.13,1.45,75.7,2.88,0.5,0.47
2005,164,30.23,23.46,22.1,2.95,79.44,2.98,0.5,0.49
2005,165,28.84,23.42,22.63,44.24,83.69,2.17,0.52,0.72
2005,166,31.04,23.35,22.47,5.54,80.08,1.85,0.54,0.64
2005,167,31.66,24.16,22.69,7.31,79.35,2.59,0.54,0.6
2005,168,31.54,23.34,23.03,27.22,82.47,2.1,0.56,0.74
2005,169,30.91,22.8,22.81,11.1,83.63,2.35,0.57,0.7
2005,170,26.61,22.37,22.24,8.94,89.28,4.83,0.58,0.69
2005,171,27.9,22.7,22.6,10.21,88.58,3.65,0.59,0.69
2005,172,27.77,22.58,22.17,16.7,87.27,4.28,0.59,0.72
2005,173,27.94,22.42,21.56,13.73,84.17,4.51,0.6,0.72
2005,174,27.86,22.29,22.14,27.17,86.0,4.64,0.62,0.79
2005,175,26.33,23.58,22.8,19.96,89.46,5.56,0.64,0.79
2005,176,27.37,23.56,22.62,28.3,87.82,6.23,0.66,0.82
2005,177,25.48,23.34,23.1,79.69,93.4,6.29,0.69,0.94
2005,178,26.16,23.71,23.35,68.36,93.57,6.09,0.74,0.98
2005,179,26.53,23.27,22.8,44.77,90.86,7.49,0.78,0.95
2005,180,25.05,23.28,22.97,74.26,93.93,6.86,0.82,0.98
2005,181,25.58,23.63,23.27,39.24,93.68,6.28,0.85,0.95
2005,182,26.19,23.31,22.83,35.39,91.72,6.8,0.87,0.95
2005,183,25.61,23.06,22.66,47.13,92.2,6.84,0.89,0.96
2005,184,25.68,22.69,22.69,41.69,92.91,5.86,0.91,0.97
2005,185,26.41,22.94,22.62,25.86,91.64,6.15,0.93,0.94
2005,186,26.14,22.68,22.61,6.82,91.8,6.54,0.93,0.92
2005,187,27.2,22.23,22.2,1.03,89.58,6.1,0.93,0.9
2005,188,27.11,22.15,22.0,1.49,89.38,5.39,0.92,0.9
2005,189,25.86,22.11,21.98,0.38,91.19,4.16,0.92,0.89
2005,190,25.62,22.26,22.08,1.04,91.87,4.56,0.92,0.89
2005,191,25.79,21.97,21.92,0.93,91.01,3.65,0.92,0.89
2005,192,26.1,21.98,21.81,2.18,90.19,3.93,0.91,0.89
2005,193,27.11,22.04,21.96,1.56,88.7,4.09,0.91,0.88
2005,194,26.8,22.06,22.07,1.91,89.69,3.7,0.91,0.88
2005,195,27.37,21.77,21.91,0.85,89.32,3.24,0.9,0.88
2005,196,26.48,21.71,21.97,1.04,90.28,2.36,0.9,0.87
2005,197,27.06,21.84,22.2,1.74,89.83,2.23,0.9,0.87
2005,198,27.27,21.95,22.68,9.41,90.88,1.79,0.9,0.89
2005,199,27.15,22.43,22.86,12.35,92.66,1.95,0.9,0.9
2005,200,27.89,21.82,22.8,9.78,90.68,2.5,0.91,0.9
2005,201,25.58,22.21,22.38,16.62,93.0,3.06,0.91,0.92
2005,202,25.85,21.65,22.02,24.16,91.43,4.31,0.92,0.93
2005,203,27.31,22.6,22.5,9.58,89.77,4.76,0.93,0.92
2005,204,26.47,22.64,22.42,10.51,90.5,4.65,0.93,0.92
2005,205,25.19,22.28,22.29,17.8,92.55,5.26,0.93,0.93
2005,206,24.43,22.66,22.52,104.76,94.68,6.5,0.95,0.98
2005,207,25.07,22.88,22.66,92.04,93.89,6.49,0.96,0.99
2005,208,25.7,22.4,22.44,64.69,93.9,5.92,0.97,0.99
2005,209,25.03,22.38,22.22,20.76,93.44,5.95,0.98,0.97
2005,210,25.94,22.74,22.7,30.74,92.76,6.33,0.98,0.98
2005,211,25.83,22.38,22.55,26.83,93.08,5.72,0.98,0.98
2005,212,24.69,22.61,22.58,80.67,95.22,5.88,0.98,0.99
2005,213,24.46,21.68,22.38,121.15,96.06,6.84,0.99,1.0
2005,214,25.01,22.14,22.51,49.74,94.79,7.62,0.99,0.99
2005,215,25.8,22.29,22.29,21.54,92.87,6.39,0.99,0.98
2005,216,25.24,22.42,22.35,14.79,94.22,6.03,0.99,0.97
2005,217,25.89,21.89,22.1,16.22,92.95,6.47,0.98,0.97
2005,218,24.99,22.11,22.04,10.89,93.73,6.06,0.98,0.97
2005,219,25.75,22.08,22.21,7.72,93.01,5.99,0.98,0.96
2005,220,25.94,22.03,22.41,9.22,93.14,4.91,0.98,0.96
2005,221,26.83,21.81,22.0,4.02,91.01,4.48,0.98,0.95
2005,222,25.85,21.52,21.77,2.47,92.24,4.64,0.97,0.94
2005,223,26.11,21.52,21.71,3.18,92.17,4.87,0.97,0.94
2005,224,26.11,21.62,21.58,3.16,90.95,4.81,0.96,0.93
2005,225,26.18,21.49,21.81,5.36,91.64,4.22,0.96,0.93
2005,226,25.16,21.68,21.89,5.05,93.92,3.69,0.96,0.93
2005,227,26.25,21.63,21.83,2.27,91.86,4.06,0.96,0.92
2005,228,25.32,21.82,21.96,15.77,92.82,4.62,0.96,0.94
2005,229,26.64,21.93,22.07,12.88,90.96,4.43,0.96,0.94
2005,230,26.56,21.85,21.97,6.96,90.98,4.25,0.96,0.93
2005,231,26.53,21.84,21.82,4.41,91.26,4.55,0.96,0.93
2005,232,24.39,21.66,21.64,11.14,93.87,4.53,0.96,0.94
2005,233,25.89,21.65,21.72,12.88,92.3,4.26,0.96,0.94
2005,234,27.11,21.07,21.68,6.27,90.64,3.52,0.96,0.93
2005,235,27.05,20.23,21.29,0.6,90.32,2.44,0.95,0.92
2005,236,26.64,20.44,21.27,1.28,90.36,2.62,0.95,0.92
2005,237,26.7,20.03,20.75,2.81,89.39,3.09,0.95,0.91
2005,238,27.21,20.18,21.14,5.24,89.78,3.21,0.94,0.92
2005,239,26.63,20.69,21.16,3.59,90.16,2.95,0.94,0.91
2005,240,27.5,19.92,21.15,0.4,88.75,2.06,0.93,0.9
2005,241,27.02,20.51,21.48,2.55,89.84,1.6,0.93,0.9
2005,242,27.75,21.0,21.74,1.86,88.96,1.59,0.93,0.9
2005,243,26.89,21.49,21.95,2.93,90.42,1.7,0.93,0.9
2005,244,28.28,21.02,22.27,18.56,89.07,1.79,0.93,0.92
2005,245,28.13,21.46,22.69,16.21,89.32,1.39,0.93,0.93
2005,246,27.55,22.68,23.22,46.4,91.58,2.23,0.95,0.97
2005,247,25.93,21.91,22.56,25.97,93.54,1.78,0.96,0.96
2005,248,28.81,22.52,23.39,10.22,91.25,1.89,0.97,0.94
2005,249,28.79,21.91,22.78,3.05,88.41,1.71,0.96,0.93
2005,250,27.04,22.72,23.34,11.39,92.75,1.48,0.96,0.94
2005,251,28.25,21.76,22.66,29.44,89.21,1.87,0.97,0.96
2005,252,23.97,21.86,22.38,65.42,95.47,3.91,0.98,0.99
2005,253,25.84,21.57,21.99,15.63,93.64,3.9,0.98,0.97
2005,254,24.55,22.24,22.35,19.96,94.87,5.7,0.98,0.97
2005,255,25.08,22.02,22.32,16.95,94.28,6.3,0.98,0.97
2005,256,25.85,22.19,22.19,8.39,92.71,5.65,0.98,0.97
2005,257,25.37,21.59,21.72,7.42,92.54,5.42,0.98,0.96
2005,258,25.97,21.34,21.37,6.87,92.18,4.97,0.97,0.95
2005,259,25.75,20.98,21.32,8.54,91.73,5.16,0.97,0.95
2005,260,25.5,21.22,21.37,8.72,92.18,5.16,0.97,0.95
2005,261,25.34,21.0,21.18,4.74,91.82,4.61,0.97,0.94
2005,262,25.43,20.94,21.16,6.86,92.69,4.7,0.96,0.94
2005,263,24.51,20.95,22.07,13.55,95.28,4.62,0.96,0.95
2005,264,26.24,22.58,23.29,35.07,95.39,3.1,0.97,0.97
2005,265,25.82,22.2,22.52,28.04,94.04,4.63,0.98,0.97
2005,266,24.46,21.67,21.7,32.85,94.31,4.21,0.98,0.98
2005,267,26.31,20.78,21.65,4.42,92.67,3.24,0.98,0.97
2005,268,26.4,20.1,21.21,0.27,91.98,2.4,0.98,0.95
2005,269,26.54,19.14,20.57,0.03,90.39,1.79,0.97,0.94
2005,270,26.59,19.0,20.19,0.0,89.32,1.6,0.97,0.93
2005,271,26.46,18.7,20.33,32.52,90.05,1.49,0.96,0.95
2005,272,24.87,20.05,20.48,11.28,91.94,1.48,0.97,0.95
2005,273,24.83,20.4,21.03,15.76,93.59,1.36,0.97,0.96
2005,274,25.92,19.7,20.38,0.57,90.54,1.8,0.97,0.94
2005,275,25.84,19.3,21.0,8.56,93.07,2.25,0.97,0.95
2005,276,25.8,20.47,20.89,7.82,90.0,1.32,0.97,0.95
2005,277,27.78,19.66,20.29,2.25,86.4,0.88,0.97,0.94
2005,278,28.36,19.65,20.78,0.71,86.23,1.2,0.96,0.93
2005,279,29.32,18.63,20.08,0.0,81.38,1.42,0.96,0.92
2005,280,28.89,18.69,19.21,0.0,79.52,2.07,0.95,0.92
2005,281,28.74,17.61,18.82,0.0,78.75,2.22,0.95,0.91
2005,282,27.92,18.25,18.55,0.0,79.24,2.51,0.94,0.9
2005,283,28.16,16.73,17.71,0.0,78.39,2.36,0.93,0.9
2005,284,28.22,17.24,17.96,0.26,78.42,2.68,0.93,0.89
2005,285,28.5,17.69,19.53,3.0,82.61,2.65,0.92,0.89
2005,286,27.9,18.74,20.12,2.15,84.96,2.8,0.92,0.89
2005,287,26.69,20.51,21.09,28.5,89.47,3.06,0.92,0.93
2005,288,25.08,19.9,20.95,7.29,91.5,2.56,0.93,0.92
2005,289,25.97,20.66,21.75,3.59,93.83,2.33,0.93,0.91
2005,290,26.86,20.68,21.32,4.83,89.79,1.02,0.93,0.91
2005,291,27.33,20.14,21.01,5.22,87.77,1.41,0.93,0.91
2005,292,27.57,20.02,20.25,3.54,83.84,1.62,0.93,0.9
2005,293,27.95,17.92,17.18,0.0,74.14,1.55,0.93,0.89
2005,294,27.14,16.66,16.81,0.0,77.36,1.93,0.92,0.89
2005,295,26.59,15.23,15.18,0.0,74.59,1.67,0.92,0.88
2005,296,25.87,14.45,14.62,0.0,73.62,1.51,0.91,0.88
2005,297,26.66,14.42,14.16,0.0,68.71,1.11,0.9,0.87
2005,298,26.25,15.2,16.25,0.16,75.63,1.26,0.9,0.87
2005,299,27.63,17.97,19.78,7.34,85.0,1.07,0.9,0.88
2005,300,26.66,17.91,18.43,0.94,83.17,1.83,0.9,0.87
2005,301,25.94,16.24,16.53,0.0,80.62,2.27,0.89,0.87
2005,302,26.76,13.74,13.7,0.0,72.71,2.21,0.89,0.86
2005,303,26.56,12.57,13.52,0.0,71.51,1.73,0.88,0.86
2005,304,26.74,13.15,12.71,0.0,66.55,1.22,0.88,0.85
2005,305,27.06,13.51,13.98,0.0,69.19,1.21,0.87,0.85
2005,306,26.63,14.94,16.62,0.0,78.59,1.43,0.87,0.85
2005,307,27.32,15.84,16.48,0.0,75.87,1.4,0.87,0.84
2005,308,27.46,15.43,15.21,0.0,73.79,2.1,0.86,0.84
2005,309,26.01,14.17,13.58,0.0,73.24,2.46,0.86,0.83
2005,310,25.73,13.24,14.59,0.0,77.38,2.3,0.85,0.83
2005,311,26.7,14.56,15.06,0.0,77.22,2.47,0.85,0.83
2005,312,25.45,13.11,13.25,0.0,74.37,2.45,0.84,0.82
2005,313,25.28,11.68,11.67,0.0,72.09,2.54,0.84,0.82
2005,314,25.71,10.78,10.9,0.0,68.56,2.12,0.83,0.82
2005,315,25.38,10.95,11.33,0.0,71.51,2.24,0.83,0.81
2005,316,26.33,11.42,12.21,0.0,72.23,2.65,0.82,0.81
2005,317,26.29,11.57,12.59,0.0,73.25,2.34,0.82,0.8
2005,318,26.31,12.06,12.52,0.0,71.58,2.02,0.81,0.8
2005,319,26.12,12.15,12.69,0.0,72.32,2.21,0.81,0.79
2005,320,26.33,12.08,12.35,0.0,71.21,2.14,0.8,0.79
2005,321,26.44,12.15,12.43,0.0,71.21,2.17,0.8,0.79
2005,322,26.41,12.58,12.91,0.0,71.54,1.8,0.79,0.78
2005,323,26.25,12.68,13.03,0.0,73.21,2.23,0.79,0.78
2005,324,26.53,12.26,12.95,0.0,74.34,2.7,0.79,0.77
2005,325,26.25,12.4,12.38,0.0,72.69,3.12,0.78,0.77
2005,326,27.12,11.93,11.65,0.0,69.04,2.99,0.78,0.76
2005,327,26.83,12.66,12.51,0.0,70.35,2.76,0.77,0.76
2005,328,26.26,13.93,14.79,0.0,77.14,2.43,0.77,0.76
2005,329,26.81,14.94,15.45,0.0,76.65,2.42,0.76,0.76
2005,330,26.02,14.59,14.13,0.0,74.79,2.66,0.76,0.75
2005,331,25.09,14.92,14.45,0.0,76.28,2.07,0.76,0.75
2005,332,25.46,14.3,14.11,0.0,74.37,2.32,0.75,0.75
2005,333,26.21,14.54,14.3,0.0,72.68,2.19,0.75,0.74
2005,334,25.62,14.68,13.94,0.0,72.17,1.39,0.75,0.74
2005,335,24.82,15.18,14.19,0.0,73.02,1.55,0.74,0.74
2005,336,26.81,15.56,14.52,0.0,73.56,2.7,0.74,0.74
2005,337,27.13,15.57,16.45,0.0,75.79,2.28,0.74,0.73
2005,338,27.43,16.27,16.36,0.0,76.57,2.56,0.73,0.73
2005,339,27.41,17.25,17.74,0.0,80.68,2.89,0.73,0.72
2005,340,27.12,16.43,16.0,0.0,74.6,2.5,0.73,0.72
2005,341,26.86,14.58,12.29,0.0,63.53,1.84,0.72,0.71
2005,342,26.82,12.06,11.47,0.0,62.49,1.34,0.72,0.71
2005,343,26.45,11.26,9.77,0.0,59.32,1.74,0.71,0.71
2005,344,26.35,10.87,10.17,0.0,62.57,1.71,0.71,0.7
2005,345,26.14,10.73,9.56,0.0,63.12,2.34,0.71,0.7
2005,346,26.42,11.39,10.43,0.0,64.08,2.27,0.7,0.69
2005,347,26.29,11.6,10.71,0.0,63.78,2.01,0.7,0.69
2005,348,26.31,12.13,9.64,0.0,59.12,1.81,0.7,0.69
2005,349,24.31,11.82,9.72,0.0,64.61,1.91,0.69,0.69
2005,350,25.68,11.77,9.65,0.0,63.45,2.04,0.69,0.68
2005,351,25.43,9.97,7.85,0.0,59.3,2.29,0.69,0.68
2005,352,25.6,9.38,7.17,0.0,55.58,1.98,0.68,0.68
2005,353,25.61,8.83,7.92,0.0,58.67,1.58,0.68,0.67
2005,354,26.34,9.84,8.89,0.0,62.63,1.56,0.68,0.67
2005,355,26.18,9.46,8.6,0.0,60.77,1.51,0.67,0.67
2005,356,26.2,10.21,9.44,0.0,64.08,1.47,0.67,0.66
2005,357,25.3,9.07,8.14,0.0,61.64,1.2,0.67,0.66
2005,358,26.04,10.03,12.02,0.0,71.85,2.12,0.67,0.66
2005,359,25.79,12.25,11.48,0.0,68.43,2.77,0.66,0.65
2005,360,25.84,10.84,10.02,0.0,63.01,1.61,0.66,0.65
2005,361,26.15,10.29,8.64,0.0,56.93,1.43,0.66,0.65
2005,362,26.77,9.86,8.73,0.0,57.16,1.32,0.65,0.64
2005,363,26.82,10.22,7.81,0.0,52.84,1.31,0.65,0.64
2005,364,26.85,10.06,7.57,0.0,52.15,1.31,0.65,0.64
2005,365,26.39,9.94,8.1,0.0,55.58,1.96,0.65,0.63
2006,1,26.52,9.83,8.78,0.0,56.92,1.82,0.64,0.63
2006,2,26.18,10.78,10.82,0.0,65.29,1.33,0.64,0.63
2006,3,27.25,10.86,11.48,0.0,66.33,1.27,0.64,0.63
2006,4,26.85,12.83,11.26,0.0,63.22,2.11,0.63,0.62
2006,5,27.3,11.87,9.19,0.0,56.96,2.34,0.63,0.62
2006,6,26.9,12.1,8.55,0.0,56.54,2.8,0.63,0.61
2006,7,27.01,12.29,9.06,0.0,57.72,2.85,0.63,0.61
2006,8,28.0,12.58,10.99,0.0,59.95,2.17,0.62,0.61
2006,9,28.73,13.36,13.43,0.0,65.5,2.4,0.62,0.6
2006,10,29.49,14.01,11.67,0.0,57.75,2.24,0.62,0.6
2006,11,28.99,12.44,9.08,0.0,51.19,2.09,0.61,0.59
2006,12,29.46,11.94,9.08,0.0,52.11,1.31,0.61,0.59
2006,13,29.44,11.94,9.8,0.0,56.37,1.44,0.61,0.58
2006,14,29.95,12.65,9.6,0.0,51.41,1.76,0.61,0.58
2006,15,30.11,13.99,10.9,0.0,53.43,2.07,0.6,0.57
2006,16,30.52,12.99,10.97,0.0,56.07,1.55,0.6,0.57
2006,17,30.57,14.63,11.96,0.0,58.83,1.43,0.6,0.56
2006,18,30.46,15.36,12.78,0.0,61.41,1.25,0.59,0.55
2006,19,30.69,14.63,12.54,0.0,60.62,1.59,0.59,0.54
2006,20,30.68,14.31,11.4,0.0,57.24,1.75,0.59,0.53
2006,21,30.47,13.35,10.1,0.0,55.04,1.43,0.59,0.53
2006,22,29.14,12.91,9.28,0.0,56.29,2.01,0.58,0.52
2006,23,25.97,10.57,9.32,0.0,67.1,2.24,0.58,0.52
2006,24,26.69,7.68,2.43,0.0,43.67,2.18,0.58,0.51
2006,25,26.91,9.65,0.3,0.0,35.7,3.04,0.58,0.51
2006,26,27.25,9.6,-0.74,0.0,33.36,3.24,0.57,0.5
2006,27,28.8,9.8,-0.35,0.0,32.76,3.19,0.57,0.49
2006,28,29.6,9.96,0.38,0.0,32.27,2.61,0.57,0.49
2006,29,30.01,10.34,1.52,0.0,33.53,2.06,0.57,0.48
2006,30,31.19,11.74,3.24,0.0,33.98,2.2,0.57,0.48
2006,31,30.99,11.8,4.93,0.0,37.83,1.86,0.56,0.47
2006,32,31.56,12.25,6.08,0.0,38.7,1.73,0.56,0.47
2006,33,31.65,12.62,6.34,0.0,39.38,1.96,0.56,0.47
2006,34,31.97,13.51,6.58,0.0,41.06,2.96,0.56,0.46
2006,35,31.97,13.94,6.35,0.0,39.98,2.87,0.56,0.45
2006,36,32.24,13.54,3.79,0.0,33.84,2.2,0.55,0.45
2006,37,32.17,12.32,2.07,0.0,31.91,1.88,0.55,0.45
2006,38,32.14,11.8,1.04,0.0,31.41,1.79,0.55,0.44
2006,39,31.69,12.17,4.08,0.0,34.56,1.72,0.55,0.44
2006,40,31.89,12.35,3.87,0.0,32.76,1.72,0.55,0.44
2006,41,31.5,13.61,5.36,0.0,37.08,1.91,0.54,0.43
2006,42,32.17,13.22,4.2,0.0,33.2,2.05,0.54,0.43
2006,43,32.43,13.55,4.4,0.0,33.5,2.11,0.54,0.42
2006,44,33.45,13.76,5.92,0.0,40.03,1.91,0.54,0.42
2006,45,33.71,16.2,9.31,0.0,49.55,1.16,0.54,0.42
2006,46,32.95,16.75,8.87,0.0,45.49,1.65,0.54,0.42
2006,47,34.47,15.43,6.45,0.0,39.61,1.68,0.53,0.41
2006,48,34.58,15.93,6.03,0.0,36.81,1.63,0.53,0.41
2006,49,35.77,15.03,4.6,0.0,32.18,1.93,0.53,0.4
2006,50,35.94,15.26,2.84,0.0,25.51,1.96,0.53,0.4
2006,51,36.53,16.31,3.81,0.0,25.89,1.63,0.53,0.39
2006,52,36.52,16.47,6.59,0.0,31.84,1.79,0.53,0.39
2006,53,36.19,17.27,7.76,0.0,36.68,1.12,0.52,0.39
2006,54,36.32,17.18,7.71,0.0,35.52,1.74,0.52,0.38
2006,55,36.62,17.88,7.71,0.0,33.82,1.86,0.52,0.38
2006,56,35.91,16.7,6.61,0.0,38.73,2.51,0.52,0.38
2006,57,34.62,17.32,13.37,0.0,59.94,1.56,0.52,0.38
2006,58,34.96,18.43,12.85,0.0,53.55,1.2,0.52,0.37
2006,59,35.51,19.39,10.88,0.0,43.38,1.77,0.52,0.37
2006,60,35.84,20.45,12.07,0.0,45.16,1.77,0.51,0.36
2006,61,33.67,20.87,13.54,0.11,48.72,1.17,0.51,0.36
2006,62,34.98,19.75,11.79,0.04,43.1,2.29,0.51,0.36
2006,63,33.86,17.49,6.73,0.0,38.81,2.06,0.51,0.35
2006,64,32.55,15.24,5.02,0.0,38.68,2.11,0.51,0.35
2006,65,33.8,14.93,6.15,0.0,42.86,1.99,0.51,0.35
2006,66,33.99,14.59,7.67,0.0,50.52,2.11,0.51,0.34
2006,67,32.86,15.1,9.94,0.06,56.71,2.07,0.51,0.33
2006,68,29.91,17.26,15.13,5.83,68.63,1.58,0.51,0.41
2006,69,28.62,16.94,14.7,1.28,70.74,2.34,0.51,0.49
2006,70,28.29,15.77,13.22,0.0,66.93,2.37,0.51,0.45
2006,71,31.51,15.24,13.19,0.0,63.25,1.23,0.51,0.42
2006,72,33.6,15.31,12.14,0.0,56.42,2.07,0.51,0.4
2006,73,32.88,16.36,12.93,0.0,58.91,2.43,0.51,0.39
2006,74,30.76,16.16,13.57,0.0,61.56,2.15,0.51,0.38
2006,75,31.83,16.31,12.54,0.0,56.07,2.45,0.5,0.37
2006,76,33.79,15.98,12.8,0.0,53.67,1.71,0.5,0.36
2006,77,35.01,18.5,13.62,0.0,54.47,1.35,0.5,0.34
2006,78,36.51,18.25,13.16,0.0,49.24,1.98,0.5,0.33
2006,79,37.3,20.97,11.17,0.0,39.16,2.01,0.5,0.31
2006,80,37.1,20.0,10.09,0.0,38.83,2.43,0.5,0.3
2006,81,37.51,18.72,7.29,0.0,32.6,2.8,0.5,0.29
2006,82,38.13,19.29,5.67,0.0,27.28,2.36,0.5,0.27
2006,83,38.42,19.75,7.17,0.0,30.0,1.92,0.5,0.26
2006,84,38.31,19.57,7.3,0.0,30.83,2.27,0.5,0.26
2006,85,37.34,18.29,8.48,0.0,37.93,2.73,0.5,0.25
2006,86,35.74,16.87,4.45,0.0,31.18,2.47,0.5,0.24
2006,87,37.32,16.15,6.04,0.0,33.13,1.87,0.5,0.24
2006,88,38.84,19.01,3.05,0.0,20.32,2.18,0.5,0.23
2006,89,39.21,22.32,7.89,0.0,28.27,2.58,0.5,0.22
2006,90,38.7,22.35,10.92,0.07,38.7,2.47,0.5,0.22
2006,91,37.88,20.35,11.38,0.15,45.92,2.41,0.49,0.22
2006,92,36.53,19.64,8.65,0.01,35.74,2.86,0.49,0.22
2006,93,36.51,18.05,8.22,0.0,39.64,2.83,0.49,0.22
2006,94,37.08,16.28,8.1,0.0,40.9,2.54,0.49,0.22
2006,95,39.24,17.56,8.16,0.0,37.93,2.18,0.49,0.21
2006,96,39.25,19.74,9.65,0.0,38.43,2.54,0.49,0.21
2006,97,38.37,18.82,11.84,0.0,48.62,2.69,0.49,0.21
2006,98,37.79,18.87,8.71,0.0,38.41,2.93,0.49,0.2
2006,99,38.01,18.66,10.99,0.0,44.04,2.84,0.49,0.2
2006,100,39.11,18.94,11.29,0.0,44.42,2.65,0.49,0.2
2006,101,39.01,19.33,12.51,0.0,47.09,2.62,0.49,0.2
2006,102,37.66,19.4,13.53,0.0,51.24,2.79,0.49,0.19
2006,103,37.74,20.08,12.37,0.0,45.27,2.47,0.49,0.19
2006,104,39.8,20.04,10.39,0.04,38.06,2.23,0.49,0.19
2006,105,39.21,22.18,10.54,0.07,34.54,2.07,0.49,0.19
2006,106,36.12,23.0,12.66,0.01,41.72,2.17,0.49,0.18
2006,107,35.9,20.04,12.36,0.0,50.52,2.95,0.49,0.18
2006,108,36.36,18.65,13.85,0.0,55.95,2.9,0.49,0.18
2006,109,38.07,18.94,12.07,0.0,48.72,1.96,0.49,0.18
2006,110,39.18,19.51,11.91,0.0,45.3,2.36,0.49,0.18
2006,111,37.3,22.26,14.52,0.0,45.93,2.36,0.49,0.17
2006,112,38.34,21.62,15.16,0.0,50.3,2.85,0.49,0.17
2006,113,37.29,21.56,15.96,0.0,54.22,3.1,0.49,0.17
2006,114,38.25,19.39,12.43,0.0,46.54,2.82,0.49,0.17
2006,115,38.49,19.39,13.91,0.0,54.02,3.19,0.49,0.17
2006,116,38.11,20.19,15.41,0.0,54.95,3.6,0.49,0.17
2006,117,39.26,19.68,14.05,0.0,52.6,3.51,0.49,0.16
2006,118,39.7,19.16,13.25,0.0,51.99,3.28,0.49,0.16
2006,119,38.2,19.46,15.43,0.0,56.37,3.48,0.49,0.16
2006,120,38.37,20.5,15.61,0.0,54.09,3.54,0.49,0.16
2006,121,38.9,20.88,15.89,0.0,54.85,3.54,0.49,0.16
2006,122,40.45,21.84,15.48,0.0,49.77,3.35,0.49,0.16
2006,123,40.47,22.82,15.13,0.01,45.82,3.08,0.49,0.15
2006,124,40.91,21.8,13.28,0.0,43.22,2.74,0.49,0.15
2006,125,40.81,21.98,16.43,0.02,52.87,2.54,0.49,0.15
2006,126,40.63,22.24,15.33,0.15,50.18,3.18,0.49,0.15
2006,127,41.07,21.62,14.93,0.03,48.24,2.79,0.49,0.15
2006,128,40.27,22.91,15.29,0.06,46.76,2.96,0.49,0.15
2006,129,36.54,23.45,15.74,0.01,51.63,2.68,0.49,0.15
2006,130,38.05,21.79,14.47,0.04,49.76,3.21,0.49,0.15
2006,131,39.18,22.09,14.46,0.0,49.97,3.39,0.49,0.15
2006,132,39.12,21.99,13.02,0.0,45.82,3.33,0.49,0.15
2006,133,38.46,20.45,14.01,0.0,47.89,3.27,0.49,0.14
2006,134,38.0,20.14,13.17,0.0,48.89,3.43,0.49,0.14
2006,135,37.9,20.92,15.89,0.0,54.23,3.36,0.49,0.14
2006,136,38.85,21.35,15.96,0.0,54.35,3.51,0.49,0.14
2006,137,39.17,21.25,16.06,0.0,54.09,3.82,0.49,0.14
2006,138,37.35,22.17,17.36,0.0,56.4,4.11,0.49,0.14
2006,139,32.17,23.15,17.53,0.0,59.3,3.38,0.49,0.14
2006,140,34.91,22.12,17.77,0.0,61.35,4.4,0.49,0.14
2006,141,35.72,22.18,17.79,0.0,59.51,4.48,0.49,0.14
2006,142,33.52,22.93,19.7,0.0,69.26,4.05,0.49,0.14
2006,143,31.23,23.08,18.98,0.01,66.87,3.39,0.49,0.14
2006,144,33.8,21.69,19.54,0.01,66.55,3.66,0.49,0.14
2006,145,35.56,23.16,19.58,1.93,63.9,3.97,0.49,0.17
2006,146,30.61,23.2,20.38,5.07,70.78,3.33,0.49,0.32
2006,147,31.42,23.55,21.49,2.54,74.8,3.77,0.5,0.42
2006,148,29.97,22.99,21.57,1.75,78.67,2.49,0.5,0.45
2006,149,31.36,22.72,21.92,13.41,78.87,2.22,0.5,0.54
2006,150,26.86,23.14,22.59,60.11,88.64,4.05,0.53,0.8
2006,151,26.42,21.87,21.92,79.06,90.17,3.99,0.59,0.92
2006,152,28.55,21.78,21.76,14.39,86.32,4.41,0.61,0.78
2006,153,27.19,22.18,20.45,8.03,82.47,5.13,0.62,0.74
2006,154,27.01,21.33,20.38,4.37,82.43,4.68,0.62,0.7
2006,155,28.1,21.47,21.2,4.8,84.66,3.42,0.62,0.69
2006,156,28.8,21.83,21.17,1.04,82.05,3.26,0.62,0.65
2006,157,30.34,21.67,20.79,0.62,79.11,3.47,0.62,0.62
2006,158,30.25,21.09,20.36,0.57,78.11,3.12,0.62,0.61
2006,159,29.56,21.27,20.51,0.03,79.68,3.16,0.61,0.6
2006,160,30.77,21.95,21.35,0.59,80.81,2.95,0.61,0.6
2006,161,31.25,21.82,20.82,2.05,77.16,3.44,0.61,0.6
2006,162,30.9,21.73,20.73,1.37,77.43,3.48,0.61,0.59
2006,163,30.63,20.77,20.45,0.21,77.73,3.47,0.6,0.57
2006,164,31.44,21.2,20.77,0.13,77.04,3.25,0.6,0.56
2006,165,31.56,21.89,21.13,7.57,77.47,2.87,0.6,0.62
2006,166,30.34,22.36,21.56,3.3,80.18,2.74,0.6,0.62
2006,167,30.51,22.02,21.42,7.25,80.12,2.86,0.6,0.63
2006,168,30.18,21.97,21.6,4.16,80.3,2.43,0.6,0.64
2006,169,30.19,22.56,22.29,13.75,81.99,1.99,0.61,0.69
2006,170,30.16,22.97,22.27,5.69,81.73,2.32,0.62,0.68
2006,171,30.38,22.76,22.06,2.72,82.57,2.04,0.62,0.64
2006,172,31.59,22.69,21.62,3.68,76.73,1.59,0.62,0.65
2006,173,29.94,22.48,22.55,31.61,83.66,1.66,0.63,0.77
2006,174,28.19,23.21,23.11,52.17,88.13,1.31,0.66,0.91
2006,175,29.84,23.0,23.11,18.67,85.3,2.12,0.69,0.83
2006,176,26.42,23.28,23.09,5.61,90.97,4.08,0.7,0.77
2006,177,28.39,23.31,22.98,12.19,87.46,4.98,0.7,0.78
2006,178,27.83,23.08,23.08,28.52,89.5,5.41,0.71,0.84
2006,179,28.42,23.29,22.8,8.75,87.39,5.39,0.73,0.79
2006,180,27.21,23.13,22.75,28.6,89.15,5.41,0.74,0.85
2006,181,26.45,21.83,22.35,52.5,90.59,6.11,0.77,0.94
2006,182,25.93,22.95,23.06,63.12,93.55,6.16,0.8,0.96
2006,183,26.74,22.95,23.0,80.94,93.5,6.2,0.84,0.97
2006,184,25.15,23.0,22.79,80.27,94.84,6.69,0.87,0.98
2006,185,24.19,21.94,22.23,56.75,94.68,6.32,0.9,0.97
2006,186,24.01,20.84,21.36,85.27,95.24,6.81,0.92,0.99
2006,187,25.64,21.36,21.0,23.38,89.68,5.97,0.94,0.95
2006,188,27.0,21.55,21.84,8.24,89.66,4.89,0.94,0.93
2006,189,26.83,22.29,22.23,6.84,90.35,5.63,0.94,0.92
2006,190,27.01,22.14,22.01,6.72,90.5,6.1,0.93,0.91
2006,191,26.96,22.16,21.88,8.35,89.54,6.05,0.93,0.91
2006,192,26.05,22.27,21.92,6.15,90.97,6.03,0.93,0.91
2006,193,26.18,22.09,21.81,3.92,90.63,5.81,0.93,0.9
2006,194,26.81,22.17,21.93,2.67,90.38,5.45,0.93,0.9
2006,195,24.7,21.8,21.65,2.63,92.53,5.3,0.92,0.9
2006,196,25.04,21.86,21.57,1.83,91.76,5.49,0.92,0.9
2006,197,26.69,21.22,21.37,0.8,89.03,5.06,0.92,0.89
2006,198,25.92,21.06,21.12,2.39,90.12,4.27,0.92,0.89
2006,199,26.18,21.43,21.3,4.7,89.86,4.85,0.91,0.89
2006,200,26.49,21.35,21.33,4.58,88.74,4.76,0.91,0.89
2006,201,25.47,21.11,21.18,7.06,90.93,4.86,0.91,0.9
2006,202,26.39,21.21,21.45,14.75,90.22,5.95,0.91,0.91
2006,203,25.09,22.0,21.86,38.51,92.51,6.54,0.92,0.95
2006,204,25.22,21.89,21.65,25.91,91.75,6.62,0.94,0.95
2006,205,25.98,21.72,21.56,6.71,90.51,5.26,0.94,0.92
2006,206,26.72,21.85,21.91,3.45,90.09,4.56,0.94,0.91
2006,207,26.45,22.03,21.91,8.04,90.35,5.27,0.94,0.91
2006,208,25.26,21.78,21.85,28.6,92.52,6.0,0.94,0.94
2006,209,24.6,22.05,21.96,73.28,94.06,7.01,0.96,0.99
2006,210,23.14,21.64,21.56,57.76,95.82,6.89,0.97,0.99
2006,211,24.16,21.49,21.64,19.91,94.38,6.75,0.97,0.97
2006,212,25.32,21.6,21.56,17.51,91.93,6.62,0.97,0.96
2006,213,25.01,21.27,21.56,36.95,92.83,6.13,0.97,0.98
2006,214,25.11,21.38,21.51,11.03,92.68,6.16,0.97,0.96
2006,215,24.31,21.52,21.42,2.78,93.6,5.22,0.97,0.95
2006,216,24.03,21.38,21.22,9.34,93.33,5.2,0.97,0.95
2006,217,24.3,21.56,21.74,34.4,95.23,6.21,0.97,0.97
2006,218,22.86,21.58,21.47,130.07,96.0,6.62,0.98,1.0
2006,219,23.22,21.59,21.76,105.99,96.11,6.15,0.99,1.0
2006,220,23.9,21.73,21.96,96.98,95.75,6.36,0.99,1.0
2006,221,24.03,21.68,21.98,36.61,95.5,6.09,0.99,0.99
2006,222,24.38,21.83,22.15,28.83,95.18,5.92,0.99,0.99
2006,223,25.42,21.76,22.06,12.75,93.88,5.66,0.99,0.98
2006,224,26.33,21.19,21.77,7.15,92.84,5.21,0.99,0.97
2006,225,25.92,21.51,21.92,14.47,92.5,5.02,0.98,0.97
2006,226,25.54,21.59,21.64,11.46,92.61,5.77,0.98,0.96
2006,227,24.88,21.02,21.65,13.93,93.27,6.26,0.98,0.96
2006,228,23.58,21.99,21.93,49.96,95.68,5.92,0.98,0.98
2006,229,23.76,21.05,21.57,20.71,95.01,4.79,0.99,0.98
2006,230,25.31,20.62,21.12,2.55,92.34,3.99,0.99,0.96
2006,231,25.64,20.35,21.17,3.5,91.97,4.11,0.98,0.96
2006,232,26.31,20.77,21.41,2.6,91.43,3.96,0.97,0.95
2006,233,25.72,20.68,21.02,1.26,92.04,3.83,0.97,0.94
2006,234,25.72,20.41,20.85,2.93,91.08,4.12,0.96,0.93
2006,235,25.92,20.47,20.98,4.53,91.22,4.02,0.96,0.93
2006,236,26.65,20.48,21.06,5.65,90.21,3.47,0.96,0.93
2006,237,26.81,20.13,21.16,7.14,90.57,2.87,0.96,0.93
2006,238,26.29,20.3,21.0,2.86,90.42,3.57,0.95,0.92
2006,239,24.37,20.93,20.94,6.16,92.56,4.01,0.95,0.92
2006,240,25.4,21.09,21.17,2.53,91.73,4.66,0.95,0.92
2006,241,25.62,20.66,20.9,4.84,90.91,4.32,0.95,0.92
2006,242,25.73,20.48,20.8,2.13,91.06,3.09,0.94,0.91
2006,243,24.96,20.32,20.75,0.95,91.73,3.19,0.94,0.91
2006,244,25.94,20.42,20.97,12.56,90.95,3.55,0.94,0.93
2006,245,27.01,19.95,20.93,5.31,89.68,2.85,0.94,0.92
2006,246,27.25,19.48,20.98,0.6,89.66,2.4,0.93,0.9
2006,247,27.8,20.08,21.62,11.74,90.7,2.42,0.93,0.92
2006,248,25.66,21.82,22.27,7.48,94.02,2.41,0.94,0.92
2006,249,26.95,20.71,21.64,2.42,90.29,2.01,0.94,0.9
2006,250,28.07,20.46,21.63,0.48,88.59,1.67,0.93,0.9
2006,251,28.76,20.36,21.82,51.67,88.55,1.2,0.93,0.94
2006,252,29.93,20.96,22.45,8.66,87.48,1.34,0.94,0.92
2006,253,29.15,22.0,22.42,4.74,84.58,1.05,0.94,0.91
2006,254,29.32,21.34,22.5,8.08,86.62,1.16,0.94,0.92
2006,255,28.91,22.57,23.03,2.17,90.74,1.45,0.94,0.91
2006,256,25.01,21.91,22.19,4.65,94.07,1.74,0.94,0.91
2006,257,25.39,20.88,21.83,27.79,93.84,1.2,0.94,0.95
2006,258,25.23,21.84,21.96,16.37,93.64,3.4,0.96,0.95
2006,259,27.93,21.44,22.14,34.25,88.34,1.17,0.96,0.96
2006,260,25.41,21.56,21.91,20.45,92.97,2.53,0.97,0.96
2006,261,25.93,21.4,21.9,6.31,92.99,3.31,0.97,0.95
2006,262,26.07,21.17,21.84,1.62,92.16,2.65,0.97,0.94
2006,263,26.19,21.48,22.02,15.28,93.03,2.56,0.97,0.95
2006,264,24.81,21.02,21.63,13.86,94.16,2.4,0.97,0.95
2006,265,26.61,21.4,22.2,6.01,92.47,2.6,0.97,0.95
2006,266,27.4,20.89,21.98,3.22,90.97,2.51,0.97,0.94
2006,267,27.26,20.45,21.53,0.29,90.45,2.05,0.96,0.93
2006,268,27.27,19.97,21.67,1.34,90.67,1.86,0.96,0.92
2006,269,26.17,20.57,21.43,1.57,91.22,2.18,0.95,0.92
2006,270,26.64,19.8,20.7,0.12,89.93,1.81,0.95,0.91
2006,271,27.08,19.8,21.18,1.09,90.69,1.82,0.95,0.91
2006,272,27.87,20.13,22.03,12.66,90.85,1.91,0.94,0.93
2006,273,27.38,21.81,22.74,14.24,92.46,2.53,0.95,0.94
2006,274,27.04,22.19,22.56,22.04,91.78,3.16,0.95,0.95
2006,275,28.19,22.35,23.1,27.22,91.75,2.46,0.96,0.96
2006,276,29.38,21.4,22.27,6.82,85.74,1.02,0.96,0.94
2006,277,27.61,21.87,22.6,16.02,90.85,1.35,0.96,0.95
2006,278,27.54,20.91,22.33,4.61,91.93,1.78,0.97,0.94
2006,279,27.07,21.83,22.63,5.82,92.98,2.1,0.96,0.94
2006,280,27.43,21.08,21.91,0.81,90.82,1.98,0.96,0.93
2006,281,27.74,19.76,21.29,3.69,89.53,1.42,0.96,0.93
2006,282,28.28,20.9,21.25,0.77,84.34,1.13,0.96,0.92
2006,283,27.62,20.8,21.47,2.66,87.79,1.12,0.95,0.92
2006,284,28.44,20.41,20.12,0.3,81.87,1.04,0.95,0.91
2006,285,28.53,18.83,19.68,0.0,81.4,1.23,0.94,0.91
2006,286,28.21,17.62,18.69,0.03,79.25,1.81,0.94,0.9
2006,287,28.49,19.17,19.49,0.01,79.5,2.11,0.93,0.89
2006,288,28.64,17.87,18.29,0.0,77.41,2.16,0.92,0.89
2006,289,28.82,18.17,19.0,0.02,79.45,2.3,0.92,0.88
2006,290,29.07,18.84,19.45,0.0,80.57,2.37,0.91,0.88
2006,291,29.34,18.6,19.21,0.0,79.15,1.75,0.91,0.87
2006,292,28.92,17.99,17.63,0.0,72.74,1.8,0.9,0.87
2006,293,28.7,17.02,16.61,0.0,71.94,2.02,0.9,0.86
2006,294,28.42,18.24,18.6,0.0,78.26,2.15,0.89,0.86
2006,295,28.51,18.18,18.59,0.0,78.73,1.81,0.89,0.85
2006,296,28.21,17.98,18.36,1.66,78.54,1.76,0.88,0.86
2006,297,27.83,17.61,18.06,0.1,80.23,2.4,0.88,0.85
2006,298,27.52,17.28,17.39,0.0,79.15,2.58,0.87,0.84
2006,299,27.47,16.43,16.97,0.0,78.51,2.37,0.86,0.84
2006,300,27.27,16.0,16.55,0.0,77.93,2.61,0.86,0.84
2006,301,27.16,16.15,17.95,0.0,81.78,2.68,0.85,0.83
2006,302,27.29,18.84,19.82,0.03,86.2,2.46,0.85,0.83
2006,303,27.95,18.81,19.68,0.0,83.97,2.2,0.85,0.83
2006,304,28.27,18.9,19.44,0.09,82.69,2.15,0.84,0.82
2006,305,27.53,18.35,19.06,3.82,83.26,1.91,0.84,0.83
2006,306,27.25,18.16,19.4,1.41,84.93,2.29,0.84,0.83
2006,307,23.67,19.3,19.76,3.38,90.59,1.73,0.83,0.84
2006,308,26.54,18.52,19.17,0.11,85.69,2.05,0.83,0.82
2006,309,26.23,18.8,19.15,2.37,84.45,2.07,0.83,0.83
2006,310,26.35,18.26,19.26,5.64,85.26,1.66,0.83,0.84
2006,311,26.67,17.33,18.43,5.15,82.38,1.3,0.83,0.84
2006,312,26.41,17.16,17.54,1.45,81.95,2.0,0.83,0.83
2006,313,26.35,15.39,16.02,0.01,79.14,2.44,0.83,0.81
2006,314,25.97,14.73,15.82,0.0,80.87,2.76,0.82,0.81
2006,315,26.23,15.03,15.94,0.0,80.46,2.55,0.82,0.8
2006,316,25.92,15.1,15.17,0.0,77.89,2.51,0.81,0.8
2006,317,25.71,14.06,14.82,0.0,77.81,2.69,0.81,0.79
2006,318,26.51,14.54,16.39,0.0,80.86,2.85,0.8,0.79
2006,319,26.79,15.48,16.59,0.0,79.02,2.75,0.8,0.78
2006,320,26.6,14.83,15.17,0.0,76.9,2.79,0.79,0.78
2006,321,26.96,14.06,15.03,0.0,75.7,2.24,0.79,0.78
2006,322,26.69,14.29,14.32,0.0,73.43,2.56,0.78,0.77
2006,323,27.13,14.33,15.28,0.0,75.44,2.17,0.78,0.77
2006,324,26.93,14.99,15.34,0.0,73.62,2.27,0.78,0.76
2006,325,26.06,15.87,15.62,0.15,73.1,1.87,0.77,0.76
2006,326,23.3,17.08,16.64,0.33,82.36,1.49,0.77,0.77
2006,327,24.62,17.9,18.28,2.45,84.84,1.23,0.77,0.77
2006,328,26.03,18.67,19.81,7.75,88.24,0.64,0.77,0.8
2006,329,26.15,18.83,19.91,4.22,88.01,1.01,0.77,0.8
2006,330,27.32,19.36,19.55,0.25,84.36,0.95,0.77,0.78
2006,331,27.83,18.29,19.19,0.01,81.92,1.23,0.77,0.77
2006,332,27.49,17.83,18.97,0.77,81.78,1.24,0.76,0.77
2006,333,27.03,18.3,18.97,1.01,80.98,1.04,0.76,0.77
2006,334,27.9,18.23,18.85,0.16,79.58,1.38,0.76,0.76
2006,335,27.42,17.55,17.62,0.21,76.23,1.05,0.76,0.75
2006,336,26.82,14.98,13.93,0.01,67.55,1.43,0.75,0.75
2006,337,26.86,13.18,14.03,0.0,69.66,1.83,0.75,0.74
2006,338,26.97,14.71,15.23,0.0,72.1,1.69,0.74,0.74
2006,339,27.08,14.48,14.8,0.0,72.94,1.49,0.74,0.74
2006,340,26.28,14.43,14.24,0.0,72.73,1.9,0.74,0.73
2006,341,26.59,13.95,13.68,0.0,71.81,2.15,0.73,0.73
2006,342,26.24,13.13,13.18,0.0,72.44,2.22,0.73,0.72
2006,343,25.58,12.35,12.24,0.0,70.06,2.22,0.73,0.72
2006,344,25.72,11.62,11.51,0.0,66.01,1.18,0.72,0.72
2006,345,26.54,11.82,11.63,0.0,65.4,1.28,0.72,0.71
2006,346,27.31,12.55,13.51,0.0,70.37,1.97,0.71,0.71
2006,347,27.64,14.57,15.56,0.0,76.5,2.05,0.71,0.7
2006,348,27.41,14.62,13.5,0.0,69.88,2.88,0.71,0.7
2006,349,27.03,12.57,10.69,0.0,62.72,2.43,0.7,0.69
2006,350,26.92,11.72,10.43,0.0,63.13,2.66,0.7,0.69
2006,351,26.28,12.5,9.51,0.0,61.06,3.23,0.7,0.68
2006,352,27.08,10.85,8.59,0.0,57.9,2.45,0.69,0.68
2006,353,27.39,11.45,9.34,0.0,58.66,2.14,0.69,0.67
2006,354,26.21,11.54,9.68,0.0,62.14,2.39,0.68,0.67
2006,355,25.59,10.93,11.03,0.0,68.07,2.47,0.68,0.67
2006,356,26.07,12.62,13.68,0.0,75.21,2.53,0.68,0.67
2006,357,26.45,13.7,14.41,0.0,76.08,2.59,0.68,0.67
2006,358,26.28,13.7,13.73,0.0,72.91,2.77,0.67,0.66
2006,359,27.07,12.35,12.51,0.0,67.35,1.73,0.67,0.66
2006,360,27.5,12.44,12.85,0.0,70.55,1.58,0.67,0.66
2006,361,27.33,12.71,12.98,0.0,69.8,1.68,0.66,0.65
2006,362,27.63,13.59,11.0,0.0,58.66,2.16,0.66,0.65
2006,363,27.75,12.07,9.16,0.0,51.87,1.61,0.66,0.64
2006,364,27.28,13.09,8.67,0.0,49.74,1.27,0.65,0.64
2006,365,27.53,12.47,10.31,0.0,61.04,1.18,0.65,0.64
2007,1,26.63,10.54,9.42,0.0,60.11,1.54,0.65,0.63
2007,2,27.11,11.01,10.24,0.0,63.05,1.22,0.64,0.63
2007,3,26.76,10.92,11.19,0.0,68.75,1.28,0.64,0.63
2007,4,26.72,10.96,10.92,0.0,68.53,1.3,0.64,0.63
2007,5,26.68,10.77,9.97,0.0,64.11,1.24,0.64,0.62
2007,6,27.5,10.4,9.98,0.0,61.43,1.85,0.63,0.62
2007,7,27.04,12.49,11.04,0.0,62.84,2.59,0.63,0.62
2007,8,27.02,12.58,11.22,0.0,64.7,2.27,0.63,0.61
2007,9,27.2,12.18,10.25,0.0,60.97,2.38,0.62,0.61
2007,10,27.38,11.6,9.82,0.0,58.68,1.81,0.62,0.61
2007,11,27.77,12.22,10.78,0.0,60.11,1.64,0.62,0.6
2007,12,28.6,12.4,11.57,0.0,62.41,1.61,0.62,0.6
2007,13,29.0,12.2,11.28,0.0,60.81,1.32,0.61,0.59
2007,14,29.14,12.51,11.24,0.0,62.01,1.69,0.61,0.59
2007,15,29.07,13.16,12.32,0.0,67.35,1.38,0.61,0.58
2007,16,28.02,13.51,10.79,0.0,64.57,1.32,0.61,0.58
2007,17,28.37,10.52,7.88,0.0,52.69,1.51,0.6,0.57
2007,18,28.96,11.89,8.54,0.0,53.0,2.63,0.6,0.56
2007,19,29.24,12.24,7.77,0.0,46.75,1.85,0.6,0.56
2007,20,29.7,13.18,9.63,0.0,52.55,1.21,0.59,0.55
2007,21,29.8,12.48,9.04,0.0,52.24,1.69,0.59,0.54
2007,22,30.43,13.18,8.75,0.0,50.39,1.54,0.59,0.54
2007,23,30.42,13.18,8.17,0.0,47.25,1.35,0.59,0.53
2007,24,30.92,13.44,10.17,0.0,51.07,1.98,0.58,0.52
2007,25,30.67,15.07,11.44,0.0,52.22,2.56,0.58,0.52
2007,26,31.1,13.62,9.54,0.0,47.16,1.63,0.58,0.51
2007,27,31.07,13.93,8.96,0.0,46.22,1.71,0.58,0.5
2007,28,31.38,15.54,11.38,0.0,50.94,2.11,0.57,0.5
2007,29,31.74,17.21,12.26,0.0,50.39,2.07,0.57,0.49
2007,30,31.63,16.58,11.61,0.0,47.6,1.53,0.57,0.49
2007,31,32.51,16.8,11.22,0.0,46.36,1.32,0.57,0.48
2007,32,31.98,17.52,12.11,0.0,49.73,1.15,0.57,0.48
2007,33,32.33,15.19,9.9,0.0,48.14,1.52,0.56,0.47
2007,34,32.18,16.02,8.13,0.0,44.02,1.65,0.56,0.47
2007,35,30.62,15.0,8.93,0.0,50.91,1.41,0.56,0.46
2007,36,31.22,14.14,10.01,0.0,53.94,1.55,0.56,0.46
2007,37,30.5,14.72,11.12,0.0,58.73,1.53,0.56,0.46
2007,38,30.3,14.43,9.42,0.0,56.04,1.81,0.55,0.45
2007,39,32.2,13.11,10.67,0.0,59.65,1.5,0.55,0.45
2007,40,32.26,15.62,12.14,0.0,59.3,1.58,0.55,0.45
2007,41,30.79,17.0,13.57,0.0,64.35,1.95,0.55,0.44
2007,42,28.83,16.41,15.12,0.0,74.1,2.33,0.55,0.45
2007,43,27.93,15.93,15.02,0.03,75.46,2.59,0.55,0.45
2007,44,26.39,14.57,12.71,0.0,70.66,2.88,0.54,0.45
2007,45,27.35,13.51,11.59,0.0,68.26,1.89,0.54,0.44
2007,46,27.92,14.25,13.15,0.0,71.25,2.22,0.54,0.44
2007,47,28.89,14.11,11.69,0.0,64.07,2.21,0.54,0.44
2007,48,29.98,13.86,9.76,0.0,52.91,2.04,0.54,0.43
2007,49,31.65,14.1,9.1,0.0,49.21,1.71,0.54,0.42
2007,50,31.2,15.14,12.58,0.0,51.7,1.89,0.54,0.42
2007,51,31.15,20.28,13.51,0.0,51.91,1.67,0.53,0.42
2007,52,33.05,16.42,9.46,0.0,44.63,1.9,0.53,0.42
2007,53,32.62,15.54,6.28,0.0,36.06,1.86,0.53,0.41
2007,54,33.38,14.16,4.98,0.0,35.13,2.25,0.53,0.4
2007,55,32.73,15.64,12.04,0.0,59.56,2.17,0.53,0.4
2007,56,31.94,17.0,12.56,0.0,61.31,1.86,0.53,0.4
2007,57,32.68,14.99,8.17,0.0,48.1,1.82,0.53,0.4
2007,58,34.03,14.54,8.27,0.0,46.07,1.78,0.52,0.39
2007,59,33.41,15.18,10.22,0.0,52.37,2.32,0.52,0.39
2007,60,29.78,14.28,12.48,0.0,67.31,2.91,0.52,0.4
2007,61,30.82,14.75,11.81,0.0,61.99,1.61,0.52,0.39
2007,62,34.01,14.77,9.23,0.0,50.29,1.4,0.52,0.39
2007,63,34.86,15.42,6.49,0.0,34.41,2.07,0.52,0.38
2007,64,35.27,16.24,6.12,0.0,32.75,1.97,0.52,0.37
2007,65,35.35,16.14,4.17,0.0,29.34,2.28,0.51,0.36
2007,66,35.68,15.34,3.41,0.0,30.03,2.49,0.51,0.36
2007,67,33.58,15.39,5.23,0.0,37.71,2.33,0.51,0.35
2007,68,34.28,14.13,1.74,0.0,28.89,2.21,0.51,0.35
2007,69,34.68,15.16,5.71,0.0,34.04,1.64,0.51,0.34
2007,70,35.22,16.98,9.16,0.0,41.38,1.86,0.51,0.33
2007,71,33.65,17.9,12.62,0.0,56.39,2.28,0.51,0.33
2007,72,32.76,16.69,14.44,0.0,62.06,2.4,0.51,0.33
2007,73,35.41,16.67,9.35,0.0,49.62,2.25,0.51,0.33
2007,74,36.05,17.39,4.72,0.0,27.42,2.36,0.5,0.31
2007,75,36.94,18.94,7.24,0.0,29.61,2.72,0.5,0.3
2007,76,37.36,20.94,9.48,0.0,34.21,1.44,0.5,0.29
2007,77,37.85,19.69,6.74,0.0,29.48,1.59,0.5,0.28
2007,78,38.14,19.38,7.45,0.0,32.38,1.83,0.5,0.27
2007,79,37.62,19.82,10.08,0.0,37.89,3.15,0.5,0.27
2007,80,37.61,18.84,12.21,0.0,45.61,2.94,0.5,0.27
2007,81,35.56,19.76,11.97,0.0,46.95,2.7,0.5,0.27
2007,82,37.98,18.72,9.25,0.0,35.84,2.08,0.5,0.26
2007,83,37.51,19.03,8.07,0.0,34.14,2.45,0.5,0.26
2007,84,38.22,19.14,5.38,0.0,27.39,2.44,0.5,0.25
2007,85,38.86,19.49,3.02,0.0,21.23,2.19,0.5,0.24
2007,86,39.68,19.93,3.48,0.0,21.41,1.93,0.5,0.23
2007,87,40.06,20.16,4.79,0.0,24.44,1.98,0.5,0.23
2007,88,40.32,19.5,4.29,0.0,26.01,1.99,0.5,0.22
2007,89,40.03,19.97,8.96,0.0,35.95,1.66,0.5,0.22
2007,90,38.8,21.81,15.68,0.0,53.23,1.6,0.5,0.22
2007,91,39.53,21.47,13.8,0.0,44.35,1.73,0.5,0.22
2007,92,40.08,24.0,8.26,0.0,26.82,1.92,0.5,0.21
2007,93,40.67,21.59,5.24,0.0,22.91,2.3,0.49,0.21
2007,94,40.94,20.78,0.99,0.0,16.94,2.43,0.49,0.2
2007,95,41.03,21.68,0.9,0.0,16.42,2.48,0.49,0.2
2007,96,40.95,20.47,4.33,0.0,27.26,2.18,0.49,0.19
2007,97,38.37,20.62,14.88,0.39,52.2,2.56,0.49,0.2
2007,98,39.04,20.49,11.9,0.0,45.21,2.42,0.49,0.2
2007,99,38.9,20.55,11.62,0.0,40.84,2.37,0.49,0.2
2007,100,39.74,20.79,10.47,0.0,35.58,2.48,0.49,0.2
2007,101,39.6,21.45,9.93,0.0,35.47,2.52,0.49,0.19
2007,102,39.57,19.72,9.86,0.0,39.38,2.44,0.49,0.19
2007,103,39.3,19.13,8.68,0.0,38.01,2.22,0.49,0.19
2007,104,39.84,19.82,10.85,0.0,40.09,1.85,0.49,0.18
2007,105,40.17,21.52,11.09,3.31,37.55,2.15,0.49,0.22
2007,106,38.79,21.56,15.37,3.15,50.21,2.36,0.5,0.37
2007,107,38.03,21.67,15.87,0.04,51.38,2.49,0.5,0.36
2007,108,37.25,21.93,15.81,0.01,50.91,2.59,0.5,0.32
2007,109,36.32,21.72,15.52,0.34,48.32,1.9,0.49,0.3
2007,110,34.46,22.77,15.82,1.42,48.34,2.1,0.49,0.31
2007,111,36.26,22.04,16.19,0.26,52.16,2.45,0.5,0.33
2007,112,37.29,20.21,11.17,0.0,45.83,2.65,0.49,0.3
2007,113,37.33,18.89,8.7,0.0,38.64,2.83,0.49,0.28
2007,114,37.27,18.07,8.92,0.0,37.84,2.82,0.49,0.26
2007,115,39.77,18.57,9.02,0.0,39.36,2.2,0.49,0.24
2007,116,40.91,21.14,9.82,0.0,34.83,2.14,0.49,0.23
2007,117,41.16,23.8,11.52,0.0,34.45,2.04,0.49,0.21
2007,118,39.77,23.44,14.79,0.0,44.73,1.8,0.49,0.21
2007,119,39.89,21.91,16.18,0.01,52.38,2.6,0.49,0.2
2007,120,41.01,21.63,14.14,0.0,44.98,2.27,0.49,0.2
2007,121,40.44,22.78,15.75,0.49,50.71,2.74,0.49,0.19
2007,122,40.77,22.2,15.22,0.71,50.66,3.29,0.49,0.22
2007,123,39.55,21.89,15.75,0.0,51.88,3.2,0.49,0.22
2007,124,38.76,22.07,15.38,0.0,52.01,3.26,0.49,0.21
2007,125,39.47,21.53,16.57,0.0,53.11,2.92,0.49,0.21
2007,126,39.87,22.19,16.93,0.52,53.95,3.02,0.49,0.21
2007,127,37.57,22.97,18.47,0.67,60.64,3.33,0.49,0.23
2007,128,38.67,21.88,15.69,0.0,55.0,3.54,0.49,0.23
2007,129,37.8,21.95,17.45,0.0,58.99,3.76,0.49,0.22
2007,130,36.74,22.93,17.79,0.0,58.85,4.13,0.49,0.21
2007,131,37.54,22.34,16.62,0.0,56.23,4.01,0.49,0.21
2007,132,37.67,22.12,17.0,0.0,57.9,4.19,0.49,0.2
2007,133,37.2,22.0,17.4,0.0,58.46,4.31,0.49,0.2
2007,134,36.79,22.08,17.07,0.0,58.01,4.22,0.49,0.2
2007,135,35.54,21.07,15.92,0.0,57.52,4.11,0.49,0.19
2007,136,37.09,20.98,15.91,0.0,56.27,3.71,0.49,0.19
2007,137,37.67,23.1,18.49,0.0,58.5,3.26,0.49,0.18
2007,138,37.58,23.63,18.01,0.32,56.28,3.59,0.49,0.18
2007,139,36.86,22.54,17.72,0.03,57.95,3.59,0.49,0.19
2007,140,36.19,22.49,18.95,0.0,61.23,3.78,0.49,0.19
2007,141,36.23,22.81,18.88,0.11,60.72,3.87,0.49,0.18
2007,142,35.23,23.37,18.88,0.7,60.47,3.84,0.49,0.2
2007,143,35.2,23.15,18.43,0.74,59.0,3.39,0.49,0.22
2007,144,36.9,22.98,17.97,0.4,57.86,3.5,0.49,0.23
2007,145,37.47,23.08,17.02,0.04,54.95,3.91,0.49,0.23
2007,146,36.41,22.67,16.75,0.01,56.39,3.52,0.49,0.22
2007,147,34.76,23.28,17.22,0.05,57.42,3.15,0.49,0.21
2007,148,35.97,23.43,17.91,0.21,58.64,3.66,0.49,0.21
2007,149,34.72,23.27,18.47,0.03,57.97,3.15,0.49,0.21
2007,150,34.37,23.64,18.02,0.12,54.4,2.72,0.49,0.21
2007,151,37.11,24.03,18.32,1.52,52.36,2.17,0.49,0.23
2007,152,32.9,24.81,21.18,4.96,69.64,2.68,0.49,0.34
2007,153,30.33,24.19,21.71,4.56,76.39,1.78,0.5,0.47
2007,154,34.94,23.16,20.57,7.38,70.92,3.4,0.5,0.52
2007,155,34.24,23.1,21.08,0.6,70.9,2.98,0.5,0.48
2007,156,33.5,23.8,20.19,1.14,67.11,1.85,0.5,0.46
2007,157,33.77,23.89,21.53,0.91,71.99,2.87,0.5,0.45
2007,158,33.11,24.01,21.67,0.94,72.33,3.27,0.5,0.45
2007,159,32.51,23.69,21.99,0.63,76.36,3.3,0.5,0.44
2007,160,30.8,23.21,21.34,0.09,77.32,2.89,0.5,0.44
2007,161,33.06,23.75,21.81,2.85,74.57,4.33,0.5,0.45
2007,162,33.95,23.28,21.32,0.65,71.08,4.13,0.5,0.46
2007,163,32.99,24.24,21.99,0.08,73.09,4.33,0.5,0.42
2007,164,29.05,23.09,22.0,2.28,80.42,2.7,0.5,0.44
2007,165,30.23,22.73,22.05,6.16,83.06,2.49,0.5,0.53
2007,166,31.48,23.58,22.12,1.84,79.08,3.92,0.51,0.52
2007,167,31.7,23.49,22.15,3.02,78.6,5.07,0.51,0.51
2007,168,30.87,23.33,21.97,11.42,78.94,5.35,0.51,0.58
2007,169,31.22,22.69,21.38,7.44,78.75,5.16,0.52,0.58
2007,170,28.03,22.24,21.53,9.44,84.61,4.51,0.52,0.6
2007,171,28.4,22.37,21.48,17.56,84.29,4.61,0.53,0.66
2007,172,30.71,21.87,21.68,10.98,80.36,2.63,0.54,0.65
2007,173,29.32,23.25,23.44,55.76,88.22,1.75,0.57,0.82
2007,174,27.96,23.02,23.67,171.61,91.67,5.58,0.63,0.98
2007,175,26.91,23.01,22.72,47.31,89.96,9.65,0.67,0.92
2007,176,28.5,22.34,21.93,18.1,85.55,6.35,0.7,0.85
2007,177,28.43,22.47,22.06,11.36,85.24,5.62,0.7,0.81
2007,178,27.69,22.81,21.96,11.2,86.67,5.5,0.71,0.8
2007,179,26.42,22.93,22.78,35.71,91.37,5.19,0.72,0.87
2007,180,26.59,23.6,22.98,35.68,91.22,5.66,0.75,0.9
2007,181,25.2,22.58,22.92,74.83,93.86,5.39,0.79,0.96
2007,182,25.23,23.54,23.46,124.21,94.83,6.77,0.83,0.99
2007,183,26.54,23.08,22.97,104.11,91.69,7.44,0.87,0.99
2007,184,26.61,22.69,22.82,70.66,91.32,6.87,0.9,0.97
2007,185,27.14,22.68,22.56,17.51,89.73,6.28,0.91,0.93
2007,186,26.65,22.76,22.59,18.73,90.59,6.32,0.91,0.93
2007,187,26.56,22.49,22.32,4.77,90.02,6.61,0.91,0.9
2007,188,25.14,22.82,22.44,4.57,92.77,6.22,0.91,0.89
2007,189,25.26,22.75,22.42,5.25,93.06,6.05,0.91,0.9
2007,190,27.33,22.37,22.4,3.87,89.93,6.7,0.91,0.89
2007,191,27.14,22.08,22.04,1.04,89.13,6.03,0.91,0.88
2007,192,27.45,22.29,22.17,1.15,88.89,5.34,0.9,0.88
2007,193,27.44,22.43,22.34,3.32,88.82,5.78,0.9,0.88
2007,194,27.11,22.58,22.37,6.11,89.25,5.93,0.9,0.89
2007,195,25.87,22.55,22.13,3.55,91.5,5.41,0.9,0.88
2007,196,26.69,22.59,22.25,2.52,90.24,5.05,0.9,0.88
2007,197,27.11,22.44,22.31,2.66,90.2,4.92,0.89,0.87
2007,198,26.52,21.82,21.93,1.73,90.12,4.36,0.89,0.87
2007,199,27.85,21.18,21.77,2.62,88.26,3.34,0.89,0.87
2007,200,27.31,21.24,21.6,1.27,88.08,2.85,0.89,0.86
2007,201,27.61,20.87,21.47,1.33,87.52,3.14,0.88,0.86
2007,202,27.4,21.18,21.49,1.69,87.17,3.48,0.88,0.86
2007,203,27.6,21.2,21.31,0.42,86.61,3.12,0.87,0.85
2007,204,28.55,20.39,21.42,2.82,86.91,2.92,0.87,0.85
2007,205,28.91,21.2,21.98,3.0,87.29,1.99,0.87,0.86
2007,206,28.06,22.07,22.51,6.11,88.79,1.73,0.87,0.86
2007,207,27.32,21.89,22.53,31.49,90.69,2.34,0.87,0.92
2007,208,27.35,22.07,22.94,33.36,92.27,3.16,0.9,0.95
2007,209,25.36,22.65,22.53,21.98,93.27,3.94,0.91,0.93
2007,210,25.49,22.1,22.21,26.83,92.94,3.97,0.92,0.94
2007,211,27.19,22.12,22.23,7.7,90.08,3.27,0.93,0.91
2007,212,27.73,22.36,22.56,1.31,91.2,3.06,0.92,0.9
2007,213,27.61,21.93,22.4,8.81,90.3,3.59,0.92,0.91
2007,214,26.55,22.24,22.32,14.45,91.27,3.73,0.92,0.92
2007,215,26.73,22.72,22.69,35.46,92.45,4.96,0.93,0.95
2007,216,25.65,22.54,22.34,22.64,92.4,6.09,0.95,0.95
2007,217,25.41,22.53,22.32,21.05,93.1,6.13,0.95,0.95
2007,218,25.44,22.36,22.22,12.82,93.01,6.18,0.95,0.94
2007,219,24.06,22.49,22.27,26.21,94.92,6.69,0.95,0.95
2007,220,24.95,21.95,22.23,22.5,93.67,7.14,0.96,0.96
2007,221,26.11,21.6,21.83,9.02,91.24,6.87,0.96,0.94
2007,222,26.4,21.6,21.82,6.61,90.67,5.38,0.96,0.93
2007,223,26.29,21.89,21.93,5.65,91.29,5.2,0.95,0.93
2007,224,25.79,22.15,21.87,3.44,91.75,5.34,0.95,0.92
2007,225,25.73,21.54,21.31,4.07,90.52,5.88,0.95,0.92
2007,226,24.43,21.56,21.37,4.36,92.67,5.03,0.94,0.92
2007,227,26.64,21.64,21.56,4.18,89.64,4.77,0.94,0.92
2007,228,25.65,21.23,21.38,1.72,91.08,4.33,0.94,0.91
2007,229,26.82,21.07,21.58,1.58,90.46,4.01,0.93,0.9
2007,230,24.88,21.57,21.5,3.98,93.03,3.75,0.93,0.91
2007,231,25.06,21.53,21.43,8.76,91.99,4.36,0.93,0.91
2007,232,25.75,20.93,20.79,4.56,88.85,2.73,0.93,0.9
2007,233,26.46,20.69,21.14,1.87,89.62,3.25,0.93,0.9
2007,234,27.4,21.42,21.66,5.93,88.68,3.61,0.92,0.9
2007,235,27.69,20.8,21.72,3.12,89.41,2.54,0.92,0.9
2007,236,27.9,20.87,21.93,0.88,89.18,1.82,0.92,0.89
2007,237,27.12,21.73,22.14,12.48,90.6,1.74,0.92,0.91
2007,238,27.4,21.48,22.51,63.79,92.44,2.45,0.93,0.97
2007,239,26.72,22.2,22.87,19.25,92.84,1.79,0.95,0.94
2007,240,26.56,22.09,22.5,5.92,92.92,2.41,0.95,0.93
2007,241,25.33,21.59,22.03,23.22,93.56,2.94,0.95,0.95
2007,242,26.7,21.28,21.95,15.99,91.52,3.83,0.96,0.95
2007,243,26.07,22.2,22.23,9.16,92.05,4.49,0.95,0.94
2007,244,25.26,22.32,22.29,4.82,93.81,3.89,0.95,0.93
2007,245,25.58,22.42,22.54,6.65,94.11,3.5,0.95,0.93
2007,246,26.84,21.24,22.3,5.35,91.71,3.7,0.95,0.93
2007,247,27.09,22.99,23.02,5.77,92.49,3.84,0.95,0.93
2007,248,25.44,22.52,22.74,14.15,94.03,4.48,0.95,0.94
2007,249,26.4,22.25,22.08,5.77,91.38,4.74,0.95,0.93
2007,250,26.99,21.53,22.02,7.2,90.64,3.92,0.95,0.93
2007,251,27.51,20.48,21.66,0.59,90.18,2.51,0.94,0.91
2007,252,25.16,20.38,21.1,0.19,91.65,1.53,0.94,0.91
2007,253,28.6,20.43,20.96,0.38,84.74,0.98,0.94,0.9
2007,254,28.4,20.91,22.05,30.42,88.56,1.22,0.93,0.93
2007,255,27.49,21.58,22.34,7.08,90.92,1.6,0.94,0.92
2007,256,26.27,21.22,21.71,3.81,91.23,1.32,0.94,0.92
2007,257,27.37,21.1,21.75,2.0,89.61,2.1,0.94,0.91
2007,258,27.49,20.3,21.3,1.24,89.02,2.14,0.93,0.9
2007,259,27.52,19.92,21.19,0.13,88.71,1.81,0.93,0.89
2007,260,27.53,20.68,21.73,0.8,90.77,1.74,0.92,0.89
2007,261,26.27,21.71,21.61,59.59,90.52,1.79,0.93,0.96
2007,262,26.44,21.45,22.07,37.59,92.74,2.22,0.95,0.96
2007,263,26.16,21.21,22.03,9.54,93.36,3.38,0.95,0.94
2007,264,24.87,22.4,22.19,10.49,94.5,3.4,0.96,0.94
2007,265,24.6,21.14,22.07,10.15,95.19,3.76,0.96,0.94
2007,266,26.12,20.98,21.56,6.74,92.48,3.7,0.96,0.94
2007,267,25.71,21.93,22.15,9.46,92.71,4.4,0.96,0.94
2007,268,26.91,21.44,22.14,10.55,91.52,4.47,0.96,0.94
2007,269,25.52,20.19,20.56,10.38,90.2,3.52,0.96,0.94
2007,270,27.79,20.48,21.98,14.67,92.09,3.34,0.96,0.94
2007,271,27.01,21.12,22.19,10.9,92.44,2.38,0.96,0.94
2007,272,25.91,21.08,20.87,0.65,88.66,1.18,0.96,0.93
2007,273,28.04,20.36,20.84,0.0,86.54,1.77,0.95,0.92
2007,274,27.9,17.98,19.23,0.0,82.75,1.38,0.95,0.91
2007,275,28.31,17.66,17.86,0.0,78.49,1.29,0.94,0.91
2007,276,28.46,17.17,18.42,1.14,80.83,1.36,0.93,0.9
2007,277,28.42,18.56,19.04,0.18,81.18,1.22,0.93,0.89
2007,278,28.27,17.93,18.52,0.62,80.54,1.44,0.92,0.89
2007,279,28.3,17.54,18.7,0.28,81.38,1.42,0.92,0.88
2007,280,28.38,18.84,17.93,0.01,77.39,1.2,0.91,0.88
2007,281,27.2,18.96,18.77,1.49,81.42,1.07,0.91,0.88
2007,282,27.09,19.56,19.47,0.29,82.57,1.0,0.91,0.87
2007,283,28.36,18.51,18.89,0.0,78.0,1.44,0.9,0.87
2007,284,29.24,18.41,19.15,1.32,76.77,1.73,0.9,0.87
2007,285,28.37,18.87,19.44,2.04,80.51,1.49,0.89,0.87
2007,286,28.8,18.1,18.33,0.01,76.78,1.61,0.89,0.86
2007,287,28.05,16.61,16.35,0.0,73.76,1.73,0.88,0.85
2007,288,27.41,14.48,14.03,0.0,68.13,1.75,0.88,0.84
2007,289,27.74,14.73,14.74,0.0,69.49,1.23,0.87,0.84
2007,290,28.01,16.8,16.37,0.0,72.57,1.73,0.86,0.84
2007,291,28.0,16.34,15.83,0.0,73.45,2.45,0.86,0.83
2007,292,27.63,15.79,16.16,0.0,74.9,2.26,0.85,0.83
2007,293,27.3,15.72,15.62,0.0,72.67,2.23,0.85,0.83
2007,294,27.53,16.53,16.08,0.0,73.24,1.76,0.84,0.82
2007,295,27.56,16.73,15.69,0.0,73.19,2.29,0.84,0.82
2007,296,26.85,16.06,17.4,0.0,80.08,2.83,0.83,0.82
2007,297,27.7,17.74,17.01,0.0,76.55,3.22,0.83,0.81
2007,298,28.32,16.92,17.11,0.0,76.88,3.52,0.82,0.81
2007,299,28.49,16.78,17.29,0.0,77.04,3.05,0.82,0.8
2007,300,28.01,16.05,16.52,0.0,75.93,2.81,0.81,0.79
2007,301,28.43,16.19,15.59,0.0,72.78,2.71,0.81,0.79
2007,302,27.77,14.86,14.92,0.0,72.81,2.65,0.8,0.78
2007,303,27.91,15.79,15.73,0.0,74.21,2.59,0.8,0.78
2007,304,26.31,17.59,18.46,1.88,83.43,2.04,0.79,0.78
2007,305,27.6,20.2,21.35,5.74,88.78,1.98,0.79,0.81
2007,306,28.73,20.81,21.47,0.94,87.91,2.61,0.79,0.79
2007,307,29.42,18.55,19.32,0.41,78.18,1.33,0.79,0.78
2007,308,29.3,19.32,19.57,0.06,79.36,2.07,0.79,0.77
2007,309,29.38,19.79,20.34,0.0,80.41,1.83,0.78,0.77
2007,310,29.03,20.13,20.22,0.36,80.61,1.01,0.78,0.76
2007,311,29.53,19.3,19.78,1.96,80.61,1.26,0.77,0.77
2007,312,29.45,18.25,18.4,0.19,75.61,1.26,0.77,0.76
2007,313,28.66,16.71,17.01,0.0,74.85,1.64,0.77,0.75
2007,314,28.79,16.38,16.72,0.0,74.97,1.38,0.76,0.75
2007,315,28.51,16.79,16.03,0.0,71.89,1.64,0.76,0.74
2007,316,27.92,16.17,15.41,0.0,69.98,1.97,0.75,0.74
2007,317,28.04,16.2,15.84,0.0,71.59,1.46,0.75,0.73
2007,318,27.69,15.24,14.78,0.0,71.41,1.93,0.75,0.73
2007,319,27.87,14.49,12.94,0.0,66.55,2.27,0.74,0.73
2007,320,27.45,13.11,11.11,0.0,62.8,2.33,0.74,0.72
2007,321,26.47,11.88,9.76,0.0,61.08,2.28,0.73,0.72
2007,322,25.99,11.69,10.09,0.0,64.07,2.15,0.73,0.71
2007,323,26.2,12.83,12.39,0.0,70.14,2.11,0.72,0.71
2007,324,26.62,12.83,11.68,0.0,67.09,2.28,0.72,0.71
2007,325,26.71,12.33,9.64,0.0,60.88,2.63,0.72,0.7
2007,326,26.71,10.22,7.28,0.0,55.21,2.73,0.71,0.69
2007,327,26.66,10.12,7.5,0.0,56.92,2.6,0.71,0.69
2007,328,26.57,10.06,7.74,0.0,57.33,2.26,0.7,0.69
2007,329,26.39,9.87,7.57,0.0,57.51,2.42,0.7,0.68
2007,330,26.38,10.62,8.16,0.0,58.32,2.48,0.7,0.68
2007,331,26.85,11.31,11.08,0.0,63.25,2.08,0.69,0.68
2007,332,27.68,12.85,14.0,0.0,72.5,1.46,0.69,0.68
2007,333,27.15,13.77,15.72,0.0,77.03,1.25,0.69,0.68
2007,334,26.73,14.63,12.93,0.0,66.63,2.22,0.68,0.67
2007,335,25.44,14.56,13.54,0.0,71.75,2.6,0.68,0.67
2007,336,25.94,13.86,12.99,0.0,68.5,1.73,0.68,0.67
2007,337,26.4,13.78,13.41,0.0,71.23,1.89,0.67,0.66
2007,338,25.95,15.76,14.98,0.0,74.62,2.8,0.67,0.66
2007,339,22.41,13.87,12.38,0.0,71.82,3.44,0.67,0.66
2007,340,24.15,14.17,12.72,0.0,72.92,3.04,0.67,0.65
2007,341,23.49,13.51,12.43,0.0,72.69,1.82,0.66,0.66
2007,342,26.22,11.83,11.92,0.0,67.46,1.36,0.66,0.65
2007,343,26.77,11.97,11.83,0.0,66.97,1.46,0.66,0.65
2007,344,27.26,12.42,13.21,0.0,72.1,1.49,0.65,0.64
2007,345,27.35,12.92,14.65,0.0,77.75,1.08,0.65,0.64
2007,346,27.36,13.39,15.71,0.0,81.38,1.25,0.65,0.63
2007,347,27.25,13.54,14.2,0.0,72.99,1.37,0.65,0.63
2007,348,27.67,13.9,13.65,0.0,68.6,1.68,0.64,0.62
2007,349,27.62,15.1,14.66,0.0,70.82,2.21,0.64,0.62
2007,350,28.26,16.43,14.83,0.0,68.49,2.66,0.64,0.61
2007,351,27.8,15.72,13.17,0.0,64.78,3.26,0.64,0.6
2007,352,27.25,13.48,10.68,0.0,60.42,2.77,0.63,0.6
2007,353,27.31,12.23,10.83,0.0,60.6,2.57,0.63,0.59
2007,354,28.82,17.37,17.52,0.0,76.31,2.76,0.63,0.59
2007,355,29.86,18.9,17.5,0.0,69.23,2.35,0.62,0.59
2007,356,30.23,17.14,15.32,0.0,64.29,2.05,0.62,0.58
2007,357,30.12,13.88,9.95,0.0,51.52,1.64,0.62,0.57
2007,358,29.86,14.22,9.62,0.0,53.18,1.46,0.61,0.57
2007,359,29.27,13.96,10.68,0.0,59.27,1.42,0.61,0.56
2007,360,29.93,13.5,12.13,0.0,64.33,1.35,0.61,0.56
2007,361,29.81,13.72,10.98,0.0,59.62,1.34,0.61,0.55
2007,362,28.77,12.74,9.39,0.0,57.12,1.6,0.6,0.55
2007,363,28.53,11.55,8.47,0.0,57.23,1.39,0.6,0.54
2007,364,29.65,10.81,7.01,0.0,48.31,1.62,0.6,0.53
2007,365,29.91,12.04,9.64,0.0,54.67,1.64,0.6,0.53
2008,1,28.85,13.21,9.98,0.0,56.75,1.62,0.59,0.52
2008,2,28.39,11.13,6.94,0.0,49.79,1.47,0.59,0.52
2008,3,28.76,11.99,8.79,0.0,52.74,1.63,0.59,0.51
2008,4,28.82,13.78,10.55,0.0,56.44,1.46,0.59,0.51
2008,5,28.96,12.22,5.81,0.0,42.95,2.23,0.58,0.51
2008,6,29.21,11.97,5.24,0.0,41.73,2.39,0.58,0.5
2008,7,28.35,12.37,7.24,0.0,46.19,2.36,0.58,0.49
2008,8,28.12,12.07,6.9,0.0,45.48,1.97,0.58,0.49
2008,9,28.89,11.79,8.03,0.0,49.54,1.46,0.58,0.49
2008,10,29.9,13.29,9.16,0.0,52.34,1.61,0.57,0.48
2008,11,30.14,12.29,8.96,0.0,52.2,1.93,0.57,0.48
2008,12,31.22,13.73,8.72,0.0,49.18,2.45,0.57,0.47
2008,13,31.08,13.46,8.45,0.0,48.44,1.44,0.57,0.47
2008,14,31.16,13.24,8.23,0.0,44.75,1.69,0.57,0.46
2008,15,30.9,13.98,7.62,0.0,42.95,1.94,0.56,0.46
2008,16,31.0,13.76,6.76,0.0,40.87,1.97,0.56,0.46
2008,17,30.84,13.55,6.98,0.0,44.08,1.7,0.56,0.45
2008,18,29.95,13.87,7.98,0.0,50.2,1.75,0.56,0.45
2008,19,29.21,11.49,8.73,0.0,60.56,1.89,0.56,0.45
2008,20,29.97,10.22,6.44,0.0,53.81,1.71,0.55,0.45
2008,21,29.56,12.06,4.81,0.0,44.29,1.82,0.55,0.44
2008,22,27.22,12.85,6.9,0.0,51.73,1.73,0.55,0.44
2008,23,27.06,11.36,4.17,0.0,46.62,1.79,0.55,0.44
2008,24,27.95,9.62,2.92,0.0,42.89,1.74,0.55,0.44
2008,25,26.65,10.59,2.33,0.0,42.57,2.42,0.55,0.43
2008,26,25.1,8.56,2.61,0.0,45.52,2.49,0.55,0.43
2008,27,26.45,7.36,0.69,0.0,39.74,2.07,0.54,0.43
2008,28,29.81,9.13,-0.06,0.0,33.88,2.34,0.54,0.42
2008,29,29.66,13.41,4.78,0.0,42.88,1.95,0.54,0.42
2008,30,26.42,12.37,11.18,0.0,67.08,2.49,0.54,0.43
2008,31,27.33,9.8,5.34,0.0,55.4,1.62,0.54,0.42
2008,32,29.1,8.46,-0.31,0.0,35.69,2.13,0.54,0.42
2008,33,29.8,10.65,3.93,0.0,45.12,1.93,0.54,0.41
2008,34,27.0,12.5,13.46,0.0,76.35,2.33,0.53,0.42
2008,35,25.17,11.47,10.23,0.0,69.49,2.15,0.53,0.42
2008,36,24.5,8.69,4.64,0.0,54.58,1.99,0.53,0.41
2008,37,24.64,7.67,3.55,0.0,53.3,2.23,0.53,0.41
2008,38,23.44,8.75,8.79,0.0,71.76,2.7,0.53,0.41
2008,39,23.54,7.48,2.04,0.0,51.96,2.27,0.53,0.41
2008,40,28.06,6.56,1.78,0.0,41.15,1.9,0.53,0.41
2008,41,30.26,9.6,6.02,0.0,47.52,2.0,0.53,0.4
2008,42,31.68,12.25,10.12,0.0,53.35,1.96,0.53,0.4
2008,43,32.63,14.24,11.15,0.0,50.48,1.76,0.53,0.4
2008,44,32.98,16.79,13.84,0.0,57.39,1.95,0.52,0.39
2008,45,32.32,17.04,13.7,0.0,55.12,1.56,0.52,0.39
2008,46,32.12,16.9,12.34,0.0,48.95,1.39,0.52,0.39
2008,47,33.12,18.96,10.67,0.0,42.02,1.6,0.52,0.38
2008,48,33.99,16.21,6.17,0.0,35.02,1.86,0.52,0.38
2008,49,33.62,15.32,3.16,0.0,30.56,1.95,0.52,0.37
2008,50,33.81,15.58,3.51,0.0,32.71,1.74,0.52,0.37
2008,51,33.97,15.17,3.3,0.0,33.43,1.49,0.51,0.37
2008,52,33.84,13.96,1.88,0.0,30.22,1.45,0.51,0.36
2008,53,34.72,15.06,3.16,0.0,31.54,1.58,0.51,0.35
2008,54,34.09,15.5,7.51,0.0,41.42,2.08,0.51,0.35
2008,55,33.31,15.3,6.35,0.0,39.47,2.14,0.51,0.35
2008,56,33.66,13.91,3.07,0.0,31.32,1.89,0.51,0.34
2008,57,34.22,13.95,-1.07,0.0,23.14,2.15,0.51,0.33
2008,58,34.84,14.55,-2.39,0.0,19.35,2.39,0.51,0.32
2008,59,35.41,15.07,-3.46,0.0,17.62,2.34,0.51,0.31
2008,60,35.4,14.4,-2.22,0.0,19.55,1.72,0.5,0.3
2008,61,35.83,16.31,-0.38,0.0,22.62,1.73,0.5,0.29
2008,62,35.68,15.66,0.49,0.0,23.78,1.88,0.5,0.29
2008,63,35.58,16.0,1.18,0.0,25.58,1.79,0.5,0.28
2008,64,35.58,16.83,2.81,0.0,28.52,1.77,0.5,0.27
2008,65,36.06,17.55,3.04,0.0,27.55,1.13,0.5,0.27
2008,66,36.57,17.35,4.19,0.0,26.97,1.5,0.5,0.26
2008,67,37.01,18.17,4.81,0.0,26.59,1.46,0.5,0.26
2008,68,37.01,18.41,3.95,0.0,25.11,1.71,0.5,0.25
2008,69,37.24,18.42,4.41,0.0,28.38,2.3,0.5,0.25
2008,70,35.84,19.42,8.66,0.0,39.42,1.37,0.5,0.24
2008,71,36.01,20.2,8.03,0.0,35.55,1.56,0.5,0.24
2008,72,35.68,17.91,9.1,0.0,42.18,1.64,0.5,0.24
2008,73,36.24,17.6,10.81,0.0,40.47,1.83,0.5,0.24
2008,74,36.88,20.06,10.19,0.07,36.66,1.98,0.5,0.24
2008,75,36.76,20.59,8.23,0.0,32.69,2.4,0.5,0.23
2008,76,37.35,18.96,5.28,0.0,26.17,2.12,0.5,0.23
2008,77,36.0,21.34,9.97,0.02,31.78,1.31,0.5,0.22
2008,78,37.31,23.65,8.73,0.05,27.84,1.76,0.5,0.22
2008,79,32.91,21.34,6.63,0.01,29.33,2.2,0.49,0.22
2008,80,37.83,20.06,6.35,0.0,28.98,1.71,0.49,0.22
2008,81,36.89,21.75,13.51,1.82,42.48,1.8,0.49,0.23
2008,82,32.89,22.59,17.88,5.05,60.5,1.33,0.5,0.33
2008,83,30.5,21.68,18.06,7.43,67.78,1.57,0.51,0.56
2008,84,34.18,19.65,15.65,0.74,61.68,1.4,0.51,0.48
2008,85,34.44,19.72,13.4,0.24,53.02,0.83,0.5,0.45
2008,86,32.53,19.32,12.98,0.41,49.36,0.61,0.5,0.44
2008,87,33.79,21.32,15.94,0.23,55.36,1.63,0.5,0.42
2008,88,35.62,19.0,14.54,0.01,52.52,1.56,0.5,0.38
2008,89,36.1,20.81,14.42,0.0,50.22,1.81,0.5,0.35
2008,90,36.53,19.96,13.09,0.0,49.82,2.63,0.5,0.33
2008,91,33.41,18.36,13.53,0.0,57.22,2.97,0.5,0.31
2008,92,33.09,16.95,11.98,0.0,58.1,2.77,0.5,0.3
2008,93,35.15,16.85,10.09,0.0,54.87,2.35,0.5,0.29
2008,94,32.67,16.31,11.65,0.0,58.15,2.84,0.49,0.28
2008,95,33.53,17.38,13.3,0.0,60.02,2.81,0.49,0.27
2008,96,35.43,17.83,12.51,0.0,56.33,2.3,0.49,0.26
2008,97,36.75,18.04,13.37,0.01,53.15,2.46,0.49,0.25
2008,98,36.51,20.08,13.29,0.42,46.29,2.28,0.49,0.25
2008,99,33.58,23.3,13.62,0.0,43.42,1.17,0.49,0.25
2008,100,36.5,21.16,12.55,0.0,39.1,1.6,0.49,0.24
2008,101,37.76,23.43,11.24,0.0,32.79,1.22,0.49,0.23
2008,102,39.58,22.44,8.05,0.0,28.96,1.4,0.49,0.22
2008,103,39.87,21.61,7.23,0.0,27.38,2.54,0.49,0.21
2008,104,39.67,21.5,11.25,0.0,35.42,2.5,0.49,0.21
2008,105,39.74,22.09,10.36,0.0,33.83,2.69,0.49,0.2
2008,106,39.64,21.89,8.09,0.0,29.49,2.81,0.49,0.2
2008,107,39.11,21.19,9.15,0.0,35.37,2.64,0.49,0.19
2008,108,39.37,20.41,11.78,0.0,40.54,2.55,0.49,0.19
2008,109,39.56,21.41,10.02,0.0,36.0,2.73,0.49,0.18
2008,110,39.55,20.45,11.49,0.0,43.02,2.49,0.49,0.18
2008,111,40.64,19.75,9.19,0.0,34.45,2.18,0.49,0.17
2008,112,40.64,21.86,8.58,0.0,29.36,2.67,0.49,0.17
2008,113,40.76,22.72,7.24,0.0,24.7,2.96,0.49,0.17
2008,114,41.52,23.02,6.27,0.0,24.07,2.19,0.49,0.16
2008,115,41.98,23.46,8.81,0.0,29.67,2.25,0.49,0.16
2008,116,40.86,22.26,14.85,0.0,47.32,2.05,0.49,0.16
2008,117,40.28,24.72,14.91,0.0,44.01,2.17,0.49,0.15
2008,118,40.38,22.08,14.26,0.0,45.43,2.9,0.49,0.15
2008,119,38.42,21.51,14.46,0.0,50.54,3.22,0.49,0.15
2008,120,39.65,20.32,14.18,0.0,50.9,3.53,0.49,0.15
2008,121,40.31,20.7,15.12,0.0,51.41,3.18,0.49,0.15
2008,122,39.15,21.54,16.42,0.0,52.97,3.25,0.49,0.15
2008,123,38.72,21.31,12.34,0.0,47.93,3.58,0.49,0.15
2008,124,37.51,18.68,12.71,0.0,52.8,3.46,0.49,0.15
2008,125,38.37,18.85,12.08,0.0,51.15,3.14,0.49,0.14
2008,126,36.22,19.44,15.46,0.0,58.2,3.45,0.49,0.14
2008,127,35.61,20.63,15.81,0.0,58.92,3.84,0.49,0.14
2008,128,36.93,20.45,15.18,0.0,56.12,3.43,0.49,0.14
2008,129,37.01,20.8,16.51,0.0,57.59,3.68,0.49,0.14
2008,130,36.4,21.13,16.71,0.0,57.77,3.9,0.49,0.14
2008,131,36.88,21.18,16.99,0.0,59.21,3.9,0.49,0.14
2008,132,37.17,21.33,16.04,0.0,56.99,3.78,0.49,0.14
2008,133,37.18,20.81,15.55,0.0,56.54,3.88,0.49,0.14
2008,134,37.18,20.22,15.67,0.0,56.38,3.67,0.49,0.14
2008,135,37.73,21.14,16.07,0.0,57.34,4.03,0.49,0.14
2008,136,36.64,21.54,16.4,0.0,56.58,4.07,0.49,0.14
2008,137,37.27,21.52,16.78,0.0,57.96,3.92,0.49,0.13
2008,138,36.72,22.0,17.84,0.0,60.35,4.24,0.49,0.13
2008,139,34.78,22.65,19.26,0.25,64.78,4.58,0.49,0.14
2008,140,36.35,22.16,18.73,0.09,61.47,4.06,0.49,0.14
2008,141,36.35,23.2,19.32,0.0,62.25,4.13,0.49,0.14
2008,142,36.06,23.13,18.83,0.01,60.51,4.21,0.49,0.14
2008,143,36.75,23.49,18.71,1.38,58.19,3.81,0.49,0.17
2008,144,36.52,23.47,19.27,0.7,61.1,3.32,0.49,0.2
2008,145,35.19,23.72,19.17,1.45,62.93,3.37,0.49,0.24
2008,146,35.61,23.55,19.26,0.74,63.65,3.28,0.49,0.27
2008,147,34.58,23.4,18.87,2.69,62.58,3.32,0.49,0.33
2008,148,35.34,23.33,19.35,2.51,62.95,3.81,0.5,0.35
2008,149,34.08,23.73,19.87,0.19,65.65,3.78,0.5,0.35
2008,150,33.6,23.17,19.57,0.0,67.4,3.5,0.5,0.33
2008,151,33.32,22.7,17.56,0.0,62.01,3.63,0.49,0.32
2008,152,34.9,22.4,19.08,0.0,64.96,4.12,0.49,0.3
2008,153,36.11,23.54,18.47,0.0,59.73,4.21,0.49,0.29
2008,154,35.36,23.07,18.66,0.09,61.05,3.39,0.49,0.28
2008,155,36.27,22.76,19.1,20.66,65.23,2.61,0.5,0.44
2008,156,31.2,23.13,21.62,10.41,77.18,2.29,0.52,0.63
2008,157,29.7,23.23,22.13,8.0,83.0,3.17,0.52,0.59
2008,158,27.11,23.53,22.76,28.46,88.68,4.27,0.54,0.71
2008,159,27.15,23.72,22.76,20.47,88.2,3.8,0.56,0.75
2008,160,26.44,23.45,23.08,26.24,91.42,5.17,0.58,0.78
2008,161,25.46,22.41,21.41,21.82,87.1,5.92,0.6,0.78
2008,162,27.28,22.53,21.8,11.14,85.18,6.05,0.61,0.73
2008,163,26.87,23.12,22.39,37.43,88.57,4.78,0.62,0.81
2008,164,27.35,22.83,21.41,4.68,84.72,5.03,0.64,0.73
2008,165,27.07,21.83,21.24,3.63,84.77,5.51,0.64,0.7
2008,166,27.98,21.98,21.72,19.76,85.34,7.02,0.65,0.77
2008,167,28.46,22.44,21.78,6.0,84.63,6.47,0.66,0.73
2008,168,26.4,22.65,21.85,0.26,87.52,5.5,0.66,0.68
2008,169,26.61,22.52,21.72,0.82,87.19,5.43,0.66,0.67
2008,170,28.45,22.62,21.74,0.45,84.59,5.69,0.65,0.66
2008,171,27.72,22.19,21.58,0.09,85.47,5.19,0.65,0.65
2008,172,28.83,22.28,21.62,0.15,83.35,5.1,0.65,0.64
2008,173,28.68,22.26,21.47,0.52,83.59,4.73,0.65,0.64
2008,174,27.02,22.07,21.33,1.28,86.15,4.12,0.64,0.65
2008,175,28.14,21.97,21.26,0.69,83.91,4.43,0.64,0.64
2008,176,28.04,21.99,21.5,2.37,85.2,4.37,0.64,0.65
2008,177,28.48,22.59,22.11,5.57,87.01,4.25,0.64,0.67
2008,178,28.91,22.66,21.84,3.19,84.04,4.42,0.64,0.67
2008,179,29.13,22.08,21.42,1.57,83.77,4.45,0.64,0.65
2008,180,27.88,22.19,21.49,7.27,84.18,4.93,0.64,0.68
2008,181,25.36,22.97,22.54,54.32,92.24,5.68,0.66,0.87
2008,182,25.97,22.71,22.48,50.48,91.45,6.33,0.71,0.92
2008,183,26.76,22.42,22.0,25.83,89.98,6.02,0.74,0.88
2008,184,27.57,22.15,21.6,11.44,86.63,5.55,0.75,0.82
2008,185,26.72,22.29,22.05,12.88,90.28,5.05,0.75,0.82
2008,186,27.86,22.27,21.93,13.7,87.87,5.55,0.76,0.83
2008,187,26.78,22.36,21.82,3.8,88.22,5.34,0.77,0.79
2008,188,28.3,21.99,21.53,1.3,85.9,5.8,0.76,0.77
2008,189,27.01,21.85,21.39,2.88,86.73,5.82,0.76,0.77
2008,190,27.02,22.0,21.69,1.32,87.87,4.92,0.76,0.76
2008,191,27.65,22.31,21.82,0.99,86.48,5.3,0.76,0.76
2008,192,27.35,22.2,21.72,15.53,87.55,5.19,0.76,0.8
2008,193,27.42,21.81,21.28,8.5,86.46,5.77,0.77,0.81
2008,194,28.6,21.6,21.31,2.81,84.57,5.61,0.77,0.77
2008,195,28.55,22.0,21.62,0.68,84.89,4.78,0.77,0.76
2008,196,27.11,21.88,21.58,0.28,87.15,3.87,0.76,0.75
2008,197,28.38,22.03,21.58,2.66,85.27,3.88,0.76,0.75
2008,198,26.92,21.7,21.54,1.3,87.82,3.46,0.76,0.76
2008,199,27.68,21.65,21.57,0.22,86.16,3.76,0.76,0.74
2008,200,28.4,21.7,21.67,0.03,86.13,3.35,0.75,0.74
2008,201,28.45,21.41,21.36,0.02,84.62,3.39,0.75,0.73
2008,202,28.19,21.87,21.51,0.14,86.61,2.93,0.75,0.73
2008,203,27.93,21.52,21.35,0.07,85.29,2.57,0.74,0.73
2008,204,28.39,21.37,21.18,0.23,84.36,2.5,0.74,0.72
2008,205,28.58,21.1,21.03,2.51,83.93,2.56,0.74,0.73
2008,206,26.34,21.22,21.44,18.1,89.05,2.79,0.74,0.8
2008,207,25.28,22.41,22.05,24.95,90.88,4.51,0.76,0.85
2008,208,26.38,21.83,21.77,15.44,90.71,4.66,0.77,0.84
2008,209,25.69,21.93,21.81,35.54,90.83,4.74,0.79,0.89
2008,210,24.46,21.84,21.53,41.55,92.29,5.63,0.82,0.93
2008,211,25.58,21.72,21.49,19.27,90.16,5.81,0.84,0.89
2008,212,26.86,21.87,21.72,9.22,88.97,5.66,0.84,0.87
2008,213,27.71,21.76,21.46,1.19,87.44,4.87,0.84,0.84
2008,214,27.39,21.69,21.81,10.27,88.49,4.91,0.84,0.85
2008,215,27.12,22.11,21.75,7.56,88.65,5.18,0.85,0.85
2008,216,26.43,21.81,21.52,5.08,88.41,4.79,0.85,0.84
2008,217,24.62,21.71,21.41,6.6,92.15,4.45,0.85,0.85
2008,218,24.25,21.78,21.95,28.24,94.08,4.8,0.86,0.9
2008,219,24.65,22.15,21.94,14.02,93.07,4.69,0.87,0.89
2008,220,24.52,22.03,21.59,8.43,92.55,4.93,0.88,0.88
2008,221,25.28,22.0,21.71,17.98,92.71,5.96,0.88,0.89
2008,222,24.28,21.81,21.43,47.96,93.27,6.23,0.9,0.95
2008,223,24.03,21.84,21.93,86.16,95.37,6.29,0.92,0.99
2008,224,23.7,22.06,21.98,55.85,95.29,6.4,0.94,0.98
2008,225,25.23,21.99,22.02,20.7,92.76,6.72,0.95,0.95
2008,226,25.1,21.94,22.19,21.37,93.48,5.86,0.95,0.95
2008,227,26.22,21.76,21.77,12.04,91.65,5.12,0.95,0.94
2008,228,24.6,21.32,21.31,5.64,93.09,4.22,0.95,0.93
2008,229,25.94,21.02,21.25,3.03,91.34,3.73,0.95,0.92
2008,230,25.7,21.02,21.41,2.21,91.86,3.58,0.94,0.92
2008,231,27.13,20.69,21.44,0.54,90.26,3.03,0.94,0.91
2008,232,27.0,20.57,21.29,0.1,90.63,2.79,0.93,0.9
2008,233,25.41,20.35,20.97,0.44,91.4,2.49,0.93,0.9
2008,234,26.05,20.14,20.74,0.92,89.85,2.78,0.93,0.89
2008,235,25.96,19.51,20.47,0.51,89.81,2.69,0.92,0.89
2008,236,26.98,19.27,20.64,2.93,88.81,2.51,0.92,0.89
2008,237,28.11,20.15,21.34,1.11,88.45,2.32,0.91,0.88
2008,238,24.92,21.06,21.57,3.26,92.88,2.66,0.91,0.88
2008,239,25.52,20.24,20.46,3.45,90.4,2.03,0.91,0.89
2008,240,27.69,19.31,20.56,0.07,86.55,1.91,0.9,0.87
2008,241,28.08,20.15,21.04,0.11,87.02,1.57,0.9,0.87
2008,242,27.54,20.62,21.43,0.04,88.19,1.45,0.9,0.86
2008,243,28.08,21.27,22.04,2.26,89.27,1.36,0.89,0.87
2008,244,28.54,21.47,22.32,51.38,88.67,1.02,0.9,0.93
2008,245,28.86,21.33,22.19,29.07,87.06,1.14,0.92,0.94
2008,246,29.3,21.57,22.75,70.17,87.77,1.23,0.93,0.97
2008,247,29.09,21.86,22.77,13.15,86.62,1.13,0.94,0.94
2008,248,28.55,22.29,22.91,7.62,89.63,1.82,0.94,0.93
2008,249,26.14,21.56,22.17,5.43,91.74,1.86,0.94,0.92
2008,250,27.08,21.29,21.8,3.44,89.45,1.48,0.94,0.92
2008,251,27.04,21.13,21.83,1.82,90.57,1.94,0.94,0.91
2008,252,25.38,21.28,21.81,43.24,92.69,2.46,0.94,0.95
2008,253,25.37,21.79,22.41,40.88,94.24,2.35,0.96,0.96
2008,254,27.44,21.33,22.25,27.21,90.88,1.83,0.96,0.96
2008,255,26.89,22.09,22.87,17.34,92.55,1.6,0.96,0.96
2008,256,26.9,21.07,22.53,20.34,93.47,2.01,0.97,0.97
2008,257,24.53,20.48,21.46,10.46,95.06,3.93,0.97,0.96
2008,258,25.53,20.61,21.86,13.35,93.26,5.38,0.97,0.96
2008,259,25.37,20.96,21.3,11.25,91.97,5.17,0.97,0.95
2008,260,24.58,20.36,20.94,22.46,92.87,5.08,0.97,0.96
2008,261,24.93,21.07,21.41,11.34,92.8,5.47,0.97,0.96
2008,262,24.92,21.07,21.18,3.61,93.18,4.36,0.96,0.94
2008,263,24.98,21.06,21.77,26.71,94.48,4.18,0.96,0.96
2008,264,26.17,21.45,22.01,20.9,93.4,3.23,0.97,0.97
2008,265,26.79,20.77,21.57,2.37,91.53,2.38,0.97,0.95
2008,266,27.4,20.01,21.06,0.23,89.87,2.06,0.96,0.93
2008,267,26.99,18.97,20.34,0.01,88.85,1.61,0.96,0.92
2008,268,27.56,18.71,20.0,0.37,87.31,1.38,0.95,0.92
2008,269,27.44,18.65,19.86,0.03,87.29,1.51,0.95,0.91
2008,270,26.7,18.01,19.13,0.0,86.89,1.57,0.94,0.9
2008,271,27.74,17.28,18.89,0.0,85.51,1.26,0.93,0.9
2008,272,27.92,18.08,19.54,0.01,85.94,1.36,0.93,0.89
2008,273,28.52,17.99,19.58,0.0,84.65,1.23,0.92,0.89
2008,274,28.93,18.15,19.4,0.0,83.94,1.26,0.92,0.88
2008,275,27.66,17.04,17.98,0.0,82.29,1.28,0.91,0.87
2008,276,28.82,16.74,17.72,0.41,79.46,1.08,0.91,0.87
2008,277,27.89,18.93,20.82,6.0,88.39,1.03,0.9,0.88
2008,278,28.79,20.38,21.8,2.97,85.63,1.12,0.9,0.88
2008,279,27.88,21.31,21.87,2.08,88.14,1.32,0.9,0.88
2008,280,27.53,21.1,21.2,0.74,86.84,1.22,0.9,0.87
2008,281,28.09,20.88,21.52,11.36,87.8,0.91,0.9,0.89
2008,282,27.61,21.0,21.45,2.79,88.17,0.91,0.9,0.88
2008,283,28.44,20.46,21.34,0.87,84.12,1.01,0.9,0.87
2008,284,26.05,21.26,21.05,3.51,85.38,1.28,0.9,0.88
2008,285,28.34,20.32,20.9,1.2,83.51,1.76,0.89,0.87
2008,286,29.45,20.15,20.57,0.18,81.9,2.46,0.89,0.86
2008,287,29.11,19.23,19.19,0.0,79.09,2.56,0.88,0.85
2008,288,29.48,17.1,17.36,0.0,74.43,2.22,0.88,0.85
2008,289,28.82,16.54,16.93,0.0,73.85,2.32,0.87,0.84
2008,290,27.65,17.35,17.11,0.0,75.61,2.44,0.87,0.84
2008,291,28.18,18.65,18.59,0.01,79.41,2.75,0.86,0.84
2008,292,28.77,19.4,20.16,0.44,82.14,3.16,0.86,0.83
2008,293,28.03,20.5,20.49,0.3,84.16,2.9,0.85,0.83
2008,294,26.62,17.56,17.23,0.0,78.11,2.32,0.85,0.83
2008,295,27.57,14.76,14.45,0.0,71.58,2.2,0.84,0.82
2008,296,27.68,13.57,14.44,0.0,72.82,2.58,0.84,0.82
2008,297,28.18,15.38,16.1,0.0,77.3,3.0,0.83,0.81
2008,298,27.51,14.31,14.78,0.0,74.24,3.12,0.83,0.81
2008,299,27.72,13.97,14.24,0.0,72.21,2.38,0.82,0.8
2008,300,27.86,13.29,13.39,0.0,66.22,1.61,0.81,0.8
2008,301,28.87,15.7,13.4,0.0,62.28,1.32,0.81,0.79
2008,302,28.62,14.83,13.87,0.0,66.69,1.17,0.8,0.79
2008,303,28.7,14.26,14.01,0.0,66.63,1.55,0.8,0.78
2008,304,28.67,14.59,14.23,0.0,67.67,1.58,0.79,0.78
2008,305,28.56,14.71,14.48,0.0,68.97,1.78,0.79,0.77
2008,306,28.35,14.46,14.01,0.0,68.23,1.75,0.79,0.77
2008,307,28.44,14.23,13.55,0.0,66.93,1.76,0.78,0.76
2008,308,28.59,13.69,12.41,0.0,63.11,1.83,0.78,0.76
2008,309,28.92,14.03,12.95,0.0,63.03,1.66,0.77,0.75
2008,310,28.94,14.47,12.96,0.0,62.5,1.46,0.77,0.75
2008,311,28.64,13.32,13.01,0.0,64.39,1.69,0.76,0.74
2008,312,27.95,14.64,13.84,0.0,67.76,2.34,0.76,0.74
2008,313,28.04,14.81,14.16,0.0,68.93,1.88,0.75,0.74
2008,314,27.97,13.88,13.72,0.0,68.32,1.87,0.75,0.73
2008,315,28.04,15.11,14.27,0.0,67.62,1.89,0.74,0.73
2008,316,28.55,14.92,15.12,0.0,71.06,1.76,0.74,0.73
2008,317,28.29,14.85,14.99,0.0,70.66,1.43,0.73,0.72
2008,318,28.42,14.83,14.56,0.0,69.35,1.28,0.73,0.72
2008,319,27.28,14.45,13.92,0.0,69.87,1.43,0.73,0.71
2008,320,27.16,14.36,14.46,0.0,73.95,2.09,0.72,0.71
2008,321,28.23,14.94,15.9,0.16,73.83,2.53,0.72,0.71
2008,322,27.91,18.16,19.41,0.06,84.46,4.13,0.72,0.7
2008,323,29.45,20.28,19.91,0.01,78.34,2.25,0.71,0.7
2008,324,29.36,19.1,20.17,0.0,82.49,1.41,0.71,0.7
2008,325,28.19,20.43,20.46,1.21,81.9,1.62,0.71,0.7
2008,326,27.86,20.26,20.16,0.12,82.74,1.93,0.7,0.7
2008,327,28.77,19.16,18.49,0.08,77.47,2.73,0.7,0.69
2008,328,28.21,18.01,17.79,0.01,78.32,2.66,0.7,0.69
2008,329,28.27,15.13,13.36,0.0,65.42,1.91,0.69,0.68
2008,330,28.1,14.55,11.28,0.0,61.54,2.5,0.69,0.68
2008,331,27.5,12.25,8.98,0.0,57.95,3.1,0.68,0.67
2008,332,27.11,12.46,8.39,0.0,55.28,3.39,0.68,0.66
2008,333,24.97,14.05,14.14,0.03,71.69,4.74,0.68,0.66
2008,334,23.5,17.26,18.15,0.31,88.22,4.33,0.67,0.67
2008,335,24.02,19.0,18.85,4.41,88.26,2.61,0.67,0.7
2008,336,26.45,19.14,19.72,12.49,86.05,1.81,0.68,0.75
2008,337,26.24,19.06,19.61,1.68,85.6,1.46,0.69,0.72
2008,338,27.02,18.56,18.43,0.06,78.47,1.44,0.68,0.69
2008,339,26.55,17.88,16.55,0.0,74.6,1.74,0.68,0.69
2008,340,28.52,15.16,12.88,0.0,63.84,2.5,0.68,0.67
2008,341,27.51,13.05,11.14,0.0,62.85,2.56,0.67,0.67
2008,342,28.3,12.94,11.68,0.0,62.21,2.0,0.67,0.66
2008,343,28.44,13.91,12.3,0.0,62.84,1.95,0.67,0.66
2008,344,28.44,13.68,12.85,0.0,63.4,1.63,0.66,0.65
2008,345,29.38,14.79,12.84,0.0,59.54,1.26,0.66,0.65
2008,346,29.18,15.24,13.74,0.0,61.84,1.22,0.66,0.65
2008,347,28.52,15.56,15.1,0.0,67.39,1.34,0.65,0.64
2008,348,28.94,15.52,14.54,0.0,65.75,1.69,0.65,0.64
2008,349,28.43,15.22,14.01,0.0,65.85,2.05,0.65,0.63
2008,350,27.95,16.27,14.32,0.0,67.09,2.35,0.64,0.63
2008,351,27.89,14.52,13.4,0.0,66.11,2.05,0.64,0.63
2008,352,25.98,15.28,13.61,0.0,69.26,2.72,0.64,0.62
2008,353,26.97,15.23,12.68,0.0,67.2,2.95,0.64,0.62
2008,354,25.76,13.76,11.3,0.0,60.67,1.92,0.63,0.62
2008,355,26.3,16.49,13.18,0.0,65.29,1.63,0.63,0.62
2008,356,25.91,15.52,12.41,0.0,63.53,1.48,0.63,0.62
2008,357,28.02,15.26,12.06,0.0,59.28,1.68,0.63,0.61
2008,358,28.88,14.58,11.9,0.0,58.08,1.91,0.62,0.61
2008,359,28.7,14.81,13.19,0.0,65.43,1.51,0.62,0.6
2008,360,28.66,12.66,9.48,0.0,52.86,1.63,0.62,0.6
2008,361,28.71,12.06,8.99,0.0,53.33,1.67,0.61,0.59
2008,362,27.95,12.96,8.15,0.0,53.91,1.36,0.61,0.58
2008,363,28.02,11.23,7.71,0.0,57.43,1.31,0.61,0.58
2008,364,28.35,9.54,6.13,0.0,52.95,1.43,0.61,0.57
2008,365,28.71,10.08,5.88,0.0,50.01,1.41,0.6,0.56
2008,366,28.51,9.58,5.75,0.0,49.58,1.36,0.6,0.55
2009,1,28.75,10.65,6.96,0.0,48.91,1.29,0.6,0.55
2009,2,28.89,11.48,8.38,0.0,49.35,1.48,0.6,0.54
2009,3,28.24,12.9,11.86,0.0,63.17,1.28,0.59,0.54
2009,4,28.45,13.86,12.23,0.0,65.69,1.12,0.59,0.54
2009,5,28.05,13.21,11.6,0.0,66.53,1.64,0.59,0.53
2009,6,27.01,12.7,10.23,0.0,65.23,1.51,0.59,0.53
2009,7,27.67,10.59,9.58,0.0,61.02,1.71,0.59,0.52
2009,8,28.13,12.5,12.13,0.0,66.23,1.82,0.58,0.52
2009,9,28.41,13.63,13.88,0.0,70.57,1.82,0.58,0.52
2009,10,29.62,13.87,13.83,0.0,67.71,1.83,0.58,0.51
2009,11,30.24,14.36,12.16,0.0,59.07,1.6,0.58,0.5
2009,12,29.89,14.57,12.01,0.0,58.34,1.61,0.58,0.5
2009,13,29.2,15.08,11.44,0.0,55.97,2.26,0.57,0.49
2009,14,29.55,15.11,10.39,0.0,53.7,2.65,0.57,0.49
2009,15,29.26,14.99,10.2,0.0,54.04,3.07,0.57,0.48
2009,16,29.46,14.2,9.38,0.0,49.96,2.28,0.57,0.48
2009,17,29.86,13.72,9.57,0.0,50.7,1.85,0.56,0.47
2009,18,30.21,13.95,9.2,0.0,47.7,1.7,0.56,0.47
2009,19,30.52,14.97,9.62,0.0,47.79,2.19,0.56,0.47
2009,20,30.67,14.46,7.13,0.0,42.12,2.47,0.56,0.46
2009,21,31.25,14.23,6.39,0.0,38.7,1.99,0.56,0.46
2009,22,31.71,13.92,8.6,0.0,45.29,1.68,0.56,0.45
2009,23,32.24,14.09,5.41,0.0,36.26,1.97,0.55,0.45
2009,24,33.1,14.15,5.62,0.0,36.38,1.85,0.55,0.45
2009,25,33.02,18.61,8.01,0.0,39.62,0.97,0.55,0.44
2009,26,33.28,14.03,7.15,0.0,42.21,1.79,0.55,0.44
2009,27,32.89,13.75,7.28,0.0,45.09,1.68,0.55,0.43
2009,28,33.63,13.63,6.09,0.0,39.7,1.85,0.54,0.43
2009,29,33.54,15.6,7.16,0.0,39.62,1.59,0.54,0.42
2009,30,34.26,17.2,8.93,0.0,39.99,1.42,0.54,0.42
2009,31,34.17,16.52,9.06,0.0,41.83,1.73,0.54,0.42
2009,32,33.88,17.19,7.55,0.0,38.33,1.73,0.54,0.41
2009,33,32.91,15.1,6.19,0.0,38.17,1.88,0.54,0.41
2009,34,32.79,16.41,5.7,0.0,36.91,1.9,0.53,0.41
2009,35,32.09,16.04,5.78,0.0,40.2,2.0,0.53,0.41
2009,36,31.74,13.48,6.44,0.0,47.23,1.89,0.53,0.4
2009,37,32.59,12.61,7.26,0.0,48.33,1.76,0.53,0.4
2009,38,33.67,13.69,6.01,0.0,39.76,2.06,0.53,0.4
2009,39,33.77,15.09,8.03,0.0,41.25,1.47,0.53,0.39
2009,40,33.92,15.88,6.7,0.0,37.6,1.81,0.53,0.39
2009,41,30.36,14.92,7.29,0.0,43.86,2.36,0.52,0.39
2009,42,32.09,12.01,7.45,0.0,54.7,2.13,0.52,0.39
2009,43,31.96,11.15,2.02,0.0,35.84,1.77,0.52,0.39
2009,44,30.98,15.23,5.91,0.0,41.86,1.78,0.52,0.39
2009,45,32.37,12.72,8.79,0.0,53.79,1.7,0.52,0.39
2009,46,33.25,13.76,9.09,0.0,51.54,1.63,0.52,0.38
2009,47,33.69,14.35,7.42,0.0,39.75,1.72,0.52,0.38
2009,48,34.32,17.56,9.93,0.0,41.17,1.89,0.52,0.37
2009,49,33.82,17.85,9.4,0.0,40.13,1.42,0.51,0.37
2009,50,34.44,16.43,7.41,0.0,35.36,1.31,0.51,0.36
2009,51,34.65,17.61,8.67,0.0,35.35,2.12,0.51,0.36
2009,52,35.29,17.47,7.37,0.0,33.19,1.74,0.51,0.35
2009,53,36.0,18.67,7.94,0.0,35.82,1.5,0.51,0.35
2009,54,35.27,19.25,7.76,0.0,34.84,2.05,0.51,0.34
2009,55,34.45,17.68,4.45,0.0,30.68,2.42,0.51,0.33
2009,56,36.58,16.01,5.24,0.0,33.91,2.02,0.51,0.33
2009,57,37.4,16.09,4.01,0.0,30.69,1.63,0.51,0.31
2009,58,37.75,17.76,4.41,0.0,27.5,2.02,0.5,0.3
2009,59,38.14,18.36,3.06,0.0,24.76,2.19,0.5,0.29
2009,60,38.25,17.95,4.11,0.0,26.36,1.85,0.5,0.28
2009,61,38.06,17.96,2.3,0.0,22.72,1.94,0.5,0.27
2009,62,38.06,18.63,1.05,0.0,20.28,1.76,0.5,0.27
2009,63,38.06,17.37,1.16,0.0,21.97,1.72,0.5,0.26
2009,64,37.48,18.58,3.98,0.0,27.48,2.19,0.5,0.25
2009,65,36.64,17.85,4.65,0.0,29.76,2.29,0.5,0.25
2009,66,36.96,16.65,2.94,0.0,27.39,2.42,0.5,0.25
2009,67,36.98,17.87,4.39,0.0,28.86,2.05,0.5,0.24
2009,68,36.84,19.2,10.06,0.0,43.07,1.93,0.5,0.24
2009,69,36.92,20.52,8.61,0.0,32.54,2.9,0.5,0.24
2009,70,36.86,20.63,9.73,0.0,34.14,1.28,0.5,0.24
2009,71,37.22,20.47,8.02,0.0,29.54,1.63,0.5,0.23
2009,72,36.37,21.78,10.63,1.62,36.11,1.9,0.5,0.24
2009,73,30.41,20.93,14.14,0.26,52.83,1.62,0.5,0.3
2009,74,34.64,18.85,13.47,1.32,50.7,2.29,0.5,0.32
2009,75,35.96,19.55,10.78,0.01,44.18,1.66,0.5,0.32
2009,76,36.31,18.55,6.85,0.0,31.2,1.56,0.5,0.29
2009,77,37.01,19.41,5.52,0.0,27.56,1.95,0.5,0.27
2009,78,37.08,18.51,6.74,0.0,31.71,2.66,0.5,0.26
2009,79,36.21,16.86,10.7,0.0,48.67,2.57,0.5,0.25
2009,80,35.98,16.35,10.77,0.0,51.57,2.65,0.5,0.25
2009,81,35.61,17.28,9.23,0.0,42.26,2.06,0.49,0.24
2009,82,37.39,19.2,8.9,0.0,32.66,2.48,0.49,0.23
2009,83,36.85,19.92,10.86,0.0,42.66,2.89,0.49,0.23
2009,84,37.3,18.99,8.38,0.0,35.74,2.01,0.49,0.22
2009,85,37.25,19.69,7.19,0.0,31.43,2.53,0.49,0.22
2009,86,37.22,17.78,7.9,0.0,38.13,2.24,0.49,0.21
2009,87,38.51,17.69,8.71,0.0,38.95,2.24,0.49,0.21
2009,88,38.36,20.83,8.61,0.0,31.78,2.12,0.49,0.2
2009,89,39.53,22.51,7.81,0.0,26.66,1.7,0.49,0.2
2009,90,39.82,21.9,7.14,0.0,25.78,2.24,0.49,0.19
2009,91,40.05,22.02,7.51,0.01,28.49,1.98,0.49,0.19
2009,92,39.92,22.18,9.5,0.01,33.43,2.48,0.49,0.19
2009,93,38.9,22.12,12.17,0.0,43.89,1.81,0.49,0.18
2009,94,36.72,22.96,13.1,0.0,45.51,1.49,0.49,0.18
2009,95,38.46,22.69,11.38,0.0,40.41,1.69,0.49,0.18
2009,96,39.52,21.79,10.04,0.0,32.82,2.49,0.49,0.18
2009,97,38.97,23.31,8.94,0.53,27.58,2.81,0.49,0.18
2009,98,36.84,20.47,10.63,0.2,38.99,2.94,0.49,0.2
2009,99,37.75,15.94,6.59,0.0,40.51,2.18,0.49,0.2
2009,100,39.53,18.94,6.19,0.0,31.56,1.49,0.49,0.19
2009,101,39.7,21.95,7.08,0.0,26.8,1.64,0.49,0.18
2009,102,39.74,21.75,6.95,0.0,25.8,2.25,0.49,0.18
2009,103,40.72,20.69,7.04,0.0,32.7,2.17,0.49,0.17
2009,104,40.3,20.42,10.58,0.0,42.79,2.64,0.49,0.17
2009,105,39.34,19.81,12.07,0.0,45.47,3.31,0.49,0.17
2009,106,38.4,20.78,14.28,0.0,50.15,3.13,0.49,0.16
2009,107,39.52,20.05,11.6,0.0,43.75,3.01,0.49,0.16
2009,108,41.84,21.72,6.13,0.0,25.76,2.37,0.49,0.16
2009,109,42.54,24.13,7.17,0.0,26.53,2.35,0.49,0.15
2009,110,39.56,22.95,16.68,0.0,55.4,3.69,0.49,0.15
2009,111,38.58,20.54,14.57,0.0,52.36,3.59,0.49,0.15
2009,112,37.05,19.37,11.85,0.0,48.36,2.94,0.49,0.15
2009,113,38.73,18.7,9.05,0.0,41.64,2.62,0.49,0.15
2009,114,39.98,20.76,3.28,0.0,21.5,2.43,0.49,0.15
2009,115,40.14,22.78,4.71,0.0,21.48,2.43,0.49,0.14
2009,116,40.26,23.43,7.45,0.0,25.88,1.62,0.49,0.14
2009,117,41.62,22.73,5.32,0.0,23.99,2.33,0.49,0.14
2009,118,41.57,21.55,8.2,0.0,36.6,2.15,0.49,0.14
2009,119,40.98,22.36,11.88,0.0,45.59,1.89,0.49,0.13
2009,120,40.64,22.18,13.55,0.0,47.26,2.43,0.49,0.13
2009,121,40.59,20.88,12.95,0.0,45.9,2.92,0.49,0.13
2009,122,39.97,21.41,12.78,0.0,43.11,3.13,0.49,0.13
2009,123,40.02,21.67,10.54,0.0,35.88,3.1,0.49,0.13
2009,124,39.74,20.6,12.34,0.0,43.94,3.43,0.49,0.13
2009,125,38.61,20.88,14.79,0.0,51.63,2.75,0.49,0.13
2009,126,37.79,21.12,13.39,0.0,48.1,2.72,0.49,0.12
2009,127,38.81,21.26,13.25,0.0,43.05,2.46,0.49,0.12
2009,128,37.69,23.1,13.61,0.0,43.62,2.29,0.49,0.12
2009,129,38.65,22.16,13.03,0.0,43.71,3.12,0.49,0.12
2009,130,37.95,21.15,13.31,0.0,48.76,3.5,0.49,0.12
2009,131,38.12,20.63,14.31,0.0,52.46,3.55,0.49,0.12
2009,132,39.01,19.57,13.03,0.0,51.93,3.44,0.49,0.12
2009,133,39.22,21.8,17.57,0.0,59.39,3.82,0.49,0.12
2009,134,37.91,21.9,17.86,0.01,59.74,4.12,0.49,0.12
2009,135,37.68,22.54,18.4,0.11,61.05,3.98,0.49,0.12
2009,136,37.98,22.73,18.58,0.0,60.48,3.96,0.49,0.12
2009,137,39.87,22.87,17.92,1.15,55.78,3.09,0.49,0.13
2009,138,30.22,24.4,19.2,0.4,61.83,1.22,0.49,0.18
2009,139,37.28,23.77,18.79,0.02,57.28,2.01,0.49,0.18
2009,140,36.37,22.91,18.57,0.7,59.04,2.33,0.49,0.19
2009,141,36.39,23.22,19.36,0.65,61.33,1.97,0.49,0.21
2009,142,34.31,23.52,20.19,0.03,65.03,3.72,0.49,0.21
2009,143,36.15,23.07,18.36,0.0,59.08,3.99,0.49,0.21
2009,144,36.29,23.37,18.55,0.0,61.29,4.31,0.49,0.2
2009,145,36.33,22.11,17.32,0.0,57.71,4.02,0.49,0.2
2009,146,37.16,22.68,18.02,0.05,58.24,4.18,0.49,0.19
2009,147,38.15,22.68,17.87,0.02,58.3,3.84,0.49,0.19
2009,148,38.61,23.29,17.94,0.0,56.05,3.92,0.49,0.18
2009,149,36.38,23.78,18.87,0.0,60.52,4.23,0.49,0.18
2009,150,36.82,23.14,18.67,0.0,59.74,4.31,0.49,0.18
2009,151,37.37,22.83,18.69,0.0,59.15,4.28,0.49,0.18
2009,152,34.42,23.52,20.42,0.14,67.39,4.39,0.49,0.17
2009,153,30.7,23.61,21.02,0.03,73.73,3.7,0.49,0.18
2009,154,32.65,23.67,21.27,0.02,72.22,4.06,0.49,0.18
2009,155,31.77,23.93,21.46,0.01,73.91,3.97,0.49,0.18
2009,156,32.18,23.78,22.2,41.61,78.55,3.34,0.51,0.54
2009,157,27.54,21.76,21.33,31.46,83.61,3.5,0.54,0.77
2009,158,28.67,22.66,21.72,6.78,83.06,3.86,0.56,0.67
2009,159,30.95,22.62,21.25,1.16,78.31,4.03,0.56,0.58
2009,160,32.93,21.99,20.65,0.24,73.61,3.71,0.55,0.55
2009,161,33.4,22.26,20.19,0.0,70.03,3.85,0.55,0.52
2009,162,33.83,22.38,20.14,0.13,69.75,3.91,0.55,0.51
2009,163,33.3,21.85,20.03,0.02,70.33,4.02,0.55,0.5
2009,164,34.42,21.9,19.84,0.0,68.64,3.57,0.54,0.49
2009,165,34.04,22.41,19.78,0.01,68.3,4.17,0.54,0.49
2009,166,33.96,22.07,19.92,0.0,68.69,4.2,0.54,0.48
2009,167,32.64,23.16,20.76,0.0,72.13,3.95,0.54,0.48
2009,168,32.66,23.09,20.99,0.0,72.63,4.11,0.54,0.48
2009,169,33.61,23.27,21.25,1.66,72.78,3.25,0.53,0.49
2009,170,29.43,23.29,21.26,0.27,77.38,2.26,0.53,0.5
2009,171,29.27,23.24,22.49,43.86,85.2,1.64,0.55,0.72
2009,172,29.64,21.89,21.58,5.71,82.25,3.0,0.57,0.67
2009,173,30.19,21.25,20.72,1.56,78.7,4.3,0.57,0.6
2009,174,29.86,22.07,21.24,3.01,79.99,4.35,0.57,0.59
2009,175,29.07,22.25,21.47,3.57,81.87,4.05,0.57,0.6
2009,176,29.49,22.92,21.69,6.62,80.72,4.43,0.57,0.61
2009,177,27.52,22.91,21.98,14.52,85.31,4.84,0.58,0.69
2009,178,28.92,23.27,22.65,10.41,87.19,5.37,0.59,0.7
2009,179,28.51,21.34,21.2,6.2,85.52,5.18,0.6,0.67
2009,180,28.95,21.28,21.03,3.9,83.27,4.93,0.6,0.65
2009,181,29.18,21.53,21.27,2.16,82.68,5.11,0.6,0.62
2009,182,27.57,22.52,21.96,4.54,86.09,4.91,0.6,0.63
2009,183,26.14,22.85,22.7,21.82,90.81,5.95,0.61,0.74
2009,184,26.27,21.75,21.6,21.86,87.55,5.54,0.63,0.76
2009,185,26.83,21.46,21.33,41.99,88.11,5.15,0.65,0.85
2009,186,26.71,21.16,21.21,10.01,86.91,3.13,0.67,0.78
2009,187,28.61,22.06,22.64,10.66,88.83,2.48,0.68,0.76
2009,188,28.11,22.48,22.15,19.99,86.62,2.19,0.68,0.79
2009,189,26.0,22.3,22.48,20.64,91.87,3.1,0.7,0.83
2009,190,26.56,22.58,22.57,21.78,91.4,3.65,0.72,0.83
2009,191,26.61,21.58,21.76,15.29,88.7,3.7,0.73,0.82
2009,192,27.6,22.48,22.02,6.72,87.64,6.28,0.74,0.78
2009,193,28.14,22.32,21.76,3.49,85.62,6.09,0.74,0.76
2009,194,27.23,22.25,22.06,41.64,88.51,6.78,0.75,0.87
2009,195,25.25,22.4,22.39,115.25,93.24,6.71,0.79,0.97
2009,196,25.95,22.73,22.42,86.16,92.15,6.89,0.83,0.96
2009,197,25.82,22.94,22.6,17.29,92.26,6.62,0.85,0.9
2009,198,27.67,22.54,22.19,8.2,88.18,7.21,0.85,0.87
2009,199,27.37,22.18,21.93,6.87,88.03,6.91,0.85,0.86
2009,200,27.48,21.91,21.76,5.68,87.48,6.31,0.85,0.85
2009,201,27.03,21.86,21.93,7.4,88.74,6.39,0.85,0.85
2009,202,25.57,22.69,22.4,28.41,93.12,5.83,0.86,0.91
2009,203,24.38,22.33,22.25,44.06,94.48,6.63,0.88,0.96
2009,204,25.71,21.96,22.19,24.9,91.86,6.97,0.9,0.93
2009,205,26.38,21.03,21.34,11.2,89.18,6.44,0.91,0.91
2009,206,27.03,22.3,22.09,4.58,89.75,6.16,0.91,0.89
2009,207,26.31,21.43,21.37,4.84,89.05,6.26,0.9,0.89
2009,208,26.5,21.62,21.48,5.99,89.46,6.26,0.9,0.89
2009,209,26.92,21.98,21.82,4.92,89.04,6.53,0.9,0.88
2009,210,27.57,22.05,22.02,1.29,88.98,5.56,0.9,0.87
2009,211,27.76,21.58,21.72,0.4,88.06,4.97,0.89,0.86
2009,212,27.81,21.71,21.73,0.12,88.29,4.57,0.89,0.86
2009,213,27.15,21.74,21.71,0.71,89.18,4.43,0.88,0.86
2009,214,27.14,21.8,21.64,0.74,89.49,4.43,0.88,0.85
2009,215,27.19,21.47,21.43,0.62,88.26,4.67,0.87,0.85
2009,216,27.27,21.32,21.26,0.36,87.99,5.12,0.87,0.84
2009,217,27.44,21.56,21.43,0.13,87.63,5.45,0.86,0.84
2009,218,27.73,21.75,21.48,0.53,87.53,5.29,0.86,0.84
2009,219,27.14,21.81,21.61,2.76,88.72,5.36,0.86,0.84
2009,220,27.65,21.55,21.58,2.8,88.07,5.01,0.85,0.84
2009,221,27.41,21.45,21.43,0.89,87.96,4.75,0.85,0.83
2009,222,27.34,21.3,21.43,0.98,88.83,4.22,0.85,0.83
2009,223,26.47,21.31,21.51,1.53,89.37,3.64,0.84,0.83
2009,224,26.76,21.21,21.57,0.78,89.14,3.34,0.84,0.83
2009,225,27.51,21.51,21.67,0.28,88.17,3.44,0.84,0.82
2009,226,27.89,21.48,21.39,0.13,86.78,3.64,0.83,0.82
2009,227,26.78,21.4,21.37,3.0,88.31,3.6,0.83,0.82
2009,228,28.17,21.5,21.51,2.2,86.61,3.46,0.83,0.82
2009,229,28.42,20.91,21.36,2.09,86.14,2.38,0.82,0.81
2009,230,26.45,21.62,22.14,17.0,91.23,1.93,0.83,0.86
2009,231,27.28,22.24,22.82,95.05,90.33,1.05,0.85,0.94
2009,232,27.45,21.73,22.2,84.04,88.17,0.95,0.88,0.97
2009,233,25.96,21.45,21.58,31.8,90.06,1.78,0.9,0.95
2009,234,27.03,20.88,21.91,32.84,91.48,2.29,0.91,0.95
2009,235,26.38,21.61,22.49,13.65,93.06,2.31,0.93,0.93
2009,236,26.79,22.13,22.43,32.84,92.22,2.81,0.93,0.95
2009,237,27.52,21.67,22.07,16.05,90.5,3.39,0.94,0.94
2009,238,26.03,21.36,21.61,2.88,90.86,3.52,0.94,0.92
2009,239,25.79,21.21,21.49,1.83,91.42,3.54,0.94,0.91
2009,240,26.62,21.31,21.82,2.13,90.34,3.7,0.93,0.9
2009,241,26.96,22.26,22.36,6.69,90.69,4.43,0.93,0.91
2009,242,27.4,21.64,21.91,3.19,90.13,4.25,0.93,0.9
2009,243,26.58,21.33,21.92,2.03,90.91,2.72,0.92,0.9
2009,244,27.29,21.44,22.03,8.12,90.17,2.27,0.92,0.9
2009,245,24.95,21.04,20.81,5.1,91.26,2.83,0.92,0.9
2009,246,24.01,20.44,21.08,33.28,94.42,3.72,0.93,0.94
2009,247,25.3,21.14,21.54,25.09,93.31,4.05,0.94,0.95
2009,248,25.65,21.48,22.07,6.62,92.94,4.01,0.95,0.93
2009,249,26.74,20.98,21.55,3.96,90.08,3.45,0.94,0.92
2009,250,26.63,20.73,21.3,2.63,90.16,2.92,0.94,0.91
2009,251,27.72,21.44,21.86,0.76,90.01,2.85,0.93,0.9
2009,252,27.66,20.89,21.86,0.07,89.78,2.49,0.93,0.9
2009,253,27.79,20.56,21.87,1.1,89.39,2.35,0.92,0.89
2009,254,27.61,20.96,21.72,1.68,88.69,1.68,0.92,0.89
2009,255,28.46,21.68,22.33,3.13,88.67,1.68,0.92,0.89
2009,256,28.61,22.08,22.97,1.19,89.83,1.97,0.91,0.88
2009,257,29.49,21.9,22.51,16.78,86.83,1.87,0.91,0.91
2009,258,28.61,21.48,22.14,3.76,88.16,1.94,0.92,0.9
2009,259,28.29,20.5,21.36,0.1,87.15,1.87,0.91,0.88
2009,260,28.18,20.02,21.28,4.01,86.49,1.59,0.91,0.88
2009,261,29.84,18.83,20.27,0.22,82.19,1.73,0.9,0.87
2009,262,29.41,19.5,21.19,1.76,85.22,1.56,0.9,0.87
2009,263,28.75,20.71,21.78,0.31,86.85,1.76,0.89,0.86
2009,264,29.26,20.86,22.11,8.42,85.9,1.34,0.89,0.88
2009,265,29.24,21.54,22.28,22.16,85.08,0.97,0.89,0.91
2009,266,29.33,21.95,22.56,5.32,86.74,1.05,0.9,0.89
2009,267,27.9,21.99,22.32,3.52,88.82,1.43,0.9,0.88
2009,268,29.45,21.48,22.34,0.7,87.08,1.41,0.9,0.87
2009,269,29.99,21.5,22.13,0.01,86.35,1.88,0.89,0.86
2009,270,29.06,20.62,21.56,0.3,86.57,1.95,0.89,0.86
2009,271,27.01,21.02,21.68,0.95,89.63,2.31,0.88,0.86
2009,272,27.94,21.93,22.66,11.42,91.09,2.48,0.88,0.88
2009,273,26.86,22.47,22.85,7.99,92.9,2.44,0.89,0.88
2009,274,29.57,22.03,22.72,6.01,87.99,2.14,0.89,0.88
2009,275,29.19,20.27,22.25,9.63,87.79,1.99,0.89,0.88
2009,276,26.81,22.7,22.77,16.06,92.54,3.54,0.89,0.9
2009,277,25.19,22.29,22.55,39.55,94.85,4.77,0.91,0.94
2009,278,24.64,22.22,22.3,44.7,94.77,4.91,0.93,0.96
2009,279,26.57,21.87,22.3,16.02,92.7,3.71,0.94,0.94
2009,280,26.09,19.96,21.15,4.99,91.04,2.41,0.94,0.92
2009,281,26.19,18.59,19.62,0.99,88.98,1.82,0.94,0.91
2009,282,26.81,18.07,18.89,0.03,86.04,1.41,0.93,0.9
2009,283,27.46,17.06,18.82,0.0,84.75,1.1,0.93,0.89
2009,284,26.11,18.87,19.67,0.0,87.05,1.64,0.92,0.89
2009,285,25.36,19.98,20.14,13.33,87.88,1.94,0.92,0.91
2009,286,27.39,19.79,19.54,3.6,80.6,1.45,0.92,0.9
2009,287,28.37,19.6,19.85,0.03,79.68,0.89,0.92,0.89
2009,288,27.9,19.88,19.14,0.0,78.02,1.23,0.92,0.88
2009,289,28.58,18.02,18.33,0.12,73.31,1.17,0.91,0.88
2009,290,26.87,20.4,18.75,0.0,75.66,0.95,0.91,0.88
2009,291,29.13,18.92,17.63,0.0,70.91,1.08,0.9,0.87
2009,292,28.76,17.2,17.79,0.0,73.8,1.51,0.9,0.86
2009,293,28.91,18.0,17.92,0.0,74.19,1.48,0.89,0.86
2009,294,28.62,17.75,17.69,0.0,74.18,1.44,0.89,0.85
2009,295,28.46,18.29,17.34,0.25,72.03,1.46,0.88,0.85
2009,296,28.75,17.39,16.3,0.01,70.94,1.6,0.88,0.84
2009,297,28.32,14.98,13.63,0.0,64.3,1.64,0.87,0.84
2009,298,28.07,14.16,13.32,0.0,64.54,1.5,0.86,0.83
2009,299,28.05,14.61,13.84,0.0,66.33,1.83,0.86,0.83
2009,300,27.77,15.19,13.87,0.0,67.54,2.07,0.85,0.83
2009,301,28.4,14.58,15.11,0.0,70.77,2.53,0.85,0.82
2009,302,29.04,17.62,17.38,0.0,74.99,2.7,0.84,0.82
2009,303,28.69,18.02,18.61,0.0,80.72,2.5,0.84,0.82
2009,304,29.0,14.97,13.53,0.0,66.35,2.49,0.83,0.81
2009,305,28.74,14.44,12.9,0.0,64.72,2.34,0.83,0.8
2009,306,28.04,13.55,12.47,0.0,65.6,2.78,0.82,0.8
2009,307,28.11,13.62,13.42,0.0,68.19,2.8,0.82,0.8
2009,308,28.25,14.11,14.02,0.0,69.39,2.54,0.81,0.79
2009,309,28.12,15.73,16.56,0.0,75.75,2.69,0.81,0.79
2009,310,28.72,17.75,18.2,0.0,77.71,2.64,0.8,0.78
2009,311,28.72,18.77,19.26,0.0,80.64,2.38,0.8,0.78
2009,312,28.65,19.23,19.77,0.51,82.03,2.31,0.79,0.77
2009,313,23.6,19.42,19.24,1.43,88.85,2.9,0.79,0.78
2009,314,20.81,19.01,18.4,48.54,92.56,4.4,0.8,0.9
2009,315,24.3,18.95,20.62,43.54,93.52,5.39,0.84,0.95
2009,316,26.14,19.73,20.75,3.63,91.04,2.7,0.86,0.88
2009,317,26.25,18.38,19.6,0.03,88.24,1.65,0.85,0.84
2009,318,24.61,19.0,19.87,3.19,92.53,1.18,0.85,0.85
2009,319,27.12,19.28,20.45,18.02,89.06,1.22,0.85,0.88
2009,320,26.61,19.81,20.58,6.0,89.81,1.28,0.86,0.87
2009,321,23.81,19.88,20.15,7.87,91.65,1.35,0.86,0.87
2009,322,26.85,18.55,19.45,0.36,86.73,1.23,0.87,0.85
2009,323,27.16,17.21,18.14,0.01,83.45,1.77,0.86,0.84
2009,324,26.89,15.29,15.94,0.0,76.15,1.75,0.86,0.84
2009,325,26.96,14.03,14.83,0.0,74.6,1.52,0.85,0.83
2009,326,26.67,13.36,14.52,0.0,74.93,1.76,0.85,0.83
2009,327,26.86,13.1,13.76,0.0,70.41,1.56,0.84,0.82
2009,328,26.89,15.34,14.26,0.0,68.62,1.65,0.84,0.82
2009,329,27.77,15.21,15.39,0.0,71.06,1.15,0.84,0.82
2009,330,27.82,15.82,16.81,0.0,75.78,1.2,0.83,0.81
2009,331,25.81,16.39,16.73,0.0,80.02,2.06,0.83,0.82
2009,332,26.03,15.06,14.32,0.0,72.33,2.12,0.82,0.81
2009,333,24.83,12.4,11.69,0.0,68.67,1.91,0.82,0.81
2009,334,25.2,11.41,11.21,0.0,67.92,1.97,0.82,0.8
2009,335,25.37,11.36,11.27,0.0,67.83,2.02,0.81,0.8
2009,336,26.47,12.2,12.17,0.0,68.96,2.36,0.81,0.79
2009,337,26.4,12.77,12.24,0.0,66.36,2.11,0.8,0.79
2009,338,24.52,13.91,13.3,0.0,72.84,1.69,0.8,0.79
2009,339,24.43,14.75,13.88,0.0,71.92,1.53,0.8,0.79
2009,340,27.09,14.43,14.67,0.0,72.73,1.49,0.8,0.78
2009,341,26.95,13.73,14.79,0.0,74.93,1.13,0.79,0.78
2009,342,27.18,14.0,15.27,0.0,74.01,1.31,0.79,0.78
2009,343,27.4,14.53,14.32,0.0,68.34,1.65,0.79,0.77
2009,344,26.53,13.85,13.76,0.0,70.02,1.66,0.78,0.77
2009,345,26.21,13.83,13.9,0.0,73.76,2.22,0.78,0.76
2009,346,26.14,14.09,13.86,0.0,71.19,2.25,0.77,0.76
2009,347,27.28,13.26,13.03,0.0,65.41,1.53,0.77,0.76
2009,348,27.87,14.11,14.86,0.0,68.65,1.54,0.77,0.75
2009,349,27.96,16.86,16.56,0.0,72.47,1.54,0.76,0.75
2009,350,27.57,16.93,17.03,0.0,78.88,2.17,0.76,0.75
2009,351,26.35,16.41,17.47,0.15,83.2,1.86,0.76,0.74
2009,352,26.8,15.58,17.03,0.0,81.28,1.19,0.75,0.74
2009,353,26.96,16.41,16.61,0.0,76.78,2.49,0.75,0.74
2009,354,27.74,15.91,15.72,0.0,72.58,1.97,0.75,0.73
2009,355,26.88,14.82,14.94,0.0,73.53,2.49,0.74,0.73
2009,356,26.51,15.07,15.2,0.0,73.45,2.21,0.74,0.73
2009,357,26.21,14.39,12.99,0.0,69.26,2.11,0.74,0.72
2009,358,25.64,11.62,9.39,0.0,62.11,2.28,0.73,0.72
2009,359,25.16,11.11,7.51,0.0,53.02,1.76,0.73,0.72
2009,360,25.96,12.71,10.18,0.0,60.36,1.31,0.73,0.71
2009,361,25.94,11.78,12.3,0.0,72.18,1.54,0.72,0.71
2009,362,25.55,10.96,11.43,0.01,73.29,1.41,0.72,0.71
2009,363,24.11,12.63,11.01,0.02,69.26,1.12,0.72,0.71
2009,364,25.03,12.05,10.06,0.0,65.41,1.44,0.71,0.7
2009,365,26.75,9.47,10.05,0.0,64.0,1.56,0.71,0.7
2010,1,27.65,11.81,12.5,0.0,67.61,2.02,0.71,0.7
2010,2,27.53,13.88,12.56,0.32,62.68,2.15,0.7,0.69
2010,3,27.74,13.84,14.1,0.04,71.74,1.64,0.7,0.69
2010,4,27.49,15.27,15.74,0.0,78.58,1.73,0.7,0.69
2010,5,27.34,13.14,14.56,0.0,75.63,1.28,0.7,0.69
2010,6,27.29,12.97,12.08,0.0,65.32,2.37,0.69,0.68
2010,7,26.41,13.04,10.44,0.0,60.19,2.67,0.69,0.68
2010,8,26.28,10.63,8.38,0.0,54.0,1.62,0.69,0.67
2010,9,27.29,13.06,12.65,0.0,63.89,1.73,0.68,0.67
2010,10,28.48,14.29,14.87,0.0,69.74,1.67,0.68,0.67
2010,11,27.13,17.72,17.99,0.56,82.06,1.75,0.68,0.67
2010,12,25.89,15.72,17.17,0.75,85.41,2.07,0.68,0.68
2010,13,24.87,12.67,13.16,0.03,75.55,1.83,0.67,0.67
2010,14,27.46,10.82,10.83,0.0,62.4,2.42,0.67,0.66
2010,15,28.15,13.9,14.0,0.0,69.0,2.87,0.67,0.65
2010,16,27.46,14.61,13.35,0.0,64.11,2.14,0.66,0.65
2010,17,27.16,14.74,13.68,0.0,69.02,1.29,0.66,0.65
2010,18,27.23,13.35,12.15,0.0,64.56,1.33,0.66,0.64
2010,19,27.87,12.63,11.47,0.0,59.98,1.32,0.65,0.64
2010,20,27.74,13.34,10.6,0.0,57.91,2.11,0.65,0.63
2010,21,27.44,11.89,7.42,0.0,48.9,2.03,0.65,0.62
2010,22,27.23,10.47,5.35,0.0,44.43,1.73,0.65,0.62
2010,23,27.26,10.3,4.78,0.0,41.63,1.71,0.64,0.61
2010,24,27.26,10.94,7.64,0.0,51.41,1.24,0.64,0.61
2010,25,27.67,11.4,9.16,0.0,55.47,1.81,0.64,0.6
2010,26,27.22,12.46,9.41,0.0,55.95,2.17,0.63,0.6
2010,27,27.14,12.43,8.46,0.0,52.7,2.07,0.63,0.59
2010,28,27.72,12.14,8.89,0.0,54.62,1.72,0.63,0.59
2010,29,27.72,12.46,10.57,0.0,59.15,1.35,0.62,0.58
2010,30,28.77,14.03,10.52,0.0,52.44,1.78,0.62,0.58
2010,31,28.97,14.9,12.16,0.0,58.66,1.35,0.62,0.57
2010,32,28.2,14.02,11.42,0.0,59.76,1.63,0.62,0.57
2010,33,28.59,13.84,11.33,0.0,60.17,1.72,0.61,0.56
2010,34,28.13,14.79,11.01,0.0,60.68,1.79,0.61,0.56
2010,35,27.57,13.07,12.86,0.0,73.16,1.73,0.61,0.55
2010,36,29.35,13.49,14.64,0.0,73.76,1.62,0.61,0.55
2010,37,29.76,13.36,11.42,0.0,57.85,1.87,0.6,0.54
2010,38,29.92,15.46,11.87,0.0,52.62,2.08,0.6,0.53
2010,39,30.27,16.15,13.44,0.0,61.76,2.1,0.6,0.53
2010,40,28.92,15.8,15.0,0.0,73.1,1.84,0.6,0.53
2010,41,29.02,15.11,14.44,0.0,72.17,1.78,0.59,0.52
2010,42,28.9,15.23,11.97,0.01,62.27,1.88,0.59,0.52
2010,43,27.89,14.3,13.86,0.02,72.62,1.7,0.59,0.51
2010,44,30.42,13.56,13.77,0.02,69.09,2.08,0.59,0.51
2010,45,30.29,14.98,8.69,0.0,48.43,1.93,0.58,0.5
2010,46,30.12,16.1,7.07,0.02,43.09,1.48,0.58,0.5
2010,47,32.6,14.5,7.43,0.0,41.36,2.17,0.58,0.48
2010,48,32.92,14.07,7.32,0.0,39.96,2.04,0.58,0.47
2010,49,33.76,15.37,6.95,0.0,37.19,1.95,0.57,0.47
2010,50,33.7,18.13,8.42,0.0,39.53,1.71,0.57,0.46
2010,51,34.54,16.17,8.48,0.0,39.3,1.85,0.57,0.45
2010,52,34.71,19.6,9.67,0.0,40.11,1.74,0.57,0.45
2010,53,33.49,18.04,11.04,0.0,46.89,1.79,0.56,0.45
2010,54,32.17,16.17,10.35,0.0,50.96,2.38,0.56,0.44
2010,55,29.4,13.9,8.13,0.0,52.16,2.19,0.56,0.44
2010,56,31.94,12.45,8.06,0.0,57.96,1.69,0.56,0.44
2010,57,34.05,12.71,6.82,0.0,47.29,1.41,0.55,0.43
2010,58,35.07,15.02,5.94,0.0,35.83,1.27,0.55,0.43
2010,59,35.51,17.01,7.57,0.0,35.45,1.71,0.55,0.42
2010,60,35.24,17.43,8.01,0.0,36.21,1.7,0.55,0.41
2010,61,34.78,18.07,9.43,0.0,40.54,1.83,0.55,0.41
2010,62,33.46,18.75,10.92,0.0,46.27,2.44,0.54,0.41
2010,63,33.17,17.59,8.81,0.0,41.88,2.32,0.54,0.41
2010,64,33.52,15.76,12.46,0.0,57.22,2.34,0.54,0.41
2010,65,31.67,16.58,13.9,0.0,64.5,2.34,0.54,0.41
2010,66,32.24,15.85,11.58,0.0,58.83,2.43,0.54,0.41
2010,67,35.14,15.46,8.64,0.0,42.43,1.94,0.54,0.4
2010,68,37.21,16.92,8.38,0.0,34.88,1.91,0.53,0.39
2010,69,37.02,20.99,11.27,0.05,37.57,1.92,0.53,0.39
2010,70,36.41,22.87,15.74,0.06,48.57,1.58,0.53,0.39
2010,71,36.06,23.57,16.74,11.71,52.63,1.76,0.53,0.51
2010,72,36.04,22.23,14.97,0.05,48.22,1.88,0.54,0.5
2010,73,35.05,21.14,8.79,0.0,35.67,2.38,0.53,0.46
2010,74,34.67,18.42,6.08,0.0,35.34,2.09,0.53,0.44
2010,75,36.51,16.87,7.6,0.0,39.47,1.79,0.53,0.43
2010,76,37.67,18.66,8.21,0.0,36.28,1.49,0.53,0.42
2010,77,36.83,21.73,11.54,0.0,36.61,1.66,0.53,0.41
2010,78,37.38,21.41,11.45,0.0,37.59,1.83,0.52,0.4
2010,79,38.38,22.85,10.69,0.0,36.92,1.49,0.52,0.39
2010,80,38.89,20.42,11.05,0.0,41.17,1.57,0.52,0.39
2010,81,38.85,19.61,7.71,0.0,33.57,1.9,0.52,0.38
2010,82,37.14,19.11,5.41,0.0,30.24,2.6,0.52,0.37
2010,83,36.97,19.14,7.23,0.0,34.91,2.32,0.52,0.37
2010,84,36.91,19.39,8.6,0.0,38.7,1.91,0.51,0.36
2010,85,37.1,18.66,10.04,0.0,43.23,2.4,0.51,0.36
2010,86,38.08,18.52,10.41,0.0,44.56,1.94,0.51,0.35
2010,87,39.18,18.92,10.3,0.0,39.55,2.02,0.51,0.34
2010,88,38.51,22.29,12.77,0.0,43.67,2.58,0.51,0.33
2010,89,35.62,19.71,9.95,0.0,41.72,2.87,0.51,0.33
2010,90,35.48,17.2,12.32,0.0,57.21,2.97,0.51,0.32
2010,91,34.37,17.86,13.39,0.0,60.18,2.97,0.51,0.32
2010,92,36.04,18.27,13.92,0.0,57.77,2.62,0.51,0.32
2010,93,37.43,18.67,7.36,0.0,38.35,2.71,0.5,0.31
2010,94,39.22,18.48,2.74,0.0,23.22,2.3,0.5,0.29
2010,95,39.72,19.34,2.75,0.0,21.96,2.44,0.5,0.28
2010,96,40.79,20.93,4.35,0.0,23.98,1.75,0.5,0.27
2010,97,39.34,21.99,11.2,0.0,38.03,1.6,0.5,0.26
2010,98,36.16,23.87,13.8,0.0,42.15,1.87,0.5,0.26
2010,99,35.07,23.49,16.2,0.0,53.12,2.35,0.5,0.27
2010,100,33.13,22.12,15.3,0.0,53.85,1.8,0.5,0.27
2010,101,39.64,20.62,11.54,0.0,44.26,2.48,0.5,0.27
2010,102,36.31,21.85,10.55,0.0,35.89,2.47,0.5,0.26
2010,103,35.77,21.35,10.99,0.0,42.34,2.12,0.5,0.26
2010,104,39.3,19.53,13.72,0.0,52.08,2.32,0.5,0.26
2010,105,40.72,21.37,15.17,0.0,49.45,2.05,0.5,0.25
2010,106,41.79,23.14,14.39,0.03,43.11,2.37,0.5,0.24
2010,107,38.84,21.93,14.9,0.0,46.29,2.23,0.5,0.24
2010,108,40.62,23.67,12.5,0.0,39.4,2.85,0.5,0.23
2010,109,38.74,21.94,14.79,0.0,49.98,3.02,0.5,0.23
2010,110,38.49,20.54,14.55,0.0,52.62,3.2,0.5,0.23
2010,111,38.88,20.84,14.73,0.0,51.62,3.01,0.5,0.22
2010,112,40.66,20.78,14.19,0.0,46.18,2.79,0.49,0.22
2010,113,40.7,23.39,11.57,0.0,31.38,2.59,0.49,0.22
2010,114,39.92,24.7,10.4,0.0,30.67,2.31,0.49,0.21
2010,115,39.44,22.23,13.0,0.0,39.44,2.86,0.49,0.21
2010,116,40.47,22.89,13.55,0.0,39.25,2.75,0.49,0.2
2010,117,40.92,23.78,12.05,0.0,37.1,2.3,0.49,0.2
2010,118,39.93,22.66,13.47,0.0,40.51,2.72,0.49,0.2
2010,119,38.8,23.41,14.27,0.11,44.09,1.76,0.49,0.2
2010,120,34.46,24.38,15.82,0.33,50.52,1.48,0.49,0.21
2010,121,31.17,23.68,17.47,0.82,57.48,1.12,0.49,0.23
2010,122,33.47,23.51,16.49,1.21,52.4,1.37,0.49,0.27
2010,123,35.39,22.81,17.02,0.42,53.6,1.24,0.49,0.29
2010,124,38.46,23.11,16.08,0.03,48.24,2.32,0.49,0.28
2010,125,38.7,22.28,16.37,0.01,51.87,3.29,0.49,0.27
2010,126,39.01,21.86,16.22,0.0,51.8,3.39,0.49,0.26
2010,127,40.0,22.59,16.32,0.9,48.12,2.4,0.49,0.25
2010,128,37.92,24.95,15.74,0.23,43.5,2.39,0.49,0.27
2010,129,36.72,23.88,17.55,0.0,53.63,2.71,0.49,0.26
2010,130,37.37,22.64,15.8,0.0,49.71,3.06,0.49,0.25
2010,131,38.48,22.29,14.5,0.0,48.47,3.44,0.49,0.24
2010,132,38.4,22.0,17.07,0.0,55.9,3.45,0.49,0.23
2010,133,39.47,22.3,17.53,0.0,56.57,3.63,0.49,0.23
2010,134,36.92,22.95,18.0,0.0,58.49,3.51,0.49,0.22
2010,135,39.33,21.66,16.68,0.0,54.53,3.4,0.49,0.22
2010,136,40.0,22.4,17.39,0.0,55.79,3.47,0.49,0.21
2010,137,39.83,23.83,17.85,0.0,54.66,4.13,0.49,0.21
2010,138,41.92,23.94,17.15,0.0,49.96,3.61,0.49,0.2
2010,139,40.26,24.35,18.09,0.0,53.85,3.7,0.49,0.2
2010,140,40.09,24.53,18.8,0.0,57.66,4.46,0.49,0.19
2010,141,35.66,24.47,20.79,0.0,65.42,4.07,0.49,0.19
2010,142,37.21,24.69,20.48,0.0,63.11,4.52,0.49,0.19
2010,143,38.57,24.09,19.8,0.0,60.08,4.46,0.49,0.19
2010,144,38.64,23.96,19.35,0.0,59.22,4.68,0.49,0.19
2010,145,35.92,24.57,21.02,0.0,66.96,5.06,0.49,0.18
2010,146,35.17,24.88,21.48,0.0,68.28,5.1,0.49,0.18
2010,147,36.35,24.21,21.1,0.0,66.45,4.63,0.49,0.18
2010,148,35.92,24.6,20.89,0.0,65.52,4.47,0.49,0.18
2010,149,37.3,23.79,19.23,0.0,59.82,4.37,0.49,0.18
2010,150,37.74,22.9,17.64,0.0,55.17,3.7,0.49,0.18
2010,151,37.66,23.77,19.76,14.51,64.08,3.29,0.49,0.36
2010,152,31.75,23.58,22.28,47.93,79.38,2.84,0.52,0.77
2010,153,30.62,22.85,21.97,12.81,79.78,3.0,0.55,0.7
2010,154,30.53,22.73,21.87,2.92,78.53,2.74,0.55,0.6
2010,155,32.87,22.89,21.49,0.77,75.25,3.45,0.55,0.56
2010,156,32.95,22.94,21.53,0.07,74.45,4.23,0.55,0.52
2010,157,31.03,23.53,21.83,1.68,77.46,4.3,0.55,0.52
2010,158,31.19,22.69,21.52,4.08,77.35,4.19,0.55,0.56
2010,159,31.86,22.81,21.27,1.49,74.6,3.36,0.55,0.54
2010,160,33.75,23.11,20.95,1.06,70.35,2.86,0.55,0.52
2010,161,31.26,23.84,22.13,14.88,78.1,2.25,0.55,0.62
2010,162,28.96,23.51,23.26,51.79,85.66,1.78,0.57,0.79
2010,163,28.76,23.58,23.01,12.76,86.65,1.84,0.6,0.75
2010,164,27.96,22.19,22.48,10.71,87.38,1.9,0.61,0.71
2010,165,28.39,21.8,22.04,86.36,86.64,1.33,0.63,0.9
2010,166,26.22,23.03,23.42,71.03,92.93,5.26,0.69,0.95
2010,167,26.11,23.98,23.2,32.7,90.72,5.0,0.72,0.91
2010,168,28.84,23.7,23.33,10.02,88.15,4.59,0.74,0.83
2010,169,29.05,23.03,22.93,8.75,86.5,3.33,0.74,0.81
2010,170,29.76,23.57,23.53,4.09,87.7,2.3,0.74,0.79
2010,171,29.4,23.3,23.25,2.68,86.2,0.89,0.74,0.77
2010,172,29.13,23.21,22.63,0.71,85.55,3.97,0.74,0.75
2010,173,29.02,23.17,23.38,17.43,88.35,4.02,0.74,0.81
2010,174,27.29,21.4,22.27,20.7,89.21,4.58,0.76,0.84
2010,175,27.06,21.26,22.05,25.76,89.7,4.55,0.77,0.87
2010,176,26.49,22.07,21.94,7.45,89.37,4.07,0.78,0.83
2010,177,29.47,22.09,22.31,1.59,86.38,2.42,0.78,0.79
2010,178,30.0,21.97,22.51,3.48,85.17,3.15,0.78,0.79
2010,179,27.47,22.22,22.48,8.38,90.1,4.35,0.78,0.82
2010,180,26.43,21.86,22.6,1.56,91.6,4.2,0.79,0.79
2010,181,28.45,23.1,22.65,3.51,86.94,3.94,0.78,0.79
2010,182,26.78,22.4,22.32,18.39,89.46,3.25,0.79,0.84
2010,183,25.47,19.57,19.85,11.72,84.74,3.43,0.8,0.85
2010,184,25.03,18.96,19.84,15.37,88.26,3.41,0.8,0.85
2010,185,27.62,20.35,20.92,2.91,86.02,4.4,0.81,0.82
2010,186,27.95,21.83,21.6,11.48,85.61,4.9,0.81,0.83
2010,187,27.43,22.92,22.66,10.36,90.21,5.26,0.82,0.85
2010,188,27.69,22.14,22.19,30.11,87.71,4.3,0.82,0.89
2010,189,26.9,22.32,22.28,21.31,89.02,4.66,0.84,0.9
2010,190,28.0,21.75,22.35,9.03,88.32,4.26,0.85,0.87
2010,191,28.31,22.57,22.72,9.5,88.02,3.53,0.85,0.86
2010,192,26.61,22.81,22.65,3.41,90.65,3.73,0.85,0.85
2010,193,26.53,22.2,22.3,5.98,90.04,4.1,0.85,0.85
2010,194,26.96,22.52,22.08,7.59,88.92,4.85,0.85,0.86
2010,195,27.43,22.16,22.01,4.54,88.75,3.71,0.85,0.85
2010,196,27.31,21.74,22.06,3.76,89.16,3.39,0.85,0.85
2010,197,26.07,21.14,21.66,15.54,89.62,3.57,0.85,0.88
2010,198,27.55,21.34,21.46,4.74,87.8,3.71,0.86,0.86
2010,199,28.34,22.26,22.74,6.51,89.64,4.44,0.86,0.86
2010,200,26.82,23.12,23.1,10.77,91.64,5.28,0.86,0.87
2010,201,26.51,23.0,23.1,11.42,92.24,5.15,0.87,0.88
2010,202,25.32,22.96,23.08,27.0,94.0,4.74,0.88,0.91
2010,203,26.31,23.28,22.96,30.59,92.35,6.01,0.9,0.93
2010,204,25.03,23.2,22.89,24.45,94.07,5.55,0.91,0.93
2010,205,25.05,22.82,23.0,50.36,95.03,5.25,0.92,0.96
2010,206,24.49,22.73,22.65,71.06,95.2,5.94,0.94,0.98
2010,207,24.62,22.94,22.74,71.08,95.21,6.81,0.95,0.99
2010,208,26.69,22.66,22.77,29.37,92.45,6.54,0.96,0.97
2010,209,27.03,22.15,22.53,12.74,91.34,4.77,0.96,0.95
2010,210,25.29,22.09,22.18,15.85,93.83,4.03,0.96,0.95
2010,211,26.82,22.1,22.43,15.43,91.97,4.14,0.96,0.95
2010,212,25.62,22.46,22.62,24.3,93.79,5.19,0.96,0.96
2010,213,25.51,22.5,22.44,20.29,92.97,6.25,0.96,0.96
2010,214,25.19,22.46,22.54,24.52,94.09,6.42,0.96,0.97
2010,215,25.81,22.83,22.64,17.82,92.68,6.48,0.97,0.96
2010,216,26.1,22.0,22.02,2.58,91.88,5.34,0.96,0.94
2010,217,26.61,21.82,21.97,0.28,90.77,4.29,0.96,0.93
2010,218,25.32,21.5,21.9,14.39,92.95,3.86,0.95,0.94
2010,219,23.97,20.75,20.83,11.16,92.38,4.18,0.96,0.94
2010,220,26.47,21.43,21.83,2.68,90.67,4.82,0.96,0.93
2010,221,26.15,21.3,21.43,1.66,90.36,4.8,0.95,0.92
2010,222,27.52,21.22,21.82,1.38,89.16,4.02,0.95,0.91
2010,223,27.99,21.63,22.35,6.16,90.35,3.69,0.94,0.91
2010,224,27.29,21.98,22.58,7.07,92.31,3.31,0.94,0.92
2010,225,26.08,21.88,22.11,3.28,92.38,3.49,0.94,0.91
2010,226,26.39,21.31,21.61,2.86,90.54,2.23,0.94,0.91
2010,227,28.31,21.31,22.13,2.15,88.6,1.86,0.93,0.9
2010,228,26.09,21.73,22.09,16.72,91.44,1.52,0.93,0.92
2010,229,27.37,21.25,22.57,59.34,93.2,3.21,0.94,0.97
2010,230,24.07,21.79,22.09,20.8,94.86,3.74,0.96,0.95
2010,231,27.09,21.3,22.03,10.3,91.28,2.82,0.96,0.94
2010,232,26.43,21.42,21.99,5.27,91.69,2.38,0.96,0.93
2010,233,26.64,21.38,21.9,3.06,92.44,3.02,0.95,0.93
2010,234,27.06,20.77,21.57,1.6,90.2,2.86,0.95,0.92
2010,235,27.46,21.12,22.06,2.72,90.43,3.16,0.95,0.92
2010,236,27.17,22.07,22.46,3.53,90.85,2.95,0.94,0.92
2010,237,27.21,21.85,22.22,5.07,91.12,2.78,0.94,0.91
2010,238,25.47,21.27,21.95,30.67,93.12,2.5,0.94,0.95
2010,239,27.14,20.85,21.94,13.5,91.13,2.31,0.95,0.94
2010,240,27.34,21.84,22.76,28.81,92.6,2.8,0.95,0.96
2010,241,25.61,22.27,22.7,68.41,94.77,4.52,0.96,0.98
2010,242,25.52,21.76,22.11,45.34,94.19,5.64,0.97,0.99
2010,243,23.29,21.93,21.58,27.77,94.33,5.99,0.97,0.98
2010,244,26.32,21.88,22.04,11.86,92.29,5.05,0.97,0.97
2010,245,26.35,21.59,22.01,1.38,91.56,4.39,0.97,0.95
2010,246,25.5,21.5,21.78,0.98,92.64,3.85,0.96,0.94
2010,247,25.68,21.62,21.81,2.27,92.35,4.15,0.96,0.93
2010,248,25.81,22.07,22.28,5.24,93.27,3.96,0.96,0.94
2010,249,26.14,22.18,22.3,6.67,92.3,4.04,0.96,0.94
2010,250,26.16,21.7,21.97,5.62,92.08,3.95,0.96,0.93
2010,251,26.01,21.56,21.94,25.56,92.67,3.79,0.96,0.96
2010,252,23.62,19.81,20.1,8.29,92.3,3.29,0.96,0.94
2010,253,26.23,19.71,21.09,2.2,91.29,3.21,0.96,0.93
2010,254,26.64,20.15,21.36,0.31,91.16,2.9,0.95,0.92
2010,255,26.78,20.23,21.51,0.69,90.99,2.37,0.95,0.92
2010,256,25.96,20.26,21.21,0.8,91.37,1.84,0.94,0.91
2010,257,26.99,20.64,21.63,1.54,90.55,2.09,0.94,0.91
2010,258,26.66,20.91,21.58,0.66,90.77,2.22,0.94,0.9
2010,259,26.62,20.69,21.61,2.09,90.92,1.76,0.93,0.9
2010,260,25.64,21.26,21.66,9.44,91.94,2.21,0.93,0.91
2010,261,26.74,20.87,21.68,8.7,91.21,2.97,0.93,0.91
2010,262,28.36,21.12,21.93,3.99,88.65,1.54,0.93,0.91
2010,263,27.63,21.53,21.86,1.13,88.52,0.98,0.93,0.9
2010,264,28.16,21.35,21.76,12.57,87.64,0.95,0.93,0.92
2010,265,26.91,21.81,22.11,1.64,90.62,1.04,0.93,0.9
2010,266,28.46,21.32,22.37,0.08,89.13,1.16,0.93,0.9
2010,267,28.68,21.52,21.65,2.07,85.89,0.98,0.93,0.9
2010,268,29.0,20.16,21.29,1.21,85.07,0.96,0.92,0.89
2010,269,28.33,20.68,21.75,9.24,85.38,1.32,0.92,0.9
2010,270,28.23,21.48,22.17,17.46,86.84,1.54,0.92,0.92
2010,271,28.06,21.83,22.3,2.62,87.59,2.32,0.93,0.9
2010,272,28.14,21.57,22.05,23.21,85.89,1.75,0.93,0.93
2010,273,28.87,21.33,21.93,1.71,85.31,1.78,0.93,0.91
2010,274,28.76,19.59,19.77,0.01,80.6,2.54,0.93,0.89
2010,275,28.76,18.29,20.23,0.0,83.2,2.21,0.92,0.89
2010,276,27.24,20.61,21.75,7.51,89.94,1.54,0.92,0.9
2010,277,28.16,20.97,21.98,97.99,88.3,1.39,0.93,0.96
2010,278,28.83,20.69,21.83,34.64,86.8,1.56,0.95,0.96
2010,279,29.21,19.88,21.2,1.49,85.08,1.36,0.95,0.93
2010,280,30.05,19.38,20.04,0.0,79.32,1.32,0.95,0.91
2010,281,29.31,18.12,18.58,0.0,75.9,1.4,0.94,0.91
2010,282,28.49,19.85,19.08,0.0,77.97,1.35,0.94,0.9
2010,283,27.39,19.8,20.18,0.78,86.96,1.57,0.93,0.9
2010,284,26.47,19.14,20.23,3.67,88.42,1.44,0.93,0.9
2010,285,27.4,19.88,20.89,3.24,88.71,1.53,0.92,0.9
2010,286,27.96,20.94,20.39,2.46,81.98,0.76,0.92,0.89
2010,287,28.2,19.31,20.13,1.39,83.98,1.1,0.92,0.89
2010,288,28.1,20.28,20.66,1.08,85.95,1.57,0.91,0.88
2010,289,26.83,20.22,21.17,1.43,89.63,1.89,0.91,0.88
2010,290,26.39,20.48,21.54,16.84,90.72,1.86,0.91,0.91
2010,291,25.76,21.81,22.42,21.52,94.4,2.54,0.92,0.93
2010,292,25.66,21.33,21.67,10.22,93.1,3.3,0.93,0.92
2010,293,27.71,20.38,21.54,3.45,89.93,1.76,0.93,0.9
2010,294,27.73,20.17,22.17,1.64,92.17,1.63,0.93,0.9
2010,295,26.43,21.46,21.88,8.15,90.97,1.35,0.93,0.91
2010,296,27.74,20.78,21.72,2.55,89.51,1.51,0.93,0.9
2010,297,27.65,20.3,21.0,0.08,88.58,1.47,0.92,0.89
2010,298,27.49,19.75,19.83,0.0,82.21,1.36,0.92,0.89
2010,299,28.34,19.23,19.22,0.0,80.62,2.34,0.91,0.88
2010,300,27.92,18.39,18.48,0.0,80.13,2.45,0.91,0.88
2010,301,27.55,16.7,17.19,0.0,78.37,2.38,0.9,0.87
2010,302,27.4,16.31,16.33,0.0,76.01,2.4,0.9,0.87
2010,303,27.31,15.93,16.55,0.0,78.13,2.76,0.89,0.86
2010,304,27.06,17.14,16.94,0.0,78.97,3.05,0.89,0.86
2010,305,26.49,15.69,16.1,0.0,79.89,2.9,0.88,0.85
2010,306,27.1,15.03,17.42,0.0,81.54,2.51,0.88,0.85
2010,307,28.19,19.0,20.59,0.06,86.64,2.2,0.87,0.85
2010,308,28.17,20.06,20.63,1.43,83.5,1.73,0.87,0.85
2010,309,27.23,20.12,21.22,12.86,89.4,1.37,0.87,0.88
2010,310,24.94,19.73,20.98,2.16,92.22,1.27,0.87,0.87
2010,311,25.23,16.75,17.41,0.05,83.19,2.76,0.87,0.85
2010,312,27.26,18.81,20.39,1.97,88.33,3.7,0.87,0.85
2010,313,27.69,20.6,21.11,3.16,87.27,4.0,0.87,0.85
2010,314,28.59,19.55,20.93,0.12,86.61,1.34,0.86,0.84
2010,315,28.3,20.72,21.46,0.62,86.94,1.08,0.86,0.84
2010,316,26.34,20.85,21.34,0.16,91.24,1.14,0.86,0.84
2010,317,28.07,20.11,21.45,5.26,88.62,1.14,0.86,0.85
2010,318,27.44,20.17,21.15,5.81,86.57,1.41,0.86,0.86
2010,319,26.34,20.78,21.1,9.56,89.42,1.68,0.86,0.87
2010,320,26.5,20.04,19.85,1.85,85.02,1.86,0.86,0.86
2010,321,27.35,18.63,19.3,0.53,83.43,2.31,0.86,0.84
2010,322,27.55,19.63,20.33,0.19,85.9,2.2,0.86,0.84
2010,323,26.78,19.48,19.78,0.73,84.38,1.4,0.85,0.84
2010,324,26.53,18.68,19.94,0.78,87.96,1.01,0.85,0.84
2010,325,23.22,19.81,20.51,7.28,94.89,1.14,0.85,0.86
2010,326,25.62,18.7,19.55,3.74,87.65,1.02,0.86,0.86
2010,327,25.86,18.98,19.75,4.72,89.95,1.79,0.86,0.85
2010,328,26.77,18.37,19.46,2.99,87.26,1.31,0.86,0.85
2010,329,27.84,18.38,19.67,0.46,84.46,1.13,0.85,0.84
2010,330,26.46,19.93,20.22,0.0,86.32,1.28,0.85,0.84
2010,331,26.97,18.58,19.15,0.0,81.35,1.41,0.85,0.83
2010,332,27.41,16.28,16.7,0.0,75.83,1.91,0.84,0.83
2010,333,27.47,15.69,17.41,0.0,80.86,1.89,0.84,0.82
2010,334,27.34,17.39,17.42,0.0,77.73,2.1,0.84,0.82
2010,335,26.92,16.2,17.01,0.0,77.25,1.79,0.83,0.82
2010,336,27.0,15.86,17.44,0.0,80.83,1.58,0.83,0.81
2010,337,26.96,17.12,18.03,0.0,82.23,2.22,0.82,0.81
2010,338,26.42,17.09,17.45,0.0,80.63,2.1,0.82,0.8
2010,339,25.9,16.79,16.53,0.0,79.77,2.4,0.82,0.8
2010,340,24.64,14.24,13.9,0.0,76.25,2.67,0.81,0.8
2010,341,25.86,13.04,15.23,0.0,78.36,2.41,0.81,0.79
2010,342,26.8,16.66,18.09,0.0,83.85,2.08,0.8,0.79
2010,343,26.68,16.61,18.25,0.08,86.52,1.44,0.8,0.79
2010,344,25.17,14.68,16.05,0.01,84.33,1.45,0.8,0.78
2010,345,23.1,13.14,13.66,0.0,79.48,1.41,0.79,0.78
2010,346,21.82,11.86,13.0,0.0,83.91,1.24,0.79,0.78
2010,347,23.44,10.81,12.74,0.0,80.37,0.97,0.79,0.78
2010,348,25.53,10.81,11.96,0.0,72.47,1.6,0.78,0.77
2010,349,25.34,11.54,11.94,0.0,71.43,2.27,0.78,0.77
2010,350,24.6,10.88,10.58,0.0,67.81,1.96,0.78,0.77
2010,351,24.79,9.68,9.11,0.0,63.8,1.58,0.77,0.76
2010,352,24.76,9.65,8.35,0.0,63.43,2.3,0.77,0.76
2010,353,24.63,9.6,7.72,0.0,61.95,3.41,0.77,0.75
2010,354,25.08,8.79,7.79,0.0,62.65,2.92,0.76,0.75
2010,355,25.98,9.59,8.34,0.0,59.87,2.18,0.76,0.74
2010,356,25.72,9.05,8.78,0.0,62.1,1.44,0.75,0.74
2010,357,26.06,11.14,10.38,0.0,65.83,1.3,0.75,0.74
2010,358,26.29,10.61,10.95,0.0,67.14,1.1,0.75,0.74
2010,359,26.34,10.22,9.23,0.0,58.14,1.38,0.74,0.73
2010,360,25.7,10.09,11.07,0.0,67.91,1.6,0.74,0.73
2010,361,25.64,11.22,13.47,0.0,75.31,1.6,0.74,0.73
2010,362,25.78,12.61,14.27,0.0,76.87,1.84,0.73,0.73
2010,363,25.82,12.87,13.33,0.0,74.38,1.95,0.73,0.72
2010,364,25.89,12.11,13.66,0.0,77.31,1.39,0.73,0.72
2010,365,23.82,11.7,11.99,0.0,74.69,1.7,0.73,0.72
2011,1,24.62,9.95,12.59,0.0,77.41,1.34,0.72,0.72
2011,2,25.84,13.12,15.27,0.0,81.55,1.96,0.72,0.72
2011,3,26.51,14.7,15.75,0.0,78.92,2.6,0.72,0.71
2011,4,26.53,14.22,15.86,0.0,78.15,2.34,0.72,0.71
2011,5,26.17,14.71,14.75,0.0,74.1,1.81,0.71,0.71
2011,6,25.78,12.66,11.17,0.0,67.09,2.7,0.71,0.7
2011,7,25.69,9.65,6.35,0.0,53.8,2.43,0.71,0.69
2011,8,26.33,9.34,7.38,0.0,56.27,2.01,0.7,0.69
2011,9,26.98,9.69,7.76,0.0,56.08,1.96,0.7,0.69
2011,10,27.07,10.27,6.74,0.0,51.91,2.34,0.7,0.68
2011,11,26.99,9.19,6.94,0.0,53.02,1.65,0.69,0.68
2011,12,27.8,9.61,6.96,0.0,50.8,1.64,0.69,0.68
2011,13,28.28,10.2,7.38,0.0,49.95,1.57,0.69,0.67
2011,14,27.78,10.22,8.95,0.0,58.33,1.9,0.68,0.67
2011,15,27.97,10.44,9.32,0.0,60.06,1.48,0.68,0.67
2011,16,27.56,10.25,9.06,0.0,57.74,1.52,0.68,0.67
2011,17,27.86,10.88,9.85,0.0,60.12,1.75,0.67,0.66
2011,18,28.4,12.69,9.39,0.0,55.12,1.38,0.67,0.66
2011,19,28.76,10.55,7.87,0.0,52.59,1.61,0.67,0.65
2011,20,29.57,12.14,9.97,0.0,57.28,1.73,0.66,0.65
2011,21,28.92,11.62,7.28,0.0,48.56,2.09,0.66,0.64
2011,22,28.87,10.95,7.42,0.0,49.55,1.68,0.66,0.64
2011,23,28.89,11.13,8.09,0.0,50.28,1.52,0.65,0.63
2011,24,28.87,11.67,8.55,0.0,50.68,1.59,0.65,0.63
2011,25,29.12,12.08,10.14,0.0,57.52,1.66,0.65,0.62
2011,26,29.28,11.95,9.98,0.0,55.71,1.87,0.64,0.62
2011,27,29.8,13.3,10.71,0.0,56.74,2.13,0.64,0.61
2011,28,29.29,12.65,10.04,0.0,56.97,2.02,0.64,0.61
2011,29,29.58,12.66,8.8,0.0,52.06,1.46,0.63,0.6
2011,30,29.02,11.21,9.16,0.0,55.88,1.66,0.63,0.59
2011,31,29.89,12.46,9.91,0.0,53.28,1.95,0.63,0.59
2011,32,29.53,13.47,11.25,0.0,56.81,1.6,0.62,0.58
2011,33,30.19,13.62,10.43,0.0,52.61,1.82,0.62,0.58
2011,34,30.02,13.82,9.02,0.0,48.14,2.38,0.62,0.57
2011,35,30.03,13.8,9.62,0.0,51.5,2.08,0.61,0.56
2011,36,30.77,12.51,7.04,0.0,45.03,1.87,0.61,0.55
2011,37,31.17,12.49,8.12,0.0,47.29,2.05,0.61,0.55
2011,38,30.51,13.5,8.7,0.0,50.21,1.53,0.6,0.54
2011,39,30.2,11.93,8.48,0.0,52.77,1.79,0.6,0.54
2011,40,30.32,12.51,9.21,0.0,55.46,1.77,0.6,0.53
2011,41,31.25,12.4,8.37,0.0,51.32,1.64,0.6,0.53
2011,42,31.16,13.47,7.94,0.0,44.37,1.6,0.59,0.52
2011,43,31.32,14.33,8.77,0.0,44.85,1.32,0.59,0.51
2011,44,31.18,16.18,9.42,0.0,48.73,1.4,0.59,0.51
2011,45,30.31,14.57,9.94,0.0,54.8,1.76,0.59,0.5
2011,46,28.6,13.84,13.17,0.0,72.01,2.11,0.58,0.5
2011,47,26.19,14.58,14.16,0.0,75.27,2.26,0.58,0.5
2011,48,27.61,12.68,11.13,0.0,65.92,1.59,0.58,0.5
2011,49,28.82,12.69,10.09,0.0,61.34,1.91,0.58,0.49
2011,50,29.79,11.86,8.67,0.0,57.34,1.88,0.57,0.48
2011,51,28.67,11.87,6.34,0.0,48.63,2.3,0.57,0.48
2011,52,30.98,11.4,6.44,0.0,42.26,2.43,0.57,0.47
2011,53,31.69,13.46,9.8,0.0,47.55,2.16,0.57,0.47
2011,54,30.84,19.16,12.16,0.0,50.5,1.63,0.57,0.46
2011,55,30.91,17.44,10.91,0.0,50.32,1.73,0.56,0.46
2011,56,30.68,15.15,9.47,0.0,50.58,1.68,0.56,0.46
2011,57,31.85,13.04,6.21,0.0,41.23,1.48,0.56,0.45
2011,58,32.75,15.3,11.6,0.0,47.0,1.61,0.56,0.45
2011,59,32.81,20.78,14.61,0.4,51.47,1.75,0.55,0.45
2011,60,32.94,20.49,14.66,0.0,53.65,2.12,0.55,0.44
2011,61,34.1,19.71,12.27,0.0,44.58,1.58,0.55,0.44
2011,62,34.6,19.9,11.11,0.2,41.11,2.22,0.55,0.43
2011,63,34.98,19.27,11.15,0.02,42.97,2.03,0.55,0.43
2011,64,35.14,18.73,11.28,0.0,42.71,1.72,0.54,0.42
2011,65,36.16,18.72,9.57,0.0,37.7,1.77,0.54,0.41
2011,66,36.92,18.63,9.22,0.0,37.09,1.86,0.54,0.41
2011,67,36.69,18.47,8.66,0.0,34.99,2.05,0.54,0.4
2011,68,34.6,17.56,6.17,0.0,33.88,2.28,0.54,0.4
2011,69,34.73,14.94,4.21,0.0,35.52,1.94,0.53,0.4
2011,70,35.37,14.19,2.43,0.0,29.41,1.82,0.53,0.39
2011,71,35.6,15.68,2.72,0.0,27.5,2.42,0.53,0.39
2011,72,36.25,16.04,2.72,0.0,26.78,2.16,0.53,0.38
2011,73,36.24,18.03,3.65,0.0,27.71,1.79,0.53,0.38
2011,74,37.08,16.58,1.73,0.0,24.38,2.27,0.53,0.38
2011,75,37.0,17.78,-0.01,0.0,21.02,3.1,0.52,0.37
2011,76,37.43,16.97,0.14,0.0,20.49,2.35,0.52,0.36
2011,77,37.39,20.25,4.63,0.0,28.09,1.45,0.52,0.36
2011,78,36.62,18.73,9.59,0.0,41.46,2.07,0.52,0.36
2011,79,36.03,17.59,8.14,0.0,42.0,2.36,0.52,0.36
2011,80,34.87,17.27,9.75,0.0,46.73,2.3,0.52,0.36
2011,81,35.67,16.22,10.33,0.0,52.21,2.24,0.51,0.36
2011,82,36.09,16.72,7.72,0.0,41.72,2.19,0.51,0.35
2011,83,35.8,16.91,8.9,0.0,40.66,2.19,0.51,0.34
2011,84,35.8,17.82,10.5,0.0,44.36,2.19,0.51,0.34
2011,85,36.79,18.41,9.47,0.0,38.27,1.92,0.51,0.33
2011,86,37.95,20.68,7.95,0.0,32.57,2.25,0.51,0.32
2011,87,38.69,19.57,6.77,0.0,33.76,2.04,0.51,0.31
2011,88,38.23,18.84,5.17,0.0,27.86,2.81,0.51,0.3
2011,89,38.01,19.13,3.8,0.0,23.46,2.77,0.51,0.29
2011,90,37.35,20.0,4.24,0.0,24.7,3.03,0.5,0.29
2011,91,35.78,18.43,6.08,0.0,34.17,2.78,0.5,0.28
2011,92,35.67,15.58,9.73,0.0,49.65,2.25,0.5,0.28
2011,93,34.43,16.98,11.75,0.0,55.94,2.55,0.5,0.28
2011,94,34.97,16.51,9.5,0.0,50.16,2.02,0.5,0.28
2011,95,36.84,17.36,7.12,0.0,40.63,1.81,0.5,0.27
2011,96,38.17,17.58,9.41,0.0,46.4,2.23,0.5,0.27
2011,97,37.13,18.12,11.92,0.0,48.82,2.45,0.5,0.26
2011,98,37.61,19.23,13.87,0.05,51.5,1.84,0.5,0.26
2011,99,37.95,21.45,11.48,0.0,43.67,1.58,0.5,0.25
2011,100,37.54,21.18,13.53,0.0,42.84,1.8,0.5,0.25
2011,101,36.67,22.99,13.87,0.0,43.19,1.84,0.5,0.25
2011,102,37.75,23.66,13.63,0.29,40.21,2.02,0.5,0.25
2011,103,38.45,22.91,14.41,0.08,45.51,2.15,0.5,0.25
2011,104,38.42,20.5,14.11,0.0,49.31,2.41,0.5,0.25
2011,105,37.91,20.58,14.28,0.0,52.08,2.46,0.5,0.24
2011,106,38.54,21.85,16.23,0.0,53.29,2.82,0.5,0.24
2011,107,39.13,21.75,14.42,0.0,46.04,2.54,0.5,0.24
2011,108,37.55,22.16,14.84,0.0,49.02,2.18,0.5,0.23
2011,109,38.85,21.24,13.3,0.0,46.42,2.61,0.5,0.23
2011,110,38.32,20.5,13.49,0.0,49.8,2.29,0.49,0.22
2011,111,38.44,20.36,13.37,0.0,47.96,2.35,0.49,0.22
2011,112,38.31,20.35,13.71,0.0,51.08,2.55,0.49,0.22
2011,113,38.81,20.5,13.24,0.0,42.86,1.8,0.49,0.21
2011,114,36.96,23.58,14.33,6.47,43.39,1.7,0.49,0.29
2011,115,36.72,21.67,15.36,9.37,52.37,1.41,0.51,0.55
2011,116,38.4,19.94,13.3,0.0,48.5,1.61,0.5,0.45
2011,117,39.28,20.26,13.8,0.0,49.98,1.91,0.5,0.42
2011,118,39.47,20.69,15.26,0.0,55.86,2.17,0.5,0.39
2011,119,39.4,22.13,17.11,0.0,56.51,3.14,0.5,0.36
2011,120,39.9,21.51,15.9,0.0,52.0,2.44,0.5,0.33
2011,121,39.64,22.95,17.02,0.05,53.33,2.75,0.5,0.31
2011,122,38.25,22.72,16.19,0.04,51.72,3.01,0.5,0.29
2011,123,37.76,21.25,15.48,0.0,53.76,3.63,0.5,0.28
2011,124,36.52,21.47,16.73,0.0,57.7,3.88,0.49,0.27
2011,125,37.03,19.43,14.63,0.0,55.93,3.13,0.49,0.26
2011,126,36.79,20.93,15.85,0.0,56.25,3.56,0.49,0.25
2011,127,35.54,21.07,15.64,0.0,58.49,3.95,0.49,0.25
2011,128,37.33,20.7,16.13,0.0,57.8,3.04,0.49,0.24
2011,129,36.74,22.89,17.32,0.0,56.81,3.68,0.49,0.24
2011,130,35.98,22.17,16.39,0.0,54.88,3.38,0.49,0.23
2011,131,37.1,21.17,14.01,0.0,52.58,3.65,0.49,0.23
2011,132,37.34,20.29,15.52,0.0,57.17,3.6,0.49,0.22
2011,133,37.89,21.26,15.66,0.0,55.54,3.75,0.49,0.22
2011,134,38.85,21.79,16.54,0.0,56.65,3.46,0.49,0.21
2011,135,38.09,21.61,14.27,0.0,50.2,3.28,0.49,0.21
2011,136,36.17,21.96,14.18,0.0,48.24,2.37,0.49,0.21
2011,137,38.23,22.82,13.18,0.03,42.84,3.56,0.49,0.2
2011,138,34.27,21.36,15.56,0.0,53.39,2.83,0.49,0.2
2011,139,37.25,22.79,16.42,0.0,53.64,3.52,0.49,0.2
2011,140,35.45,21.69,17.87,0.0,62.37,4.39,0.49,0.2
2011,141,33.69,23.02,20.26,0.0,68.61,5.08,0.49,0.2
2011,142,33.37,23.04,20.96,0.17,71.2,4.47,0.49,0.2
2011,143,34.3,23.41,20.7,0.03,68.47,3.57,0.49,0.21
2011,144,34.93,23.53,20.09,0.0,65.55,3.36,0.49,0.21
2011,145,37.32,23.36,19.11,0.15,61.14,3.3,0.49,0.21
2011,146,32.09,23.55,18.88,2.4,62.84,2.52,0.49,0.26
2011,147,36.09,23.56,19.04,2.06,60.73,2.96,0.49,0.36
2011,148,36.55,23.44,18.84,0.45,59.38,3.59,0.49,0.34
2011,149,37.12,23.49,19.94,0.4,62.49,3.93,0.49,0.33
2011,150,36.0,23.99,20.47,0.05,64.06,4.26,0.49,0.31
2011,151,33.43,24.0,20.69,0.0,68.31,4.04,0.49,0.3
2011,152,30.79,23.53,20.71,0.0,71.57,3.04,0.49,0.29
2011,153,31.51,22.26,17.75,16.38,64.39,2.14,0.5,0.47
2011,154,31.44,20.76,20.32,51.28,76.04,1.65,0.53,0.8
2011,155,28.73,22.25,23.08,65.48,88.4,1.95,0.58,0.91
2011,156,26.74,23.0,23.14,39.64,91.06,3.87,0.61,0.86
2011,157,30.95,24.1,23.25,7.12,82.46,3.54,0.63,0.77
2011,158,28.26,23.38,22.83,1.36,86.15,5.06,0.63,0.71
2011,159,26.89,23.09,22.27,5.17,87.92,6.06,0.63,0.71
2011,160,26.2,22.69,22.93,0.21,91.2,6.5,0.63,0.68
2011,161,26.38,22.12,21.88,0.0,89.25,5.73,0.63,0.66
2011,162,27.5,21.92,20.99,0.0,84.98,4.5,0.63,0.64
2011,163,29.31,21.61,20.78,0.0,79.73,4.84,0.63,0.63
2011,164,30.13,22.93,22.1,3.57,81.88,5.22,0.63,0.63
2011,165,29.38,22.07,21.26,7.19,82.43,4.59,0.63,0.68
2011,166,27.57,22.68,21.52,8.59,83.77,5.48,0.63,0.7
2011,167,27.38,22.45,21.36,14.95,84.22,6.49,0.64,0.72
2011,168,28.04,22.85,22.34,10.15,86.29,5.76,0.65,0.73
2011,169,28.95,22.33,21.67,1.33,83.38,6.12,0.65,0.67
2011,170,28.97,22.58,21.84,0.45,83.63,5.56,0.65,0.65
2011,171,28.65,22.58,21.92,3.93,84.43,5.65,0.64,0.67
2011,172,27.98,22.62,21.88,1.68,84.82,5.48,0.64,0.66
2011,173,28.78,23.04,22.2,3.34,84.81,5.78,0.64,0.66
2011,174,29.49,22.77,22.06,1.0,83.37,5.9,0.64,0.65
2011,175,28.46,22.76,21.96,0.76,84.3,5.49,0.64,0.64
2011,176,27.39,22.79,22.02,4.07,85.49,5.35,0.64,0.66
2011,177,28.44,23.1,22.18,6.45,85.83,6.1,0.64,0.68
2011,178,27.86,23.04,22.17,10.19,85.7,6.33,0.64,0.7
2011,179,27.45,23.02,22.26,12.36,87.6,6.27,0.65,0.74
2011,180,28.07,22.95,22.06,3.62,85.35,5.59,0.66,0.7
2011,181,28.82,22.55,21.9,0.7,83.97,4.2,0.66,0.66
2011,182,29.23,22.58,21.89,0.98,83.42,4.02,0.65,0.65
2011,183,29.49,22.91,21.91,8.47,82.79,4.57,0.65,0.69
2011,184,27.4,22.79,21.91,4.08,85.97,4.35,0.66,0.7
2011,185,28.43,22.25,21.76,7.43,84.37,3.19,0.66,0.71
2011,186,28.23,21.82,20.89,4.93,82.65,2.99,0.66,0.7
2011,187,26.02,20.75,19.47,12.79,83.15,2.64,0.66,0.74
2011,188,25.61,20.81,20.37,14.84,87.58,3.55,0.67,0.76
2011,189,25.46,21.08,21.26,32.25,90.11,4.97,0.69,0.85
2011,190,27.06,21.99,21.93,21.49,88.43,5.21,0.71,0.84
2011,191,28.17,22.14,21.81,7.65,85.38,4.93,0.72,0.78
2011,192,27.55,21.89,21.7,13.4,86.4,5.34,0.72,0.8
2011,193,28.0,21.86,21.62,15.77,85.86,4.76,0.73,0.81
2011,194,26.13,22.09,21.68,31.14,89.28,5.21,0.75,0.86
2011,195,25.59,21.43,21.14,26.91,89.13,5.14,0.77,0.88
2011,196,28.23,21.47,21.76,8.99,87.83,4.28,0.78,0.82
2011,197,27.4,22.43,22.42,34.75,90.19,5.1,0.79,0.88
2011,198,25.87,22.35,22.39,43.89,91.9,5.41,0.82,0.93
2011,199,25.11,23.15,23.01,47.74,94.18,5.88,0.85,0.96
2011,200,24.94,22.79,23.16,48.76,95.27,5.75,0.87,0.96
2011,201,25.69,22.35,22.47,22.9,92.49,5.67,0.9,0.93
2011,202,25.41,22.2,21.9,2.27,91.58,5.37,0.89,0.88
2011,203,26.1,22.18,22.05,2.24,91.49,5.11,0.89,0.88
2011,204,26.48,22.03,21.99,4.89,90.82,4.73,0.89,0.88
2011,205,27.94,21.53,21.86,2.24,87.97,3.83,0.89,0.87
2011,206,27.93,21.38,21.54,4.93,87.39,3.01,0.89,0.87
2011,207,26.71,20.52,21.26,15.1,89.64,3.15,0.89,0.89
2011,208,26.04,21.11,21.18,6.02,90.51,4.15,0.89,0.88
2011,209,25.97,20.97,21.18,38.99,90.74,4.25,0.9,0.93
2011,210,25.15,21.39,21.73,40.21,91.97,4.06,0.92,0.96
2011,211,25.32,22.65,22.44,42.89,94.19,4.55,0.93,0.95
2011,212,24.21,21.49,22.03,26.1,94.91,4.9,0.94,0.95
2011,213,23.8,20.85,21.4,16.64,94.41,5.04,0.95,0.94
2011,214,26.19,22.33,22.28,14.37,91.98,5.05,0.95,0.94
2011,215,25.65,21.73,21.95,3.75,92.61,4.22,0.94,0.92
2011,216,26.26,21.33,21.87,4.56,91.74,4.81,0.94,0.92
2011,217,27.2,21.92,22.08,5.2,90.05,5.17,0.94,0.92
2011,218,25.86,21.88,22.01,2.72,91.45,5.07,0.94,0.91
2011,219,26.29,22.06,22.08,1.15,91.41,4.98,0.93,0.9
2011,220,27.19,21.62,21.94,1.82,89.61,5.29,0.93,0.9
2011,221,26.73,21.7,21.74,1.93,90.1,5.52,0.92,0.89
2011,222,27.32,21.86,21.78,2.56,88.99,5.45,0.92,0.89
2011,223,26.93,21.9,21.78,2.25,89.31,5.98,0.91,0.88
2011,224,26.73,21.59,21.7,6.33,89.67,5.81,0.91,0.89
2011,225,25.75,21.74,21.84,3.4,92.12,4.61,0.91,0.89
2011,226,26.16,21.98,21.83,4.61,90.96,4.59,0.91,0.89
2011,227,27.39,21.8,21.96,1.93,89.66,4.21,0.91,0.88
2011,228,27.31,21.55,21.79,2.08,89.2,3.84,0.9,0.88
2011,229,27.39,21.79,21.7,2.17,88.16,3.75,0.9,0.87
2011,230,26.78,21.38,21.7,12.19,90.7,3.03,0.9,0.89
2011,231,26.28,21.0,21.36,3.15,89.98,2.4,0.9,0.88
2011,232,27.19,20.93,21.54,3.17,88.89,2.39,0.9,0.87
2011,233,26.76,21.24,21.31,3.31,88.35,2.14,0.9,0.87
2011,234,27.4,20.9,21.46,4.24,88.0,1.94,0.89,0.87
2011,235,25.91,21.1,21.62,2.19,91.82,2.42,0.89,0.87
2011,236,25.3,20.52,21.21,8.8,92.92,2.7,0.89,0.88
2011,237,25.85,20.42,21.18,7.61,90.97,3.28,0.9,0.89
2011,238,25.16,21.79,21.82,21.61,92.26,3.79,0.9,0.91
2011,239,23.89,21.43,21.45,55.91,94.04,4.73,0.92,0.96
2011,240,24.56,21.67,21.93,50.18,94.46,5.61,0.94,0.97
2011,241,25.18,22.19,22.18,55.55,93.94,5.89,0.95,0.98
2011,242,26.22,21.52,22.04,15.16,92.02,4.88,0.95,0.95
2011,243,27.54,21.69,22.53,4.28,92.12,3.47,0.95,0.93
2011,244,25.51,22.44,22.63,17.69,94.33,3.69,0.95,0.95
2011,245,25.4,22.67,22.71,29.26,94.25,4.11,0.96,0.96
2011,246,25.04,21.64,22.24,83.38,94.35,5.16,0.96,0.99
2011,247,25.31,22.33,22.71,22.96,94.4,5.25,0.97,0.97
2011,248,25.89,21.47,21.87,5.16,91.86,5.27,0.96,0.95
2011,249,25.77,21.99,22.18,13.83,92.82,5.71,0.96,0.95
2011,250,25.89,21.86,22.07,9.17,92.44,5.1,0.96,0.95
2011,251,26.41,21.68,21.9,1.99,91.84,4.0,0.96,0.93
2011,252,26.75,21.26,21.65,0.3,90.88,3.58,0.95,0.92
2011,253,26.92,21.16,21.77,1.17,91.26,3.32,0.95,0.92
2011,254,26.52,21.38,21.73,6.27,91.17,3.47,0.94,0.92
2011,255,26.84,21.05,21.55,3.12,90.64,3.28,0.94,0.91
2011,256,27.18,20.28,21.54,4.45,90.37,2.5,0.94,0.91
2011,257,27.49,21.0,22.09,6.26,91.42,2.25,0.93,0.91
2011,258,26.19,21.31,21.93,13.12,92.17,2.44,0.94,0.92
2011,259,26.77,20.59,21.41,1.22,90.66,2.65,0.94,0.91
2011,260,25.77,20.89,21.27,0.75,91.32,2.75,0.93,0.9
2011,261,26.33,20.14,20.99,1.15,90.41,2.47,0.93,0.9
2011,262,26.87,19.68,20.62,0.5,89.08,2.18,0.92,0.89
2011,263,26.9,19.43,20.89,2.87,89.79,2.36,0.92,0.89
2011,264,25.66,19.46,20.12,2.54,90.15,2.22,0.91,0.88
2011,265,25.9,18.3,19.69,1.36,89.25,2.08,0.91,0.88
2011,266,25.9,18.68,19.56,0.91,88.23,1.84,0.91,0.88
2011,267,25.84,19.26,20.02,0.15,88.91,1.75,0.9,0.87
2011,268,26.77,19.4,20.07,0.01,87.58,1.62,0.9,0.87
2011,269,27.26,18.99,19.42,0.0,85.82,1.6,0.89,0.86
2011,270,27.97,18.37,19.13,0.0,84.18,1.32,0.89,0.85
2011,271,27.25,19.33,20.18,28.13,87.03,1.12,0.89,0.91
2011,272,27.92,19.57,20.56,23.31,85.72,0.96,0.9,0.92
2011,273,28.7,19.37,20.21,8.68,82.78,0.92,0.91,0.9
2011,274,26.7,20.18,20.86,3.24,85.64,0.86,0.91,0.89
2011,275,26.96,20.57,21.29,9.68,89.47,1.65,0.91,0.9
2011,276,27.18,20.1,20.77,1.03,88.79,1.89,0.91,0.88
2011,277,24.96,19.32,19.85,0.05,89.12,1.86,0.9,0.87
2011,278,28.24,19.96,20.24,0.0,83.4,1.55,0.9,0.87
2011,279,28.86,18.06,19.55,0.62,81.19,1.4,0.89,0.86
2011,280,29.36,18.92,20.32,0.84,81.98,1.17,0.89,0.86
2011,281,28.0,19.9,20.66,8.17,84.5,1.03,0.89,0.87
2011,282,28.64,20.48,20.49,5.33,82.58,1.38,0.89,0.88
2011,283,29.17,19.18,20.31,0.34,81.94,1.79,0.88,0.86
2011,284,26.56,20.37,21.0,62.31,88.66,1.71,0.89,0.93
2011,285,25.65,20.38,20.76,22.8,89.9,1.86,0.91,0.94
2011,286,28.05,19.9,20.76,6.42,85.5,1.45,0.92,0.9
2011,287,29.16,20.17,21.95,1.3,86.46,1.36,0.91,0.89
2011,288,27.02,21.63,22.03,25.33,90.96,1.25,0.92,0.93
2011,289,26.52,20.8,21.1,20.76,86.81,1.03,0.93,0.94
2011,290,28.52,20.34,20.72,3.31,82.49,1.75,0.93,0.91
2011,291,29.07,20.35,20.67,1.46,82.06,1.49,0.93,0.9
2011,292,28.62,20.14,20.61,0.96,82.99,1.09,0.93,0.9
2011,293,27.54,20.32,19.79,0.34,79.59,0.95,0.92,0.89
2011,294,28.68,17.28,17.27,0.0,74.94,1.4,0.92,0.88
2011,295,28.23,15.2,14.71,0.0,69.72,2.4,0.91,0.88
2011,296,28.23,15.96,15.77,0.0,72.59,2.15,0.91,0.87
2011,297,27.23,15.37,15.04,0.0,73.0,2.4,0.9,0.87
2011,298,27.81,15.23,16.52,0.0,76.78,2.84,0.9,0.86
2011,299,27.75,18.27,17.93,0.0,79.42,3.4,0.89,0.86
2011,300,27.66,18.41,19.51,0.0,84.02,2.87,0.89,0.86
2011,301,27.64,20.4,20.61,0.01,85.59,2.58,0.88,0.85
2011,302,26.17,20.2,20.07,2.58,84.43,2.32,0.88,0.85
2011,303,27.46,19.42,19.82,1.15,83.34,1.96,0.88,0.85
2011,304,28.08,18.21,17.91,0.0,77.39,2.32,0.87,0.84
2011,305,27.81,16.94,17.21,0.0,76.93,2.49,0.87,0.84
2011,306,27.62,16.76,17.11,0.0,77.08,2.48,0.86,0.84
2011,307,27.76,16.96,17.08,0.0,76.84,2.29,0.86,0.83
2011,308,27.66,16.31,17.47,0.0,78.64,2.29,0.85,0.83
2011,309,28.15,17.16,17.59,0.0,76.59,2.31,0.85,0.83
2011,310,28.23,16.14,15.72,0.0,69.62,2.17,0.84,0.82
2011,311,28.27,14.88,14.54,0.0,65.04,1.63,0.84,0.82
2011,312,27.79,15.2,14.5,0.0,65.94,1.54,0.83,0.81
2011,313,27.63,14.98,14.64,0.0,70.88,2.08,0.83,0.81
2011,314,27.41,14.46,13.2,0.0,65.7,1.93,0.82,0.8
2011,315,28.15,14.26,14.17,0.0,67.56,1.64,0.82,0.8
2011,316,28.21,15.05,14.58,0.0,68.62,1.73,0.81,0.8
2011,317,28.41,15.01,14.76,0.0,67.91,1.72,0.81,0.79
2011,318,28.14,15.39,15.45,0.0,70.42,1.83,0.8,0.79
2011,319,27.88,15.71,15.99,0.0,74.01,2.1,0.8,0.78
2011,320,27.03,15.02,13.86,0.0,68.81,2.47,0.8,0.78
2011,321,26.67,12.4,10.54,0.0,60.86,2.32,0.79,0.77
2011,322,27.1,12.58,10.72,0.0,61.68,2.35,0.79,0.77
2011,323,27.71,12.58,11.13,0.0,62.31,2.36,0.78,0.76
2011,324,28.37,13.31,11.73,0.0,62.79,2.53,0.78,0.76
2011,325,27.79,13.68,12.21,0.0,65.06,2.77,0.77,0.75
2011,326,26.84,12.91,11.6,0.0,64.95,2.42,0.77,0.75
2011,327,26.47,12.51,11.53,0.0,66.3,2.83,0.76,0.74
2011,328,26.52,13.59,13.45,0.0,72.27,2.93,0.76,0.74
2011,329,26.97,13.85,13.32,0.0,69.76,3.05,0.75,0.74
2011,330,27.56,15.01,16.06,0.0,75.33,3.07,0.75,0.73
2011,331,28.46,18.17,17.58,0.0,75.84,3.31,0.75,0.73
2011,332,27.47,19.04,18.37,0.16,78.22,3.07,0.74,0.73
2011,333,28.59,18.48,18.86,0.74,77.82,2.51,0.74,0.73
2011,334,29.49,18.24,18.33,0.0,75.35,1.59,0.74,0.72
2011,335,29.19,16.6,17.47,0.0,75.94,1.43,0.73,0.72
2011,336,28.97,15.6,14.4,0.0,66.55,1.78,0.73,0.71
2011,337,29.56,13.24,10.5,0.0,53.14,1.9,0.72,0.71
2011,338,29.76,15.04,14.12,0.0,63.74,1.41,0.72,0.71
2011,339,29.64,15.83,15.67,0.0,70.83,1.16,0.72,0.7
2011,340,29.27,15.24,15.0,0.0,69.82,1.25,0.71,0.7
2011,341,28.39,14.45,13.0,0.0,62.95,1.83,0.71,0.7
2011,342,27.71,13.67,10.9,0.0,57.92,1.98,0.71,0.69
2011,343,27.88,12.32,10.77,0.0,58.25,1.77,0.7,0.69
2011,344,28.88,12.97,11.6,0.0,60.0,1.63,0.7,0.69
2011,345,28.64,12.65,11.17,0.0,60.93,1.38,0.7,0.68
2011,346,28.46,12.51,11.97,0.0,62.47,1.84,0.69,0.68
2011,347,28.09,14.3,12.9,0.0,63.73,2.36,0.69,0.68
2011,348,26.55,13.49,11.09,0.0,60.23,2.11,0.68,0.67
2011,349,27.16,12.87,9.56,0.0,55.68,2.05,0.68,0.67
2011,350,27.3,11.79,8.06,0.0,51.63,2.19,0.68,0.67
2011,351,27.37,11.1,8.72,0.0,53.53,1.93,0.67,0.66
2011,352,27.33,11.73,10.11,0.0,57.49,1.88,0.67,0.66
2011,353,27.36,12.77,11.34,0.0,61.4,2.02,0.67,0.65
2011,354,27.04,13.46,10.11,0.0,55.87,1.83,0.67,0.65
2011,355,27.34,12.29,8.5,0.0,51.83,2.14,0.66,0.65
2011,356,26.73,11.34,7.5,0.0,51.53,2.26,0.66,0.64
2011,357,27.2,11.29,8.11,0.0,52.12,2.07,0.66,0.64
2011,358,27.8,10.76,7.47,0.0,51.02,1.7,0.65,0.63
2011,359,28.1,10.74,6.52,0.0,48.96,1.82,0.65,0.63
2011,360,28.12,11.0,7.78,0.0,55.2,1.47,0.65,0.62
2011,361,27.76,10.36,6.27,0.0,52.1,1.53,0.64,0.62
2011,362,27.49,8.47,4.84,0.0,49.24,1.45,0.64,0.61
2011,363,27.35,9.43,6.79,0.0,51.46,1.73,0.64,0.61
2011,364,28.12,10.67,7.44,0.0,50.25,1.9,0.64,0.6
2011,365,29.42,14.9,15.31,0.0,71.89,2.28,0.63,0.6
2012,1,28.53,16.0,15.97,0.0,74.6,2.01,0.63,0.59
2012,2,28.97,13.81,13.49,0.0,67.53,1.61,0.63,0.59
2012,3,28.67,15.71,13.13,0.0,64.51,1.48,0.62,0.59
2012,4,29.32,15.39,12.24,0.0,61.4,1.22,0.62,0.58
2012,5,30.13,12.28,9.22,0.0,52.74,1.69,0.62,0.57
2012,6,29.05,13.82,9.92,0.0,55.01,1.71,0.62,0.56
2012,7,27.71,14.54,8.06,0.0,52.78,1.7,0.61,0.56
2012,8,26.49,11.62,8.6,0.0,60.2,1.91,0.61,0.56
2012,9,26.13,7.69,2.5,0.0,46.82,1.88,0.61,0.55
2012,10,26.35,8.49,4.67,0.0,48.63,1.86,0.6,0.54
2012,11,26.95,11.12,5.56,0.0,47.35,2.95,0.6,0.54
2012,12,26.65,11.29,3.58,0.0,41.37,3.16,0.6,0.53
2012,13,26.63,10.28,3.24,0.0,41.0,2.66,0.6,0.53
2012,14,26.82,9.87,2.27,0.0,37.38,2.11,0.59,0.52
2012,15,27.95,9.49,3.28,0.0,42.56,1.52,0.59,0.52
2012,16,28.51,10.67,5.83,0.0,49.26,1.63,0.59,0.51
2012,17,27.88,11.28,7.74,0.0,58.51,1.77,0.59,0.51
2012,18,24.88,10.74,12.8,0.0,80.23,2.16,0.59,0.51
2012,19,24.18,9.9,10.85,0.0,76.92,1.73,0.58,0.51
2012,20,26.23,8.74,7.95,0.0,64.23,1.42,0.58,0.51
2012,21,28.7,8.51,5.43,0.0,51.4,2.27,0.58,0.5
2012,22,26.93,12.59,11.85,0.0,69.47,1.68,0.58,0.5
2012,23,28.13,11.05,12.16,0.0,70.53,1.69,0.58,0.49
2012,24,28.47,12.45,9.72,0.0,56.41,1.88,0.58,0.49
2012,25,28.35,13.88,10.44,0.0,58.13,2.09,0.57,0.48
2012,26,26.93,11.69,9.81,0.0,60.66,1.5,0.57,0.48
2012,27,29.26,12.08,9.82,0.0,58.9,2.1,0.57,0.48
2012,28,26.89,11.61,8.03,0.0,58.07,1.97,0.57,0.47
2012,29,26.96,8.22,1.38,0.0,42.09,1.8,0.57,0.47
2012,30,29.53,9.26,5.79,0.0,48.47,1.97,0.56,0.46
2012,31,30.12,14.79,10.06,0.0,52.78,1.7,0.56,0.46
2012,32,29.75,13.93,9.15,0.0,50.16,2.29,0.56,0.46
2012,33,30.03,14.71,9.16,0.0,48.8,2.25,0.56,0.45
2012,34,30.61,14.0,8.63,0.0,46.78,2.18,0.56,0.45
2012,35,30.83,14.07,8.64,0.0,49.1,1.96,0.55,0.44
2012,36,31.24,13.58,9.46,0.0,52.15,1.72,0.55,0.44
2012,37,31.79,13.58,9.12,0.0,50.72,2.32,0.55,0.44
2012,38,30.79,13.5,7.41,0.0,47.57,2.46,0.55,0.43
2012,39,27.65,10.46,-1.2,0.0,32.32,2.21,0.55,0.43
2012,40,30.42,8.57,-4.95,0.0,24.11,2.26,0.55,0.42
2012,41,32.08,10.3,-0.14,0.0,29.7,2.36,0.54,0.42
2012,42,32.51,12.87,4.91,0.0,40.36,2.51,0.54,0.42
2012,43,31.99,13.79,7.29,0.0,46.25,1.88,0.54,0.42
2012,44,32.48,16.14,6.94,0.0,41.9,1.56,0.54,0.41
2012,45,33.04,13.39,8.26,0.0,47.95,2.05,0.54,0.41
2012,46,30.7,14.81,5.39,0.0,40.67,2.33,0.54,0.41
2012,47,29.88,11.72,3.0,0.0,38.01,2.14,0.53,0.4
2012,48,32.53,10.77,1.76,0.0,32.42,1.74,0.53,0.4
2012,49,33.9,14.8,8.66,0.0,39.36,1.81,0.53,0.4
2012,50,34.63,16.58,8.58,0.0,38.84,1.41,0.53,0.39
2012,51,35.19,16.69,7.59,0.0,36.06,1.7,0.53,0.39
2012,52,35.29,15.93,4.51,0.0,30.85,1.63,0.53,0.38
2012,53,35.06,15.42,2.91,0.0,29.04,1.86,0.52,0.38
2012,54,34.85,15.13,3.12,0.0,29.27,1.87,0.52,0.38
2012,55,35.12,15.17,4.24,0.0,30.47,1.93,0.52,0.37
2012,56,35.27,15.57,2.81,0.0,27.61,1.88,0.52,0.37
2012,57,36.42,15.63,3.33,0.0,27.84,2.04,0.52,0.36
2012,58,36.05,16.08,3.5,0.0,28.66,1.97,0.52,0.36
2012,59,34.05,16.6,1.53,0.0,26.87,2.45,0.52,0.36
2012,60,32.36,15.47,4.1,0.0,35.93,2.18,0.51,0.36
2012,61,30.99,13.94,5.68,0.0,45.38,2.33,0.51,0.36
2012,62,31.3,12.35,7.39,0.0,55.86,2.25,0.51,0.36
2012,63,33.29,14.03,10.89,0.0,60.41,1.97,0.51,0.35
2012,64,36.0,14.23,6.16,0.0,39.43,1.67,0.51,0.35
2012,65,36.59,15.44,2.83,0.0,28.51,1.83,0.51,0.33
2012,66,34.8,16.12,5.65,0.0,35.75,2.4,0.51,0.33
2012,67,32.88,13.32,8.05,0.0,54.17,2.56,0.51,0.33
2012,68,30.0,11.87,8.49,0.0,56.65,2.64,0.51,0.33
2012,69,31.84,11.56,4.03,0.0,44.76,2.03,0.51,0.32
2012,70,34.39,10.89,-3.8,0.0,22.43,2.1,0.5,0.31
2012,71,34.95,14.14,1.75,0.0,29.25,2.36,0.5,0.3
2012,72,35.07,15.62,5.76,0.0,35.26,2.04,0.5,0.3
2012,73,35.22,15.56,0.66,0.0,23.05,1.94,0.5,0.29
2012,74,36.69,16.94,-1.74,0.0,17.8,2.49,0.5,0.28
2012,75,37.15,15.88,-2.35,0.0,17.41,1.58,0.5,0.27
2012,76,37.93,17.3,0.2,0.0,20.94,1.38,0.5,0.26
2012,77,37.77,18.8,2.97,0.0,24.16,2.51,0.5,0.25
2012,78,38.25,18.86,1.14,0.0,21.37,2.44,0.5,0.24
2012,79,38.39,17.95,-0.35,0.0,20.29,2.2,0.5,0.24
2012,80,39.16,17.75,0.51,0.0,20.4,2.13,0.5,0.23
2012,81,38.96,18.33,-0.39,0.0,18.27,2.2,0.5,0.22
2012,82,38.95,17.52,-3.69,0.0,14.66,1.98,0.5,0.22
2012,83,38.75,18.06,-4.87,0.0,12.94,2.08,0.5,0.21
2012,84,39.35,18.25,-4.87,0.0,13.08,2.18,0.5,0.21
2012,85,38.98,17.77,-4.31,0.0,13.55,1.87,0.5,0.21
2012,86,38.9,17.65,-2.62,0.0,14.52,1.79,0.5,0.2
2012,87,38.54,20.44,2.79,0.0,22.0,1.45,0.49,0.2
2012,88,38.7,20.89,5.88,0.0,27.61,1.73,0.49,0.2
2012,89,39.52,20.04,8.58,0.0,34.03,2.17,0.49,0.2
2012,90,37.43,20.54,10.14,0.0,39.29,2.41,0.49,0.2
2012,91,38.29,18.9,10.99,0.0,46.41,2.2,0.49,0.2
2012,92,39.5,20.44,7.59,0.0,29.91,1.57,0.49,0.2
2012,93,39.79,24.05,9.85,0.0,30.99,1.7,0.49,0.19
2012,94,38.89,22.35,12.11,0.0,38.6,2.32,0.49,0.19
2012,95,38.96,20.74,13.77,0.33,47.04,2.55,0.49,0.19
2012,96,38.43,20.17,13.16,0.01,48.03,2.72,0.49,0.2
2012,97,37.51,18.87,9.36,0.0,39.79,2.79,0.49,0.2
2012,98,38.94,18.99,8.32,0.0,39.38,2.5,0.49,0.2
2012,99,40.37,19.12,10.64,0.0,40.39,2.19,0.49,0.19
2012,100,40.22,20.37,11.09,0.0,39.94,2.42,0.49,0.19
2012,101,38.7,21.11,14.14,0.0,50.02,2.61,0.49,0.19
2012,102,36.55,20.82,14.13,0.0,50.96,2.48,0.49,0.18
2012,103,35.79,20.6,11.17,0.01,44.16,2.64,0.49,0.18
2012,104,37.03,19.7,11.38,0.01,44.52,2.51,0.49,0.18
2012,105,38.34,19.64,10.8,0.0,41.62,2.07,0.49,0.18
2012,106,38.93,23.14,9.68,0.07,29.92,2.65,0.49,0.18
2012,107,39.31,24.31,9.94,1.26,30.33,2.33,0.49,0.2
2012,108,37.08,22.77,13.0,1.51,41.89,2.57,0.49,0.28
2012,109,36.05,21.42,12.28,0.0,44.69,2.33,0.49,0.27
2012,110,33.14,22.63,12.86,1.47,44.96,1.64,0.49,0.27
2012,111,36.89,22.21,13.34,0.7,40.17,1.7,0.49,0.31
2012,112,35.88,25.04,14.07,0.08,38.78,2.0,0.49,0.29
2012,113,39.35,22.17,12.89,0.0,39.04,2.94,0.49,0.27
2012,114,38.71,20.24,9.5,0.0,36.9,2.88,0.49,0.26
2012,115,38.54,17.73,12.23,0.0,47.94,2.64,0.49,0.24
2012,116,38.92,18.48,11.81,0.0,45.43,2.81,0.49,0.23
2012,117,39.17,20.31,10.69,0.0,37.83,2.72,0.49,0.22
2012,118,39.13,21.59,8.31,0.0,29.68,2.92,0.49,0.21
2012,119,39.41,20.9,10.3,0.0,35.53,3.09,0.49,0.2
2012,120,38.2,19.59,13.13,0.0,47.09,3.36,0.49,0.2
2012,121,37.81,20.29,14.92,0.0,53.37,3.43,0.49,0.19
2012,122,37.17,19.51,14.28,0.0,53.53,3.04,0.49,0.19
2012,123,37.05,19.94,13.63,0.0,52.49,3.2,0.49,0.18
2012,124,38.36,20.06,14.15,0.0,54.74,3.37,0.49,0.18
2012,125,37.44,19.99,15.61,0.0,58.43,3.61,0.49,0.18
2012,126,36.35,20.32,16.57,0.0,60.0,3.92,0.49,0.17
2012,127,34.88,20.84,16.27,0.0,58.18,3.79,0.49,0.17
2012,128,37.63,20.76,16.41,0.0,57.05,3.56,0.49,0.17
2012,129,39.11,21.82,16.86,0.03,54.79,3.45,0.49,0.17
2012,130,38.58,22.86,17.26,0.52,56.31,3.53,0.49,0.17
2012,131,38.6,22.39,17.79,0.24,58.27,3.59,0.49,0.19
2012,132,38.77,22.67,17.08,0.1,54.09,3.77,0.49,0.19
2012,133,37.18,22.13,17.82,1.18,59.76,3.75,0.49,0.21
2012,134,37.46,20.99,14.43,0.0,52.33,3.27,0.49,0.22
2012,135,37.92,20.54,15.57,0.0,54.2,3.08,0.49,0.21
2012,136,38.54,21.66,16.84,0.0,55.85,3.55,0.49,0.2
2012,137,37.58,22.08,16.48,0.0,56.34,3.75,0.49,0.2
2012,138,37.81,20.67,15.71,0.0,54.57,3.78,0.49,0.19
2012,139,38.4,20.32,14.31,0.0,50.9,3.62,0.49,0.19
2012,140,38.39,21.59,16.41,0.0,53.5,3.83,0.49,0.18
2012,141,39.84,21.38,17.14,0.0,56.58,3.93,0.49,0.18
2012,142,38.06,22.25,16.53,0.0,56.26,3.84,0.49,0.18
2012,143,38.16,21.38,16.96,0.0,58.61,4.12,0.49,0.17
2012,144,38.23,22.01,17.58,0.0,58.96,4.22,0.49,0.17
2012,145,38.75,21.94,16.38,0.0,56.67,4.23,0.49,0.17
2012,146,37.27,22.4,17.07,0.0,57.88,4.42,0.49,0.16
2012,147,37.57,22.39,17.96,0.0,58.87,4.56,0.49,0.16
2012,148,37.11,22.95,17.94,0.0,58.84,4.62,0.49,0.16
2012,149,37.56,22.75,17.97,0.0,57.98,4.25,0.49,0.16
2012,150,36.79,23.22,17.76,0.0,56.79,4.17,0.49,0.16
2012,151,35.91,22.06,18.07,0.0,60.83,4.62,0.49,0.16
2012,152,35.75,21.93,17.54,0.0,61.08,4.41,0.49,0.16
2012,153,36.2,21.85,17.54,0.0,59.53,4.31,0.49,0.16
2012,154,35.94,23.02,19.1,0.0,62.6,4.48,0.49,0.15
2012,155,35.93,22.82,19.19,0.0,62.12,4.37,0.49,0.15
2012,156,36.7,23.24,19.55,0.06,61.77,3.79,0.49,0.15
2012,157,32.09,23.75,20.3,0.75,68.24,3.18,0.49,0.16
2012,158,31.07,22.49,19.01,6.85,68.88,3.14,0.49,0.31
2012,159,31.76,21.17,18.57,4.8,68.45,2.86,0.5,0.48
2012,160,31.67,21.43,18.5,2.8,68.36,2.97,0.5,0.49
2012,161,31.81,22.25,20.26,2.04,72.86,4.33,0.5,0.47
2012,162,30.46,22.92,20.54,1.06,74.55,4.78,0.5,0.46
2012,163,31.99,22.81,21.31,2.71,75.89,4.76,0.5,0.49
2012,164,32.27,23.66,21.6,0.16,75.14,3.55,0.5,0.45
2012,165,32.85,23.14,20.26,0.18,69.87,4.01,0.5,0.43
2012,166,34.99,21.41,18.55,1.45,62.72,4.01,0.5,0.42
2012,167,32.22,22.23,20.03,1.99,70.84,4.52,0.5,0.43
2012,168,29.92,22.63,20.77,7.45,78.11,4.61,0.5,0.52
2012,169,25.74,22.02,20.89,32.55,85.55,5.82,0.52,0.71
2012,170,27.29,22.15,22.08,10.08,87.31,5.82,0.54,0.66
2012,171,26.99,22.95,22.1,2.93,86.46,5.79,0.54,0.6
2012,172,28.98,22.31,21.18,0.34,80.84,5.49,0.54,0.55
2012,173,30.42,22.4,21.2,0.14,78.92,5.05,0.54,0.52
2012,174,30.72,22.63,21.11,0.09,77.38,4.6,0.54,0.51
2012,175,30.56,22.44,21.09,3.07,77.53,4.24,0.54,0.53
2012,176,28.29,23.26,22.0,12.05,84.76,4.4,0.54,0.62
2012,177,29.63,23.12,22.21,5.47,82.56,4.83,0.55,0.61
2012,178,29.74,23.53,22.06,3.07,81.52,4.83,0.55,0.57
2012,179,29.37,22.42,21.69,11.62,81.09,5.08,0.55,0.63
2012,180,26.9,20.33,19.8,8.48,81.04,4.06,0.56,0.65
2012,181,30.0,20.02,19.69,4.16,77.93,3.22,0.57,0.6
2012,182,29.9,21.48,20.44,13.14,79.86,3.41,0.57,0.64
2012,183,30.24,21.49,21.14,11.03,81.22,3.16,0.58,0.66
2012,184,26.51,21.24,22.12,11.65,89.6,3.63,0.58,0.69
2012,185,26.84,20.67,21.23,22.9,88.04,4.97,0.6,0.75
2012,186,25.46,21.59,21.35,15.57,87.83,6.61,0.62,0.74
2012,187,26.15,21.84,21.43,7.61,86.58,5.26,0.62,0.71
2012,188,27.06,22.92,22.2,11.15,87.87,4.55,0.63,0.73
2012,189,26.91,22.5,22.0,5.0,88.46,4.29,0.63,0.7
2012,190,28.79,22.29,22.0,6.3,84.68,4.35,0.64,0.69
2012,191,27.37,22.78,22.11,7.06,86.91,3.84,0.64,0.7
2012,192,28.16,22.35,21.61,3.18,84.11,3.59,0.64,0.68
2012,193,28.97,21.68,20.9,5.58,81.51,4.17,0.64,0.68
2012,194,28.17,21.78,21.57,11.43,85.03,4.37,0.65,0.72
2012,195,28.93,22.01,21.58,4.45,84.1,4.19,0.65,0.69
2012,196,28.03,22.14,21.46,2.75,84.56,4.39,0.65,0.67
2012,197,27.83,21.97,21.35,3.29,84.98,4.16,0.65,0.67
2012,198,27.25,22.19,21.65,6.22,86.31,3.38,0.65,0.69
2012,199,27.4,22.13,21.98,14.45,87.53,3.3,0.65,0.73
2012,200,26.8,22.86,21.92,21.89,87.29,5.58,0.67,0.79
2012,201,27.02,22.52,21.77,18.37,87.53,6.6,0.69,0.8
2012,202,28.23,22.23,21.74,9.08,85.84,5.94,0.69,0.76
2012,203,26.87,22.6,22.05,2.67,88.82,4.88,0.69,0.73
2012,204,27.17,22.3,21.95,2.22,88.95,4.87,0.69,0.72
2012,205,27.47,22.35,21.85,2.71,86.68,5.18,0.69,0.71
2012,206,28.68,21.92,21.76,3.45,86.49,5.58,0.69,0.71
2012,207,27.16,22.46,21.95,3.35,87.47,5.25,0.69,0.71
2012,208,26.27,22.51,21.68,6.43,88.64,5.8,0.69,0.73
2012,209,28.2,22.43,21.83,2.79,85.5,5.34,0.7,0.71
2012,210,27.01,22.68,21.65,3.02,86.44,5.78,0.69,0.71
2012,211,26.99,22.55,21.71,10.32,87.6,5.47,0.7,0.75
2012,212,27.48,22.28,21.74,25.25,86.81,6.16,0.71,0.82
2012,213,24.27,22.65,22.3,84.78,94.37,6.06,0.74,0.93
2012,214,25.8,22.03,21.63,32.73,89.83,5.41,0.78,0.9
2012,215,26.34,20.54,20.92,7.54,87.66,5.23,0.78,0.83
2012,216,25.62,22.1,21.57,6.87,89.84,6.0,0.79,0.82
2012,217,25.82,21.87,21.41,6.26,89.39,5.98,0.79,0.82
2012,218,26.09,21.34,21.36,1.95,89.46,5.65,0.79,0.8
2012,219,25.64,21.92,21.88,7.05,91.31,5.53,0.79,0.81
2012,220,26.96,22.26,21.88,8.71,89.09,5.33,0.79,0.82
2012,221,27.08,22.0,21.73,8.71,88.36,5.88,0.8,0.82
2012,222,26.82,22.34,21.79,11.28,88.55,6.31,0.8,0.83
2012,223,25.58,22.42,22.01,10.92,92.01,5.8,0.81,0.84
2012,224,27.14,22.08,21.64,4.01,88.36,5.15,0.81,0.82
2012,225,27.71,21.85,21.73,5.89,87.71,4.97,0.81,0.82
2012,226,27.82,21.55,21.46,2.08,86.85,4.94,0.81,0.8
2012,227,27.56,21.48,21.42,0.8,87.2,4.66,0.8,0.79
2012,228,27.72,21.39,21.25,0.94,86.65,4.85,0.8,0.78
2012,229,27.36,21.31,21.16,0.29,86.98,4.09,0.79,0.78
2012,230,26.67,21.11,20.89,0.68,87.61,3.67,0.79,0.77
2012,231,27.21,20.95,21.2,17.31,88.65,4.18,0.79,0.83
2012,232,25.97,21.76,21.37,16.43,89.79,4.52,0.8,0.85
2012,233,27.51,21.56,21.27,3.12,87.58,4.3,0.81,0.81
2012,234,26.2,21.46,21.1,0.88,88.32,3.66,0.8,0.8
2012,235,27.78,21.24,21.46,5.5,88.02,2.97,0.8,0.8
2012,236,28.55,20.74,21.32,1.56,85.8,2.72,0.8,0.79
2012,237,28.62,20.44,21.26,0.01,85.45,2.36,0.8,0.78
2012,238,27.77,20.99,21.11,2.13,86.08,2.77,0.79,0.78
2012,239,26.69,21.63,21.59,8.08,88.33,3.87,0.79,0.8
2012,240,25.22,22.43,22.08,20.74,92.5,5.19,0.8,0.86
2012,241,25.8,22.48,22.29,10.99,92.3,4.26,0.81,0.84
2012,242,27.9,22.2,22.57,28.18,90.94,3.35,0.82,0.88
2012,243,26.48,22.03,21.86,21.4,90.07,2.3,0.84,0.9
2012,244,27.43,21.42,22.17,17.88,91.22,2.28,0.85,0.89
2012,245,27.8,21.63,22.03,7.98,89.96,2.87,0.85,0.87
2012,246,27.01,22.24,22.68,7.98,90.62,3.98,0.85,0.86
2012,247,25.27,22.96,22.93,33.16,94.84,3.97,0.86,0.92
2012,248,24.98,22.5,22.42,26.35,94.03,4.63,0.89,0.93
2012,249,24.96,22.41,22.13,14.23,93.64,4.72,0.89,0.91
2012,250,26.71,21.95,22.14,9.11,90.85,5.29,0.9,0.9
2012,251,27.74,21.34,21.93,2.71,89.54,4.76,0.9,0.88
2012,252,27.95,21.58,21.98,6.32,89.51,4.73,0.89,0.88
2012,253,27.31,21.63,21.99,7.89,90.07,4.19,0.89,0.88
2012,254,25.93,22.18,21.99,18.56,91.76,4.03,0.89,0.9
2012,255,25.22,21.7,21.67,8.98,92.2,3.94,0.9,0.9
2012,256,26.68,21.08,21.42,0.88,90.06,3.64,0.9,0.87
2012,257,26.72,20.56,21.23,1.87,89.82,3.74,0.89,0.87
2012,258,26.33,21.16,21.25,3.97,89.73,4.07,0.89,0.87
2012,259,26.9,21.37,21.3,3.08,89.41,4.32,0.89,0.87
2012,260,26.86,21.18,21.22,0.98,89.06,3.93,0.89,0.86
2012,261,27.24,20.33,20.9,0.27,88.19,2.99,0.88,0.85
2012,262,26.97,19.67,20.68,0.57,88.21,2.43,0.88,0.84
2012,263,27.27,19.36,20.48,7.12,87.61,1.59,0.87,0.86
2012,264,27.5,19.72,20.79,3.15,88.64,2.0,0.87,0.85
2012,265,26.96,20.29,20.88,1.87,89.29,2.09,0.87,0.84
2012,266,25.44,20.26,20.44,1.15,90.08,2.15,0.87,0.84
2012,267,26.89,19.02,19.42,0.12,86.35,1.89,0.86,0.83
2012,268,26.19,17.94,19.3,1.69,88.09,2.1,0.86,0.83
2012,269,26.53,17.77,19.36,0.83,87.72,1.95,0.85,0.83
2012,270,28.44,18.64,19.75,0.01,84.43,1.73,0.85,0.82
2012,271,28.73,19.06,20.43,0.0,84.7,1.86,0.84,0.81
2012,272,28.36,19.25,20.12,0.04,83.76,1.89,0.84,0.81
2012,273,29.01,19.58,20.57,0.92,82.64,1.58,0.83,0.81
2012,274,28.82,20.53,21.19,19.15,84.72,1.51,0.83,0.86
2012,275,28.09,21.38,22.05,29.82,87.04,1.37,0.85,0.91
2012,276,26.42,21.76,22.48,13.26,92.6,1.19,0.87,0.9
2012,277,27.01,21.67,21.78,10.73,89.81,1.4,0.87,0.88
2012,278,26.82,20.81,21.7,27.69,91.35,1.62,0.88,0.91
2012,279,27.1,20.66,21.55,25.15,90.14,1.45,0.9,0.93
2012,280,26.47,21.73,22.48,21.94,93.76,1.8,0.91,0.92
2012,281,26.08,22.05,22.49,11.67,93.83,1.49,0.91,0.91
2012,282,25.88,21.81,21.65,6.01,90.9,1.74,0.92,0.9
2012,283,28.47,20.7,20.67,2.01,82.47,1.03,0.92,0.89
2012,284,29.02,19.15,19.84,2.17,81.09,1.28,0.91,0.88
2012,285,28.85,18.99,19.4,0.23,79.41,1.41,0.91,0.87
2012,286,29.69,17.92,17.88,0.0,73.72,1.18,0.9,0.86
2012,287,29.56,18.3,18.1,0.0,73.92,1.19,0.9,0.86
2012,288,29.09,17.72,17.27,0.0,71.35,1.43,0.89,0.85
2012,289,29.31,17.7,17.6,0.0,72.83,1.43,0.88,0.85
2012,290,28.93,18.95,17.85,0.0,73.78,1.46,0.88,0.84
2012,291,28.69,17.74,16.69,0.0,71.11,1.9,0.87,0.84
2012,292,29.2,17.04,16.21,0.0,69.02,1.96,0.87,0.83
2012,293,29.04,17.74,17.19,0.0,73.38,2.58,0.86,0.83
2012,294,28.41,17.05,17.05,0.02,74.04,2.65,0.86,0.82
2012,295,24.75,19.64,19.64,0.03,87.03,2.31,0.85,0.82
2012,296,24.89,19.9,19.74,0.57,87.47,2.41,0.85,0.83
2012,297,27.42,20.63,20.21,0.07,82.73,1.9,0.85,0.82
2012,298,28.08,20.06,20.01,9.25,81.6,1.44,0.85,0.85
2012,299,28.71,19.32,19.59,0.35,79.93,1.21,0.85,0.82
2012,300,28.43,20.01,19.09,4.18,77.75,1.08,0.85,0.83
2012,301,27.09,19.07,19.39,0.27,81.84,1.89,0.84,0.82
2012,302,28.74,18.49,18.65,0.0,77.27,2.25,0.84,0.81
2012,303,28.22,16.51,17.21,0.0,75.37,2.51,0.83,0.81
2012,304,28.0,13.86,12.57,0.0,64.19,2.69,0.83,0.8
2012,305,29.06,14.68,14.95,0.0,69.84,2.14,0.82,0.8
2012,306,27.97,16.85,17.87,0.11,79.29,2.37,0.82,0.8
2012,307,28.42,19.37,20.19,1.18,84.67,1.75,0.82,0.8
2012,308,28.71,18.32,19.57,0.02,83.52,1.34,0.81,0.79
2012,309,28.49,18.7,19.11,0.0,80.92,1.3,0.81,0.78
2012,310,28.79,15.78,16.27,0.0,73.56,1.28,0.8,0.78
2012,311,29.38,15.42,15.58,0.0,70.28,1.27,0.8,0.78
2012,312,28.68,17.34,16.41,0.0,71.61,1.28,0.8,0.77
2012,313,28.79,16.97,15.8,0.0,69.31,1.3,0.79,0.77
2012,314,28.61,15.83,17.26,0.0,77.28,1.43,0.79,0.76
2012,315,28.7,16.41,16.65,0.0,73.6,1.49,0.78,0.76
2012,316,28.46,17.14,15.93,0.0,69.52,1.25,0.78,0.76
2012,317,28.26,16.37,17.33,0.0,76.9,1.32,0.77,0.75
2012,318,27.57,17.5,16.75,0.0,75.0,2.18,0.77,0.75
2012,319,27.83,14.66,13.27,0.0,64.49,1.59,0.77,0.75
2012,320,28.04,16.11,14.68,0.0,69.28,1.69,0.76,0.74
2012,321,27.32,14.02,11.57,0.0,63.39,2.38,0.76,0.74
2012,322,27.18,11.83,9.56,0.0,59.99,2.13,0.76,0.73
2012,323,26.54,11.81,9.88,0.0,62.24,1.93,0.75,0.73
2012,324,26.94,11.44,8.9,0.0,57.91,1.95,0.75,0.73
2012,325,27.55,11.34,8.27,0.0,53.05,1.86,0.74,0.72
2012,326,27.96,12.65,13.51,0.0,68.31,1.81,0.74,0.72
2012,327,29.32,14.94,14.39,0.0,67.36,1.16,0.74,0.72
2012,328,28.68,14.9,13.65,0.0,65.82,1.39,0.73,0.72
2012,329,28.09,15.44,14.93,0.0,69.76,1.41,0.73,0.71
2012,330,29.14,15.97,16.3,0.0,71.23,1.39,0.72,0.71
2012,331,29.09,16.54,15.92,0.0,70.71,1.4,0.72,0.7
2012,332,28.94,16.5,15.58,0.0,68.98,1.2,0.72,0.7
2012,333,28.1,17.43,13.6,0.0,62.83,1.19,0.71,0.69
2012,334,27.78,15.18,12.23,0.0,63.28,1.43,0.71,0.69
2012,335,27.87,11.94,9.43,0.0,57.67,1.64,0.71,0.68
2012,336,28.23,13.38,11.5,0.0,64.06,1.29,0.7,0.68
2012,337,28.06,12.59,12.97,0.0,67.41,1.29,0.7,0.67
2012,338,28.31,15.22,13.21,0.0,64.36,2.19,0.7,0.67
2012,339,28.13,14.73,11.06,0.0,56.1,2.51,0.69,0.66
2012,340,28.72,14.83,13.85,0.0,62.0,2.59,0.69,0.65
2012,341,27.03,18.01,15.63,0.0,67.63,2.38,0.69,0.65
2012,342,29.66,16.91,15.45,0.0,66.17,1.57,0.68,0.65
2012,343,30.25,17.55,16.86,0.0,70.81,1.13,0.68,0.65
2012,344,28.78,17.96,15.01,0.0,66.1,1.4,0.68,0.64
2012,345,27.43,16.33,14.1,0.0,67.83,1.59,0.68,0.64
2012,346,26.18,14.36,14.22,0.0,77.23,1.58,0.67,0.63
2012,347,27.31,12.2,11.97,0.0,70.02,1.31,0.67,0.63
2012,348,25.51,14.37,12.35,0.0,71.13,1.32,0.67,0.62
2012,349,27.03,12.7,11.91,0.0,72.3,1.29,0.66,0.62
2012,350,27.94,11.46,12.88,0.0,72.24,1.73,0.66,0.62
2012,351,28.92,14.05,11.77,0.0,59.41,1.27,0.66,0.61
2012,352,28.68,14.68,12.09,0.0,60.0,2.6,0.66,0.6
2012,353,28.04,15.3,11.51,0.0,59.1,2.5,0.65,0.6
2012,354,27.66,13.27,7.88,0.0,49.27,2.52,0.65,0.59
2012,355,28.01,12.19,6.9,0.0,45.35,1.97,0.65,0.59
2012,356,29.18,13.11,10.73,0.0,55.43,1.82,0.64,0.58
2012,357,29.39,14.15,12.39,0.0,60.37,1.47,0.64,0.58
2012,358,29.12,14.19,12.67,0.0,62.02,1.53,0.64,0.58
2012,359,28.15,13.83,12.46,0.0,62.39,1.31,0.63,0.57
2012,360,28.11,15.24,10.97,0.0,55.6,1.55,0.63,0.57
2012,361,27.38,12.52,5.44,0.0,42.42,2.47,0.63,0.56
2012,362,27.61,10.51,4.31,0.0,42.45,1.58,0.63,0.56
2012,363,27.93,10.35,6.22,0.0,49.09,1.42,0.62,0.56
2012,364,28.48,11.23,8.53,0.0,55.42,1.59,0.62,0.55
2012,365,28.62,13.21,11.9,0.0,60.69,1.39,0.62,0.55
2012,366,29.33,17.12,15.3,0.0,67.37,1.4,0.61,0.55
2013,1,28.41,17.76,17.61,0.01,77.18,1.53,0.61,0.55
2013,2,26.98,15.52,15.59,0.0,77.69,1.66,0.61,0.54
2013,3,28.25,15.7,8.77,0.0,49.94,1.49,0.61,0.54
2013,4,27.18,14.19,7.85,0.0,52.19,1.64,0.61,0.53
2013,5,26.0,12.74,9.79,0.0,63.94,1.61,0.6,0.53
2013,6,25.68,11.58,5.86,0.0,53.53,1.66,0.6,0.53
2013,7,27.42,8.85,3.6,0.0,45.53,1.55,0.6,0.52
2013,8,28.56,9.79,8.0,0.0,55.39,1.84,0.6,0.52
2013,9,28.67,12.33,12.64,0.0,69.2,1.39,0.59,0.51
2013,10,28.55,13.97,10.22,0.0,56.89,1.49,0.59,0.51
2013,11,29.96,13.11,8.25,0.0,48.7,2.19,0.59,0.5
2013,12,29.93,12.98,5.94,0.0,40.63,1.89,0.59,0.49
2013,13,30.56,12.46,5.58,0.0,40.97,1.43,0.58,0.49
2013,14,31.19,13.2,6.67,0.0,44.75,1.59,0.58,0.48
2013,15,31.16,14.29,8.25,0.0,48.81,1.37,0.58,0.48
2013,16,30.64,12.84,7.68,0.0,47.73,2.1,0.58,0.47
2013,17,29.24,13.4,10.22,0.0,58.59,2.14,0.58,0.47
2013,18,26.42,12.73,13.11,0.0,72.17,1.92,0.57,0.47
2013,19,28.97,10.35,6.67,0.0,49.44,1.61,0.57,0.46
2013,20,29.6,11.86,7.89,0.0,50.68,1.78,0.57,0.46
2013,21,29.81,12.53,6.77,0.0,46.28,1.6,0.57,0.46
2013,22,30.45,12.49,8.44,0.0,49.29,2.16,0.57,0.45
2013,23,29.74,13.65,8.16,0.0,48.14,1.84,0.56,0.45
2013,24,29.38,13.2,8.13,0.0,48.1,1.9,0.56,0.45
2013,25,30.2,12.77,6.46,0.0,46.06,1.58,0.56,0.44
2013,26,30.4,12.58,7.85,0.0,48.08,1.58,0.56,0.44
2013,27,29.14,14.07,9.07,0.0,50.85,1.61,0.56,0.44
2013,28,30.38,14.05,9.65,0.0,51.27,1.77,0.56,0.44
2013,29,30.41,14.18,8.18,0.0,47.63,1.83,0.55,0.43
2013,30,29.8,13.42,7.79,0.0,46.84,1.12,0.55,0.43
2013,31,31.19,14.68,10.84,0.0,51.96,1.84,0.55,0.43
2013,32,31.3,17.35,12.06,0.0,52.92,1.73,0.55,0.43
2013,33,31.51,17.46,12.05,0.0,52.29,0.96,0.55,0.42
2013,34,31.86,16.9,12.19,0.0,53.82,1.94,0.55,0.42
2013,35,31.1,16.19,13.84,0.0,65.31,2.62,0.54,0.42
2013,36,29.46,16.6,15.66,0.0,73.05,1.87,0.54,0.42
2013,37,28.15,14.64,12.95,0.0,68.3,2.3,0.54,0.42
2013,38,31.43,13.08,8.21,0.0,49.66,2.06,0.54,0.41
2013,39,31.3,11.93,4.71,0.0,42.05,1.53,0.54,0.41
2013,40,33.34,14.2,10.5,0.0,53.79,1.67,0.54,0.41
2013,41,33.24,17.66,13.38,0.0,55.15,2.12,0.54,0.4
2013,42,32.59,19.74,13.92,3.1,53.59,1.51,0.54,0.44
2013,43,32.77,19.06,13.75,0.08,52.17,1.69,0.54,0.44
2013,44,32.72,20.83,13.24,0.0,46.8,1.5,0.53,0.42
2013,45,33.98,21.64,11.93,0.0,43.13,2.2,0.53,0.41
2013,46,32.32,18.76,12.26,0.04,49.33,1.9,0.53,0.41
2013,47,28.23,14.16,14.01,0.08,69.0,3.05,0.53,0.42
2013,48,28.74,12.86,7.77,0.0,55.29,1.54,0.53,0.41
2013,49,31.82,11.12,2.95,0.0,36.15,1.52,0.53,0.41
2013,50,33.37,12.97,5.35,0.0,39.06,2.5,0.53,0.4
2013,51,33.58,15.8,6.1,0.0,37.79,1.61,0.52,0.4
2013,52,34.58,16.6,7.25,0.0,38.71,1.93,0.52,0.39
2013,53,34.81,17.69,9.4,0.02,43.07,1.66,0.52,0.39
2013,54,32.62,17.46,9.5,0.02,47.24,1.79,0.52,0.39
2013,55,34.15,14.3,5.83,0.0,40.59,1.77,0.52,0.39
2013,56,35.08,14.53,6.97,0.0,37.61,2.21,0.52,0.38
2013,57,34.34,17.77,8.05,0.0,39.56,1.95,0.52,0.38
2013,58,32.59,14.29,7.99,0.0,48.08,2.36,0.51,0.37
2013,59,34.27,14.43,4.58,0.0,32.54,2.09,0.51,0.37
2013,60,34.7,17.71,5.15,0.0,29.19,2.96,0.51,0.36
2013,61,35.56,17.2,0.39,0.0,21.77,3.08,0.51,0.35
2013,62,36.13,16.14,-2.9,0.0,17.68,2.66,0.51,0.34
2013,63,36.29,15.44,-3.44,0.0,17.21,2.31,0.51,0.33
2013,64,36.4,15.34,0.11,0.0,19.93,2.14,0.51,0.32
2013,65,36.03,18.31,4.54,0.0,26.52,2.64,0.51,0.31
2013,66,36.34,17.54,8.12,0.0,30.91,2.38,0.5,0.3
2013,67,36.5,20.18,7.82,0.0,29.31,2.25,0.5,0.3
2013,68,36.93,21.08,7.98,0.0,32.58,1.94,0.5,0.29
2013,69,36.41,18.34,4.62,0.0,28.49,2.48,0.5,0.28
2013,70,36.35,19.01,7.61,0.0,34.31,2.02,0.5,0.28
2013,71,35.04,19.06,10.23,0.0,42.49,2.32,0.5,0.28
2013,72,35.09,17.99,10.72,0.0,45.92,2.53,0.5,0.28
2013,73,35.82,16.24,10.09,0.0,48.06,2.4,0.5,0.27
2013,74,36.19,17.79,9.56,0.05,40.4,2.12,0.5,0.27
2013,75,35.73,21.59,10.58,0.85,38.69,1.58,0.5,0.27
2013,76,36.49,19.49,9.53,0.66,40.51,1.89,0.5,0.3
2013,77,36.77,19.02,7.34,0.0,32.59,2.38,0.5,0.29
2013,78,36.66,19.02,5.58,0.0,30.38,2.51,0.5,0.28
2013,79,34.93,18.54,2.33,0.0,25.97,2.85,0.5,0.27
2013,80,37.15,16.01,2.55,0.0,26.92,2.07,0.5,0.26
2013,81,36.85,17.51,8.81,0.0,40.45,2.42,0.5,0.25
2013,82,36.76,19.46,13.27,0.0,54.66,2.49,0.5,0.25
2013,83,35.43,17.56,12.03,0.0,49.43,1.85,0.5,0.24
2013,84,36.18,22.13,10.38,0.0,36.78,2.26,0.5,0.24
2013,85,35.82,21.29,12.08,0.0,43.45,2.5,0.5,0.24
2013,86,36.08,19.12,13.47,0.0,54.24,2.9,0.5,0.24
2013,87,35.06,17.89,13.77,0.0,53.17,2.99,0.5,0.24
2013,88,35.77,17.09,9.69,0.0,44.94,3.04,0.49,0.23
2013,89,37.46,16.2,6.29,0.0,33.02,2.29,0.49,0.23
2013,90,38.72,18.15,6.26,0.0,30.19,2.18,0.49,0.22
2013,91,38.47,18.67,9.4,0.0,39.42,2.47,0.49,0.22
2013,92,35.94,18.08,13.5,0.0,52.88,2.97,0.49,0.21
2013,93,36.26,18.11,12.07,0.0,51.0,2.82,0.49,0.21
2013,94,36.9,16.28,10.08,0.0,46.93,2.53,0.49,0.21
2013,95,38.57,17.57,8.17,0.0,41.89,2.23,0.49,0.21
2013,96,38.08,18.85,10.2,0.0,44.58,2.47,0.49,0.2
2013,97,37.68,17.2,8.09,0.0,41.36,2.72,0.49,0.2
2013,98,39.49,16.39,6.99,0.0,38.76,2.64,0.49,0.19
2013,99,39.45,17.68,10.48,0.0,44.62,2.82,0.49,0.19
2013,100,38.33,20.37,12.66,0.0,50.24,3.16,0.49,0.19
2013,101,37.7,19.0,10.71,0.0,41.37,3.1,0.49,0.18
2013,102,39.57,18.95,10.05,0.0,37.52,2.34,0.49,0.18
2013,103,39.76,21.79,12.45,0.05,40.13,2.75,0.49,0.18
2013,104,38.42,20.6,12.61,0.03,46.92,2.85,0.49,0.18
2013,105,37.69,18.64,10.5,0.0,45.66,3.12,0.49,0.18
2013,106,34.95,16.66,11.5,0.0,54.28,3.03,0.49,0.17
2013,107,35.65,17.94,13.87,0.0,59.18,3.07,0.49,0.17
2013,108,35.05,18.85,14.16,0.0,58.71,3.07,0.49,0.17
2013,109,34.66,19.7,15.08,0.0,59.48,3.34,0.49,0.17
2013,110,34.96,19.72,15.49,0.0,59.42,2.97,0.49,0.17
2013,111,36.55,19.49,14.91,0.0,57.48,2.74,0.49,0.17
2013,112,37.79,20.98,15.25,0.0,53.23,3.05,0.49,0.17
2013,113,38.74,20.77,14.8,0.0,52.21,2.82,0.49,0.17
2013,114,38.87,20.98,15.56,0.0,52.94,2.78,0.49,0.16
2013,115,39.65,21.78,15.65,0.25,47.7,2.37,0.49,0.16
2013,116,39.87,23.52,13.27,0.0,36.46,1.52,0.49,0.17
2013,117,40.81,24.06,10.27,0.0,29.64,2.53,0.49,0.16
2013,118,40.25,23.07,11.56,0.0,36.6,2.68,0.49,0.16
2013,119,40.56,21.34,14.43,0.0,47.44,2.72,0.49,0.16
2013,120,41.71,22.31,15.59,0.0,48.2,2.8,0.49,0.15
2013,121,40.28,25.08,15.61,0.03,42.39,2.67,0.49,0.15
2013,122,38.17,23.7,15.98,0.01,48.01,3.25,0.49,0.15
2013,123,37.91,19.86,12.97,0.0,47.74,3.03,0.49,0.15
2013,124,36.92,20.28,17.02,0.0,58.68,3.58,0.49,0.15
2013,125,39.21,20.89,15.7,0.0,53.74,3.58,0.49,0.15
2013,126,39.07,22.29,14.95,0.0,51.53,3.5,0.49,0.15
2013,127,39.14,21.39,17.02,0.0,57.83,3.39,0.49,0.15
2013,128,39.08,21.83,16.78,0.0,54.6,3.28,0.49,0.14
2013,129,39.16,21.79,15.5,0.0,51.72,3.54,0.49,0.14
2013,130,38.02,20.53,14.53,0.0,50.5,3.39,0.49,0.14
2013,131,37.72,22.36,16.55,0.0,53.4,3.61,0.49,0.14
2013,132,36.25,21.64,16.03,0.0,55.93,3.28,0.49,0.14
2013,133,36.95,20.47,16.99,0.0,58.93,3.5,0.49,0.14
2013,134,37.15,22.05,16.65,0.0,54.94,3.78,0.49,0.14
2013,135,34.97,22.79,18.19,0.02,61.4,3.48,0.49,0.14
2013,136,33.88,22.65,18.19,0.0,60.52,3.26,0.49,0.14
2013,137,37.56,22.96,17.21,0.0,55.06,3.78,0.49,0.14
2013,138,38.96,22.17,16.62,0.0,54.42,3.69,0.49,0.14
2013,139,38.4,22.76,17.6,0.04,54.42,3.33,0.49,0.14
2013,140,39.71,23.89,18.54,0.01,57.32,3.6,0.49,0.14
2013,141,37.59,23.56,18.26,0.0,56.94,4.07,0.49,0.14
2013,142,38.39,23.17,17.51,0.0,54.08,4.05,0.49,0.14
2013,143,38.29,22.84,17.65,0.0,57.1,4.36,0.49,0.13
2013,144,37.25,23.29,18.99,0.0,60.61,4.56,0.49,0.13
2013,145,36.38,23.43,19.75,0.04,63.22,4.64,0.49,0.13
2013,146,37.0,23.47,19.48,0.59,60.78,4.41,0.49,0.14
2013,147,35.76,23.72,20.26,0.2,64.12,4.37,0.49,0.16
2013,148,34.17,24.1,20.64,0.35,67.39,4.01,0.49,0.17
2013,149,33.96,23.98,21.16,0.41,69.67,4.43,0.49,0.18
2013,150,34.24,23.78,20.76,0.47,68.08,4.6,0.49,0.19
2013,151,35.75,23.46,19.55,0.06,62.16,4.33,0.49,0.2
2013,152,35.77,24.08,18.14,0.76,57.83,3.87,0.49,0.21
2013,153,29.14,23.67,20.99,6.36,74.7,3.38,0.49,0.32
2013,154,28.1,22.46,21.34,7.97,81.88,2.14,0.5,0.54
2013,155,31.68,21.87,20.81,32.99,77.13,2.83,0.51,0.67
2013,156,30.44,22.57,21.61,7.14,79.06,2.63,0.54,0.64
2013,157,27.32,23.72,23.05,39.16,88.57,2.88,0.55,0.74
2013,158,28.64,23.31,22.67,18.74,87.27,3.18,0.58,0.76
2013,159,27.9,22.5,22.15,15.94,88.28,4.32,0.59,0.75
2013,160,26.38,22.67,22.83,36.37,91.06,5.52,0.61,0.82
2013,161,26.34,23.14,22.94,32.91,91.03,4.99,0.64,0.85
2013,162,27.5,23.09,22.22,4.02,86.46,4.6,0.65,0.74
2013,163,27.98,22.27,21.59,3.42,83.97,4.81,0.65,0.71
2013,164,28.96,22.32,21.69,4.25,83.96,4.75,0.65,0.7
2013,165,27.54,22.53,22.31,19.13,89.65,5.17,0.66,0.77
2013,166,25.72,22.49,22.31,64.73,91.38,5.44,0.68,0.9
2013,167,25.24,22.25,22.74,97.0,93.67,7.09,0.74,0.98
2013,168,27.14,22.5,22.67,17.0,91.12,5.31,0.77,0.88
2013,169,26.57,22.36,22.43,27.14,91.41,4.88,0.78,0.89
2013,170,26.3,22.41,22.34,31.03,90.81,3.59,0.8,0.92
2013,171,27.15,22.65,22.41,3.22,89.09,4.06,0.81,0.84
2013,172,26.86,22.02,21.67,1.5,87.46,3.93,0.81,0.82
2013,173,27.38,22.15,21.6,1.99,85.89,3.91,0.81,0.81
2013,174,26.75,22.5,22.07,5.26,89.2,4.35,0.81,0.82
2013,175,27.2,22.38,22.2,23.69,88.73,4.38,0.81,0.87
2013,176,25.69,22.71,22.44,32.53,92.51,4.89,0.84,0.92
2013,177,27.22,22.81,22.5,10.84,89.42,5.57,0.85,0.88
2013,178,26.7,22.61,22.19,5.28,89.76,5.37,0.85,0.85
2013,179,27.9,22.0,21.67,5.34,86.37,5.79,0.85,0.85
2013,180,27.36,22.2,22.02,5.05,87.91,5.91,0.85,0.85
2013,181,26.3,22.41,22.05,6.3,89.42,6.12,0.85,0.86
2013,182,26.6,22.43,21.98,6.92,89.0,5.95,0.85,0.86
2013,183,25.69,22.26,22.27,10.1,92.15,4.74,0.85,0.87
2013,184,25.16,22.65,22.33,12.34,93.02,5.23,0.86,0.88
2013,185,26.44,21.59,21.45,3.84,87.92,5.36,0.86,0.86
2013,186,27.33,21.93,21.9,1.79,88.05,5.07,0.86,0.85
2013,187,26.65,22.16,22.09,5.71,90.38,4.54,0.86,0.86
2013,188,27.05,22.05,22.04,6.94,89.96,4.32,0.86,0.86
2013,189,26.61,21.89,21.62,6.25,89.58,4.41,0.86,0.86
2013,190,26.63,21.85,21.75,7.14,89.54,4.89,0.86,0.86
2013,191,24.56,22.14,21.86,12.58,92.92,5.53,0.87,0.88
2013,192,24.25,22.01,21.92,27.66,94.06,5.26,0.88,0.92
2013,193,24.63,20.68,21.71,38.81,93.79,5.1,0.9,0.95
2013,194,25.47,20.13,20.83,12.74,89.98,5.07,0.91,0.91
2013,195,26.66,21.6,21.69,6.0,90.03,4.41,0.91,0.9
2013,196,25.51,21.63,21.69,3.06,91.49,4.37,0.91,0.89
2013,197,24.66,21.86,21.77,12.93,93.1,5.08,0.91,0.91
2013,198,23.85,22.19,21.98,25.99,94.68,5.58,0.92,0.94
2013,199,26.05,22.08,21.88,10.32,90.75,6.18,0.93,0.92
2013,200,25.57,22.17,22.17,28.56,92.82,5.68,0.93,0.94
2013,201,24.99,22.32,22.07,31.05,93.7,5.51,0.94,0.95
2013,202,24.82,22.18,21.92,20.54,93.8,5.57,0.95,0.95
2013,203,24.2,22.01,21.83,20.15,94.32,5.59,0.95,0.95
2013,204,24.21,21.83,21.96,72.72,95.21,5.78,0.96,0.98
2013,205,24.6,21.67,21.82,30.05,94.0,6.73,0.96,0.97
2013,206,25.16,22.03,22.04,13.34,93.18,7.08,0.96,0.96
2013,207,24.36,21.28,21.63,10.77,93.74,6.26,0.96,0.96
2013,208,25.6,21.6,22.13,15.55,92.88,5.97,0.96,0.96
2013,209,25.73,22.03,22.07,11.57,92.37,6.51,0.96,0.95
2013,210,25.88,21.93,21.78,6.75,91.05,6.36,0.96,0.94
2013,211,24.31,21.47,21.33,11.29,92.98,6.74,0.96,0.94
2013,212,24.67,21.47,21.47,20.52,93.94,6.11,0.96,0.95
2013,213,23.13,21.06,21.59,34.78,95.73,6.09,0.96,0.97
2013,214,23.33,20.87,20.92,14.24,93.79,5.74,0.97,0.97
2013,215,25.82,20.85,21.37,4.33,91.83,4.41,0.96,0.95
2013,216,26.02,20.87,21.34,4.04,91.12,3.85,0.96,0.94
2013,217,25.75,20.56,21.28,1.21,91.29,3.43,0.96,0.93
2013,218,24.64,21.01,21.16,1.82,91.97,3.22,0.95,0.93
2013,219,26.4,20.86,21.45,3.72,90.63,3.73,0.95,0.92
2013,220,26.2,21.0,21.31,3.3,90.44,3.9,0.95,0.92
2013,221,25.84,21.44,21.32,3.43,91.03,4.16,0.94,0.92
2013,222,25.39,21.28,21.28,3.03,91.65,4.67,0.94,0.91
2013,223,25.55,21.01,21.06,1.86,90.81,4.67,0.94,0.91
2013,224,25.95,20.79,21.06,2.39,90.63,4.57,0.93,0.9
2013,225,25.75,21.21,21.29,4.01,91.38,4.37,0.93,0.91
2013,226,26.67,21.13,21.17,3.98,89.72,4.63,0.93,0.9
2013,227,27.18,21.18,21.4,1.25,89.27,3.96,0.93,0.89
2013,228,26.44,21.31,21.51,2.22,90.43,3.57,0.92,0.89
2013,229,26.7,21.79,21.99,5.68,91.36,3.62,0.92,0.9
2013,230,26.08,21.69,21.86,2.63,91.99,3.89,0.92,0.89
2013,231,26.6,21.23,21.39,1.17,89.7,4.28,0.92,0.89
2013,232,26.03,21.34,21.28,0.89,90.14,4.75,0.91,0.88
2013,233,26.33,21.27,21.11,1.78,88.93,5.13,0.91,0.88
2013,234,25.92,21.19,21.05,2.22,89.51,4.48,0.9,0.88
2013,235,26.05,21.02,20.98,1.9,89.5,4.45,0.9,0.87
2013,236,27.04,20.86,21.18,2.35,88.61,4.32,0.9,0.87
2013,237,25.46,21.06,20.95,4.24,89.91,3.83,0.89,0.87
2013,238,25.75,20.92,21.03,1.47,89.93,3.34,0.89,0.87
2013,239,26.69,20.46,20.93,0.62,88.56,2.84,0.89,0.86
2013,240,26.77,20.67,21.11,0.99,89.53,2.75,0.88,0.86
2013,241,27.32,20.24,21.15,1.64,88.55,2.54,0.88,0.86
2013,242,27.55,20.5,21.17,2.11,88.57,2.83,0.88,0.86
2013,243,28.06,20.03,21.04,0.91,87.66,2.2,0.87,0.85
2013,244,28.27,19.18,20.49,0.11,85.99,1.84,0.87,0.84
2013,245,28.46,19.58,20.95,0.01,86.55,1.91,0.86,0.84
2013,246,27.26,20.16,20.76,0.11,88.18,2.3,0.86,0.83
2013,247,26.99,19.65,20.32,0.24,87.3,2.47,0.85,0.83
2013,248,26.41,19.41,20.25,5.26,87.93,2.75,0.85,0.84
2013,249,27.2,19.54,20.31,1.35,87.18,2.24,0.85,0.83
2013,250,27.15,19.63,20.3,0.11,86.96,2.09,0.84,0.82
2013,251,26.75,19.54,20.39,7.39,87.2,2.04,0.84,0.84
2013,252,27.27,20.73,21.31,20.07,88.87,2.14,0.84,0.89
2013,253,25.73,21.7,22.22,59.13,93.27,1.71,0.86,0.95
2013,254,28.62,21.39,21.93,17.97,86.35,1.57,0.89,0.92
2013,255,29.35,21.3,22.36,3.44,86.98,1.92,0.89,0.88
2013,256,29.41,22.08,22.9,16.32,88.13,1.58,0.89,0.9
2013,257,28.66,22.47,22.98,9.89,89.09,1.25,0.9,0.9
2013,258,27.26,22.08,22.46,19.44,90.97,1.91,0.9,0.92
2013,259,26.89,21.67,21.71,3.14,88.53,1.52,0.91,0.89
2013,260,27.01,21.43,21.97,9.72,89.61,2.42,0.91,0.9
2013,261,26.06,22.11,22.6,63.32,94.16,2.25,0.92,0.96
2013,262,26.42,22.25,22.68,14.09,93.12,2.46,0.94,0.93
2013,263,27.16,21.84,22.14,1.29,90.76,3.03,0.94,0.91
2013,264,25.62,21.21,21.27,0.07,91.36,3.68,0.93,0.9
2013,265,25.23,20.98,20.95,2.27,91.34,4.23,0.93,0.9
2013,266,24.7,20.76,20.74,7.05,91.48,4.22,0.93,0.91
2013,267,25.96,20.86,21.16,10.46,91.4,3.71,0.93,0.91
2013,268,24.89,20.52,20.7,2.94,91.54,3.05,0.93,0.9
2013,269,27.27,20.41,21.44,3.46,90.24,3.03,0.92,0.9
2013,270,27.82,20.71,21.65,1.65,90.22,2.72,0.92,0.89
2013,271,26.73,19.96,21.02,0.95,90.03,2.48,0.92,0.88
2013,272,27.39,20.42,21.34,3.5,90.11,3.02,0.91,0.89
2013,273,26.93,20.72,21.44,0.28,90.36,3.0,0.91,0.88
2013,274,26.8,20.2,21.0,0.16,89.79,2.55,0.9,0.87
2013,275,27.19,20.24,21.23,0.65,89.62,2.24,0.9,0.87
2013,276,28.02,20.71,21.98,5.39,90.07,2.14,0.9,0.88
2013,277,26.05,20.95,21.83,5.39,92.94,2.39,0.9,0.88
2013,278,25.32,19.82,21.4,4.77,94.3,2.04,0.9,0.88
2013,279,27.17,20.41,21.3,3.75,89.9,1.85,0.9,0.88
2013,280,28.08,20.17,20.89,3.1,87.06,1.42,0.89,0.87
2013,281,28.16,20.07,20.86,0.2,87.37,1.68,0.89,0.86
2013,282,26.61,20.31,21.01,1.55,90.65,2.27,0.89,0.86
2013,283,26.51,19.59,20.6,4.32,89.86,1.97,0.88,0.86
2013,284,26.06,19.27,20.2,3.37,89.39,1.84,0.88,0.86
2013,285,27.08,19.53,20.62,2.17,88.7,1.68,0.88,0.85
2013,286,27.56,20.11,21.17,2.37,89.16,1.76,0.88,0.86
2013,287,27.49,20.25,21.35,1.79,89.26,1.54,0.87,0.85
2013,288,28.22,20.63,21.47,15.77,88.14,1.28,0.87,0.88
2013,289,28.5,20.39,21.08,5.81,85.42,1.4,0.88,0.87
2013,290,28.7,19.63,20.87,2.82,85.2,2.16,0.88,0.86
2013,291,28.75,19.74,19.02,0.22,78.82,2.22,0.87,0.85
2013,292,29.35,17.92,18.39,0.0,76.68,2.08,0.87,0.84
2013,293,28.71,17.88,17.94,0.0,76.13,1.95,0.86,0.83
2013,294,28.42,17.28,16.84,0.0,72.7,1.88,0.85,0.83
2013,295,28.53,17.7,17.93,0.03,76.86,2.39,0.85,0.82
2013,296,28.31,18.19,19.35,0.05,81.71,2.47,0.84,0.82
2013,297,28.54,18.18,19.98,0.14,83.29,2.65,0.84,0.82
2013,298,28.43,19.89,21.08,0.89,85.92,1.62,0.84,0.82
2013,299,27.75,19.56,20.95,2.99,86.59,1.21,0.83,0.82
2013,300,28.2,20.09,21.22,0.92,87.82,1.28,0.83,0.82
2013,301,28.22,20.61,21.18,0.05,86.63,0.86,0.83,0.81
2013,302,28.23,19.73,19.64,0.0,81.24,0.97,0.82,0.81
2013,303,28.85,17.59,17.72,0.0,75.83,1.29,0.82,0.8
2013,304,28.08,15.74,16.24,0.0,74.58,1.65,0.81,0.8
2013,305,27.4,14.55,14.06,0.0,69.85,2.14,0.81,0.79
2013,306,28.18,15.88,17.04,0.14,76.27,2.25,0.8,0.79
2013,307,28.65,18.31,19.16,0.02,80.06,2.25,0.8,0.78
2013,308,27.98,18.89,19.2,0.0,80.68,2.45,0.8,0.78
2013,309,27.92,17.06,15.87,0.0,71.56,2.41,0.79,0.77
2013,310,27.27,16.58,16.11,0.0,73.29,1.89,0.79,0.77
2013,311,27.38,16.03,17.79,0.0,79.64,1.63,0.78,0.77
2013,312,27.8,18.41,18.52,0.0,79.51,1.49,0.78,0.76
2013,313,27.6,17.98,17.96,0.0,77.64,1.53,0.78,0.76
2013,314,27.46,16.07,15.67,0.0,73.54,2.29,0.77,0.76
2013,315,26.65,14.59,13.78,0.0,70.41,2.23,0.77,0.75
2013,316,26.98,14.47,13.23,0.0,67.2,1.72,0.76,0.75
2013,317,27.17,12.87,12.7,0.0,67.28,1.59,0.76,0.74
2013,318,27.14,13.57,13.6,0.0,70.96,1.77,0.76,0.74
2013,319,26.67,14.06,13.63,0.0,72.86,2.95,0.75,0.74
2013,320,26.6,13.66,12.36,0.0,69.24,2.74,0.75,0.73
2013,321,27.98,12.71,14.27,0.0,71.75,3.02,0.74,0.73
2013,322,28.78,17.59,18.19,0.0,77.59,2.45,0.74,0.73
2013,323,29.26,16.54,16.54,0.0,73.31,2.43,0.74,0.72
2013,324,28.24,13.89,11.79,0.0,62.33,2.06,0.73,0.71
2013,325,28.31,12.1,11.88,0.0,64.69,1.61,0.73,0.71
2013,326,28.11,13.33,12.91,0.0,67.29,1.86,0.72,0.71
2013,327,28.24,14.4,14.47,0.0,72.41,2.12,0.72,0.71
2013,328,28.5,16.76,17.97,3.36,78.63,1.44,0.72,0.72
2013,329,28.18,18.39,19.26,3.16,82.2,1.15,0.72,0.73
2013,330,28.76,19.0,19.83,3.08,83.4,1.59,0.72,0.73
2013,331,26.56,17.19,16.72,0.0,75.35,1.78,0.72,0.71
2013,332,27.54,14.05,11.33,0.0,62.7,2.96,0.71,0.7
2013,333,28.41,13.4,15.52,0.01,72.91,2.39,0.71,0.7
2013,334,28.23,19.2,18.55,0.03,78.71,1.95,0.71,0.7
2013,335,28.52,18.16,18.48,0.85,77.65,1.76,0.7,0.7
2013,336,27.74,18.9,19.38,3.99,83.6,1.73,0.7,0.72
2013,337,27.71,18.63,18.93,0.45,80.61,1.44,0.7,0.7
2013,338,28.18,17.81,18.09,0.0,78.12,2.21,0.7,0.69
2013,339,28.25,16.83,16.05,0.0,72.33,2.43,0.69,0.68
2013,340,27.21,14.3,12.92,0.0,67.71,2.31,0.69,0.68
2013,341,26.42,12.18,9.94,0.0,62.82,2.23,0.69,0.67
2013,342,26.69,10.68,8.08,0.0,57.47,2.26,0.68,0.67
2013,343,26.87,10.58,8.54,0.0,59.74,2.14,0.68,0.67
2013,344,27.17,11.17,8.64,0.0,58.05,2.02,0.67,0.66
2013,345,26.6,11.25,8.78,0.0,59.08,1.95,0.67,0.66
2013,346,26.06,10.55,8.12,0.0,59.71,2.4,0.67,0.66
2013,347,26.17,9.9,7.18,0.0,55.12,2.41,0.66,0.65
2013,348,26.93,9.98,7.38,0.0,54.31,1.97,0.66,0.65
2013,349,27.89,10.38,7.93,0.0,55.56,1.51,0.66,0.65
2013,350,27.2,10.13,8.03,0.0,56.23,1.59,0.65,0.64
2013,351,26.38,9.61,7.19,0.0,54.86,1.88,0.65,0.64
2013,352,26.4,9.63,6.72,0.0,52.52,1.89,0.65,0.63
2013,353,27.08,10.09,7.77,0.0,55.64,1.37,0.65,0.63
2013,354,26.66,12.13,9.69,0.0,61.32,1.28,0.64,0.62
2013,355,26.73,11.63,10.2,0.0,63.82,1.4,0.64,0.62
2013,356,27.23,10.45,9.53,0.0,58.48,1.36,0.64,0.61
2013,357,26.77,12.42,12.15,0.0,66.01,2.38,0.63,0.61
2013,358,26.74,14.8,12.26,0.0,64.05,2.78,0.63,0.6
2013,359,26.95,12.81,11.79,0.0,64.05,1.79,0.63,0.6
2013,360,26.42,13.03,11.62,0.0,62.86,1.97,0.63,0.6
2013,361,26.13,13.06,12.25,0.0,68.96,1.89,0.62,0.59
2013,362,26.95,12.22,13.01,0.0,74.02,1.75,0.62,0.59
2013,363,26.88,12.94,13.18,0.0,71.89,1.47,0.62,0.59
2013,364,26.09,13.38,13.74,0.0,76.33,1.99,0.62,0.58
2013,365,27.0,12.06,12.58,0.0,71.54,1.95,0.62,0.58
2014,1,27.73,13.31,12.77,0.0,65.52,2.17,0.61,0.57
2014,2,27.84,14.07,12.15,0.0,61.93,2.58,0.61,0.57
2014,3,27.92,13.81,12.14,0.0,63.11,2.05,0.61,0.56
2014,4,28.3,13.82,12.52,0.0,66.36,1.64,0.61,0.56
2014,5,27.11,13.85,12.47,0.0,68.96,1.47,0.6,0.55
2014,6,27.67,11.24,7.93,0.0,51.75,1.2,0.6,0.55
2014,7,29.27,13.22,12.0,0.0,62.73,1.85,0.6,0.54
2014,8,29.38,13.48,11.39,0.0,61.99,2.11,0.6,0.53
2014,9,29.47,13.77,11.95,0.0,66.45,1.51,0.59,0.53
2014,10,27.47,11.75,8.83,0.0,57.89,1.95,0.59,0.52
2014,11,26.55,9.34,6.05,0.0,54.35,1.53,0.59,0.52
2014,12,29.05,10.16,9.58,0.0,59.8,1.97,0.59,0.51
2014,13,29.31,12.7,13.31,0.0,69.68,1.4,0.58,0.51
2014,14,29.41,14.41,13.22,0.0,68.18,1.4,0.58,0.51
2014,15,29.36,14.56,11.66,0.0,61.55,1.52,0.58,0.5
2014,16,29.26,12.99,9.93,0.0,55.4,2.01,0.58,0.49
2014,17,26.73,13.69,11.89,0.0,64.21,2.11,0.58,0.49
2014,18,27.31,10.39,8.72,0.0,58.66,1.4,0.57,0.49
2014,19,29.41,12.94,10.77,0.0,59.46,2.0,0.57,0.48
2014,20,28.36,14.07,12.49,0.0,60.29,1.49,0.57,0.48
2014,21,26.71,16.27,13.59,0.15,64.9,1.71,0.57,0.49
2014,22,28.95,16.44,13.69,0.04,63.09,2.19,0.57,0.48
2014,23,28.94,16.17,14.32,0.32,68.1,2.06,0.57,0.48
2014,24,27.5,16.59,14.01,0.06,66.08,1.0,0.57,0.48
2014,25,29.62,15.56,13.3,0.0,60.75,1.97,0.56,0.48
2014,26,29.76,15.72,12.76,0.0,57.99,2.62,0.56,0.47
2014,27,29.1,15.41,10.24,0.0,52.04,3.37,0.56,0.46
2014,28,28.72,13.44,6.76,0.0,44.52,2.71,0.56,0.46
2014,29,29.38,12.75,7.18,0.0,44.3,1.96,0.56,0.45
2014,30,29.6,13.99,9.18,0.0,46.83,1.96,0.55,0.45
2014,31,29.39,14.87,8.28,0.0,45.02,2.59,0.55,0.45
2014,32,29.67,14.26,7.26,0.0,42.79,2.68,0.55,0.44
2014,33,29.17,14.6,8.49,0.0,45.47,2.4,0.55,0.44
2014,34,30.95,14.49,8.6,0.0,46.79,1.55,0.55,0.44
2014,35,32.08,13.75,8.45,0.0,46.7,1.64,0.55,0.43
2014,36,32.42,15.96,8.7,0.0,44.68,1.35,0.54,0.43
2014,37,32.73,14.95,8.83,0.0,46.31,1.94,0.54,0.42
2014,38,32.83,15.34,6.62,0.0,43.22,1.83,0.54,0.42
2014,39,31.42,13.59,7.64,0.0,49.44,2.14,0.54,0.42
2014,40,29.66,11.37,6.33,0.0,49.95,2.31,0.54,0.42
2014,41,28.68,11.41,2.82,0.0,39.27,2.49,0.54,0.41
2014,42,28.56,11.8,7.34,0.0,51.24,2.25,0.54,0.41
2014,43,29.88,12.08,7.26,0.0,53.04,2.29,0.53,0.41
2014,44,26.14,13.46,13.84,0.0,74.72,3.05,0.53,0.41
2014,45,25.79,14.14,11.45,0.0,65.3,3.05,0.53,0.41
2014,46,25.32,12.48,11.03,0.06,66.95,2.85,0.53,0.41
2014,47,26.41,13.14,9.89,0.02,64.1,1.71,0.53,0.41
2014,48,30.41,11.34,5.29,0.0,42.95,2.64,0.53,0.4
2014,49,31.5,12.93,2.67,0.0,29.87,3.04,0.53,0.4
2014,50,32.86,13.73,7.51,0.0,40.68,1.99,0.53,0.39
2014,51,32.9,16.4,11.0,0.0,49.98,2.25,0.52,0.39
2014,52,28.98,17.07,15.98,0.0,71.42,2.33,0.52,0.4
2014,53,29.39,15.84,14.9,0.0,71.18,2.01,0.52,0.4
2014,54,31.49,14.91,13.74,0.0,61.67,1.62,0.52,0.39
2014,55,33.7,18.61,13.02,0.0,50.72,2.79,0.52,0.39
2014,56,34.36,17.52,12.79,0.0,53.56,2.22,0.52,0.38
2014,57,32.73,17.69,15.32,1.45,64.23,2.03,0.52,0.4
2014,58,31.38,17.83,14.66,0.16,64.98,2.68,0.52,0.42
2014,59,28.22,14.23,11.08,0.0,60.94,2.84,0.52,0.42
2014,60,28.33,11.82,5.45,0.0,48.6,2.21,0.52,0.41
2014,61,30.66,10.12,2.15,0.0,34.73,1.91,0.51,0.4
2014,62,31.04,13.31,10.98,1.14,52.27,2.7,0.51,0.41
2014,63,30.95,16.28,13.82,0.84,66.21,2.22,0.51,0.44
2014,64,31.7,15.63,13.42,0.12,63.74,2.88,0.51,0.43
2014,65,31.71,15.22,11.52,0.05,59.92,1.88,0.51,0.41
2014,66,32.6,15.59,12.39,0.0,59.01,1.56,0.51,0.4
2014,67,32.85,16.78,13.38,0.67,57.0,2.51,0.51,0.4
2014,68,30.44,16.88,15.13,2.3,64.56,2.47,0.51,0.43
2014,69,32.84,17.03,13.58,0.31,58.3,2.14,0.51,0.45
2014,70,33.59,16.85,9.95,0.0,45.1,1.83,0.51,0.41
2014,71,34.69,18.53,12.27,1.3,45.26,1.79,0.51,0.41
2014,72,34.58,19.73,15.09,1.81,53.39,2.08,0.51,0.43
2014,73,36.01,19.52,12.63,0.0,44.6,1.98,0.51,0.41
2014,74,36.62,21.39,11.81,0.0,38.99,1.56,0.5,0.38
2014,75,36.53,22.24,12.46,0.0,38.47,1.43,0.5,0.35
2014,76,31.95,24.2,14.43,0.0,44.71,1.33,0.5,0.34
2014,77,34.13,23.43,13.88,0.0,43.24,1.47,0.5,0.33
2014,78,37.67,22.19,11.17,0.0,34.22,1.74,0.5,0.31
2014,79,37.45,21.44,6.37,0.0,26.22,2.07,0.5,0.3
2014,80,36.85,19.96,4.23,0.0,26.73,2.76,0.5,0.28
2014,81,34.78,18.33,6.21,0.0,34.63,2.64,0.5,0.28
2014,82,37.9,16.83,7.59,0.0,38.07,1.84,0.5,0.27
2014,83,37.14,17.86,12.45,0.0,49.72,2.66,0.5,0.26
2014,84,36.71,18.01,9.7,0.0,42.33,2.36,0.5,0.26
2014,85,38.49,18.64,8.6,0.0,33.63,1.95,0.5,0.25
2014,86,38.98,20.33,10.3,0.0,37.17,2.78,0.5,0.24
2014,87,38.28,20.12,9.86,0.0,38.63,2.21,0.5,0.24
2014,88,39.04,20.5,6.96,0.0,26.95,1.79,0.5,0.23
2014,89,39.69,20.95,7.0,0.0,26.49,2.27,0.5,0.23
2014,90,39.43,21.57,9.82,0.0,33.56,2.31,0.49,0.22
2014,91,37.25,19.62,7.86,0.0,35.67,2.89,0.49,0.22
2014,92,37.35,17.73,8.27,0.0,36.65,2.37,0.49,0.22
2014,93,38.83,18.8,4.6,0.0,25.76,2.08,0.49,0.21
2014,94,40.15,20.91,7.58,0.0,28.1,2.3,0.49,0.21
2014,95,39.89,21.47,7.14,0.0,27.73,1.93,0.49,0.2
2014,96,38.69,21.89,10.32,0.0,34.02,2.09,0.49,0.2
2014,97,37.02,23.26,11.14,0.0,36.54,2.42,0.49,0.2
2014,98,36.89,21.49,12.9,0.0,47.22,1.48,0.49,0.2
2014,99,37.69,20.55,11.59,0.0,44.36,2.34,0.49,0.2
2014,100,38.35,19.89,8.79,0.0,36.92,2.02,0.49,0.19
2014,101,37.17,19.37,6.96,0.0,33.41,2.83,0.49,0.19
2014,102,37.54,18.0,5.33,0.0,32.68,2.68,0.49,0.19
2014,103,38.43,18.04,8.24,0.0,40.7,2.38,0.49,0.18
2014,104,38.89,18.92,8.7,0.0,39.31,1.92,0.49,0.18
2014,105,39.06,19.27,10.67,0.0,42.0,1.84,0.49,0.18
2014,106,40.05,20.21,14.66,0.07,48.73,1.92,0.49,0.18
2014,107,37.29,22.82,15.41,0.02,50.76,2.28,0.49,0.18
2014,108,38.98,21.07,14.69,0.01,53.5,2.41,0.49,0.18
2014,109,39.25,21.43,14.94,0.48,48.8,1.78,0.49,0.18
2014,110,38.42,23.42,13.63,0.01,39.66,1.71,0.49,0.19
2014,111,38.31,23.7,12.96,3.08,37.45,1.7,0.49,0.22
2014,112,37.02,24.64,14.25,0.74,39.83,1.6,0.49,0.32
2014,113,38.33,25.48,13.67,0.0,35.04,1.56,0.49,0.29
2014,114,39.02,24.99,9.3,0.01,28.12,1.99,0.49,0.27
2014,115,40.0,21.98,8.12,0.0,29.46,2.56,0.49,0.25
2014,116,41.02,20.89,9.87,0.0,34.9,2.39,0.49,0.23
2014,117,40.73,20.71,13.27,0.01,43.61,2.32,0.49,0.22
2014,118,39.87,23.12,14.95,0.0,45.31,2.32,0.49,0.21
2014,119,40.13,22.74,14.68,0.0,46.3,2.65,0.49,0.2
2014,120,38.64,23.19,16.19,0.07,48.41,2.04,0.49,0.2
2014,121,40.46,22.44,14.78,0.13,46.06,2.53,0.49,0.2
2014,122,39.75,22.33,14.66,0.0,47.75,2.8,0.49,0.19
2014,123,39.64,22.04,12.28,0.33,40.56,2.25,0.49,0.19
2014,124,39.34,20.7,11.78,0.0,41.98,2.4,0.49,0.19
2014,125,39.36,20.4,12.31,0.0,42.3,2.55,0.49,0.18
2014,126,38.88,23.08,13.22,0.0,36.66,1.8,0.49,0.18
2014,127,37.87,26.79,15.06,1.25,37.66,1.82,0.49,0.2
2014,128,36.33,25.76,15.99,0.43,45.92,1.85,0.49,0.23
2014,129,35.61,24.87,17.54,1.77,51.47,2.53,0.49,0.25
2014,130,36.55,22.17,15.03,0.15,52.36,3.51,0.49,0.29
2014,131,36.45,19.47,13.66,0.0,51.96,3.18,0.49,0.27
2014,132,36.56,20.27,15.01,0.0,54.61,3.0,0.49,0.25
2014,133,36.67,21.47,16.19,0.0,55.62,3.46,0.49,0.24
2014,134,36.93,21.62,16.32,0.26,56.59,3.57,0.49,0.23
2014,135,37.13,22.08,16.74,0.81,55.55,3.43,0.49,0.25
2014,136,37.21,22.1,16.88,0.0,55.47,3.35,0.49,0.25
2014,137,37.56,22.19,16.78,0.17,56.0,2.83,0.49,0.23
2014,138,37.1,22.87,18.67,0.6,57.55,2.77,0.49,0.25
2014,139,36.72,23.54,18.32,0.01,55.01,2.34,0.49,0.24
2014,140,37.72,25.35,16.44,0.01,46.21,2.64,0.49,0.24
2014,141,37.88,22.99,17.31,0.0,53.67,2.89,0.49,0.23
2014,142,37.28,22.77,16.58,0.0,52.89,3.38,0.49,0.22
2014,143,39.13,22.57,16.52,0.0,53.2,3.48,0.49,0.21
2014,144,39.35,22.28,15.52,0.0,50.43,3.6,0.49,0.21
2014,145,39.01,22.05,16.48,0.0,53.15,3.45,0.49,0.2
2014,146,39.95,23.45,17.74,0.01,53.94,3.38,0.49,0.19
2014,147,38.2,24.36,19.65,4.45,60.0,2.84,0.49,0.27
2014,148,38.29,23.17,18.76,1.86,59.08,2.8,0.49,0.37
2014,149,38.16,23.81,19.63,0.06,60.26,3.34,0.49,0.37
2014,150,37.24,23.97,19.08,0.15,59.61,3.88,0.49,0.33
2014,151,38.43,22.95,16.5,0.0,54.69,3.71,0.49,0.3
2014,152,39.15,22.41,17.96,0.0,56.6,3.56,0.49,0.28
2014,153,40.76,23.59,19.22,0.19,57.55,3.65,0.49,0.26
2014,154,34.6,24.65,20.88,1.86,65.67,3.08,0.49,0.3
2014,155,35.4,24.18,21.15,4.4,67.42,3.21,0.49,0.38
2014,156,35.17,23.75,20.67,0.85,66.73,3.38,0.5,0.44
2014,157,35.5,23.38,20.26,0.43,64.98,3.96,0.5,0.4
2014,158,35.1,23.49,19.4,0.03,62.52,4.1,0.5,0.37
2014,159,36.29,23.94,19.07,0.0,60.03,4.37,0.49,0.34
2014,160,35.76,24.32,21.13,5.43,67.37,3.87,0.5,0.4
2014,161,35.45,23.53,21.02,2.92,67.93,3.88,0.5,0.5
2014,162,33.22,22.86,20.55,0.1,68.22,4.78,0.5,0.46
2014,163,34.57,23.63,19.74,1.11,65.48,4.65,0.5,0.42
2014,164,32.91,22.74,19.98,1.35,67.84,4.63,0.5,0.42
2014,165,32.33,23.05,21.02,4.14,73.46,4.57,0.5,0.45
2014,166,31.52,23.05,21.28,5.2,75.66,5.12,0.5,0.51
2014,167,31.51,23.61,22.11,8.25,78.4,5.37,0.5,0.55
2014,168,31.58,23.04,21.24,2.6,75.63,5.04,0.51,0.52
2014,169,32.06,22.84,21.18,1.14,74.6,5.11,0.51,0.47
2014,170,31.76,23.23,21.43,2.83,76.41,5.18,0.51,0.48
2014,171,30.96,23.12,21.34,1.22,76.38,5.9,0.51,0.48
2014,172,31.76,23.21,21.18,0.23,74.76,6.33,0.51,0.46
2014,173,31.93,23.19,21.11,0.02,74.68,6.24,0.51,0.44
2014,174,31.96,23.01,21.22,0.09,75.11,6.1,0.51,0.43
2014,175,32.08,22.87,20.93,0.02,74.17,5.91,0.5,0.42
2014,176,32.32,22.51,20.61,0.04,72.6,5.34,0.5,0.41
2014,177,33.29,22.49,20.18,0.01,68.98,4.13,0.5,0.4
2014,178,34.92,22.38,19.7,0.0,65.76,3.63,0.5,0.38
2014,179,34.71,22.32,19.48,0.17,65.58,3.89,0.5,0.37
2014,180,33.57,22.54,19.78,0.05,67.34,4.07,0.5,0.36
2014,181,33.31,22.59,19.99,0.16,69.25,4.29,0.5,0.35
2014,182,32.7,22.65,20.06,1.47,69.73,4.44,0.5,0.36
2014,183,32.01,23.0,20.31,1.61,72.06,4.79,0.5,0.4
2014,184,31.27,22.73,21.12,6.88,77.67,4.5,0.5,0.46
2014,185,31.45,22.72,21.18,5.45,77.21,4.18,0.51,0.52
2014,186,31.93,22.91,20.99,1.08,75.42,3.63,0.51,0.46
2014,187,29.46,23.09,21.39,2.28,78.66,3.43,0.51,0.47
2014,188,27.87,22.95,21.78,17.55,83.53,3.62,0.51,0.6
2014,189,28.68,22.73,21.52,9.39,82.21,4.11,0.53,0.62
2014,190,28.57,22.82,21.31,8.39,81.87,3.55,0.53,0.61
2014,191,27.99,21.82,20.47,20.85,80.99,3.85,0.54,0.69
2014,192,27.92,21.59,21.6,27.03,85.43,6.17,0.56,0.76
2014,193,26.28,22.16,21.92,26.05,89.34,5.43,0.59,0.79
2014,194,28.44,22.74,22.25,9.39,86.1,4.99,0.6,0.71
2014,195,28.58,22.61,22.01,10.3,86.18,4.88,0.6,0.71
2014,196,27.26,22.62,22.56,36.81,89.96,5.92,0.62,0.81
2014,197,26.07,22.29,22.15,25.28,90.94,6.87,0.65,0.82
2014,198,27.92,23.02,22.38,23.72,86.97,7.28,0.66,0.82
2014,199,27.9,22.96,22.27,16.38,87.64,7.17,0.68,0.8
2014,200,26.24,22.39,21.86,9.93,89.03,6.55,0.69,0.78
2014,201,26.67,22.37,21.75,8.98,88.37,6.21,0.69,0.76
2014,202,27.17,22.18,21.84,29.99,88.77,6.05,0.7,0.84
2014,203,24.63,22.61,22.04,28.5,92.73,5.8,0.73,0.87
2014,204,25.29,22.65,22.09,24.42,91.48,6.87,0.75,0.87
2014,205,28.09,22.33,21.69,5.65,85.96,6.32,0.75,0.8
2014,206,28.54,22.15,21.77,5.31,85.86,5.22,0.75,0.78
2014,207,28.45,22.35,21.62,1.88,84.86,4.82,0.75,0.76
2014,208,27.05,22.06,21.95,30.6,88.17,5.55,0.76,0.84
2014,209,24.83,22.59,22.18,43.09,92.97,6.31,0.79,0.92
2014,210,24.5,22.56,22.25,91.55,94.01,6.5,0.82,0.94
2014,211,24.96,22.6,22.65,111.15,94.69,5.36,0.86,1.0
2014,212,24.61,22.72,22.64,56.22,95.1,4.83,0.89,0.97
2014,213,27.17,21.93,22.11,9.76,89.7,5.39,0.9,0.91
2014,214,27.14,21.57,21.84,9.51,89.16,6.18,0.9,0.9
2014,215,27.04,21.98,21.96,20.19,89.44,5.82,0.9,0.92
2014,216,24.73,21.83,22.1,48.83,93.81,5.6,0.92,0.96
2014,217,25.42,21.71,21.87,22.55,92.23,5.72,0.94,0.95
2014,218,25.99,21.8,21.81,14.06,91.86,5.74,0.94,0.93
2014,219,26.88,21.57,21.68,7.19,89.8,5.59,0.94,0.92
2014,220,27.19,21.37,21.66,4.4,89.46,4.84,0.93,0.91
2014,221,27.01,21.32,21.57,5.64,88.95,4.31,0.93,0.91
2014,222,27.28,21.65,21.77,2.83,89.42,4.22,0.93,0.9
2014,223,27.57,21.35,21.6,2.39,88.71,3.33,0.92,0.89
2014,224,27.15,20.91,21.38,0.66,89.09,3.69,0.92,0.89
2014,225,27.22,20.91,21.27,0.29,88.62,4.15,0.91,0.88
2014,226,26.93,21.35,21.46,3.02,89.27,4.52,0.91,0.88
2014,227,27.47,21.29,21.36,3.23,88.28,4.8,0.91,0.88
2014,228,27.09,21.08,21.09,3.53,87.85,4.43,0.9,0.88
2014,229,27.54,21.02,21.26,2.09,88.08,2.93,0.9,0.87
2014,230,27.58,20.46,21.13,0.44,87.61,1.66,0.9,0.86
2014,231,28.33,21.06,22.22,22.25,88.79,1.68,0.89,0.91
2014,232,28.89,22.29,23.11,10.85,89.84,1.24,0.91,0.91
2014,233,27.0,22.77,23.13,8.51,93.23,0.77,0.91,0.9
2014,234,27.79,22.1,22.78,40.91,90.37,1.14,0.92,0.94
2014,235,28.99,21.94,22.69,34.71,87.8,1.18,0.93,0.96
2014,236,29.56,22.1,22.88,68.73,86.22,1.29,0.95,0.97
2014,237,26.71,22.18,22.69,11.61,91.28,1.82,0.96,0.95
2014,238,25.57,21.53,21.77,8.22,92.34,2.25,0.96,0.94
2014,239,25.98,20.83,21.2,14.49,91.65,2.61,0.96,0.95
2014,240,24.3,20.52,20.77,7.45,92.92,1.96,0.96,0.94
2014,241,26.24,20.35,21.64,29.56,92.19,1.48,0.96,0.97
2014,242,23.98,21.77,21.83,18.6,94.61,2.68,0.97,0.96
2014,243,24.24,21.75,22.35,29.2,95.58,3.79,0.97,0.97
2014,244,23.73,21.49,21.52,21.32,95.07,4.71,0.97,0.98
2014,245,25.67,20.91,21.4,11.32,92.13,5.29,0.97,0.96
2014,246,27.19,21.15,22.22,8.47,91.67,5.05,0.97,0.95
2014,247,26.56,22.34,22.31,10.12,91.64,5.35,0.96,0.95
2014,248,26.36,21.71,21.99,18.38,92.16,4.47,0.96,0.95
2014,249,24.77,21.48,21.63,5.22,93.59,3.11,0.96,0.95
2014,250,26.0,21.15,21.39,1.8,92.36,3.18,0.96,0.94
2014,251,23.52,21.34,21.5,10.8,95.23,3.99,0.96,0.95
2014,252,25.3,20.31,21.06,4.77,91.72,4.57,0.96,0.94
2014,253,24.39,19.67,20.23,10.91,91.12,2.94,0.96,0.94
2014,254,25.87,19.63,20.03,2.72,88.83,2.49,0.96,0.93
2014,255,25.45,19.41,20.4,0.24,91.3,2.44,0.95,0.92
2014,256,26.59,19.61,21.05,0.07,90.56,2.46,0.95,0.91
2014,257,26.58,20.15,21.02,0.14,90.18,2.14,0.94,0.91
2014,258,26.96,19.61,20.6,0.02,88.08,1.79,0.94,0.9
2014,259,26.93,20.1,20.84,0.04,88.86,2.09,0.93,0.9
2014,260,26.67,19.86,20.7,0.98,88.83,1.7,0.93,0.89
2014,261,27.38,20.17,21.27,0.94,89.45,2.11,0.92,0.89
2014,262,27.72,20.84,21.71,1.54,90.12,2.54,0.92,0.89
2014,263,26.92,20.62,21.14,4.25,89.45,2.38,0.91,0.89
2014,264,27.19,19.75,20.8,0.99,88.76,1.8,0.91,0.88
2014,265,27.89,20.01,20.84,0.34,87.28,1.59,0.91,0.87
2014,266,28.45,20.06,20.72,0.0,86.02,1.61,0.9,0.87
2014,267,28.48,20.49,21.47,15.43,87.24,1.43,0.9,0.9
2014,268,28.12,21.17,22.26,53.14,90.07,1.25,0.91,0.94
2014,269,28.03,21.11,21.59,3.0,86.38,1.55,0.92,0.9
2014,270,29.95,18.21,18.84,0.05,75.48,1.55,0.92,0.88
2014,271,29.45,18.86,19.08,0.01,76.13,2.12,0.91,0.88
2014,272,29.22,19.06,19.21,0.88,74.98,2.12,0.9,0.87
2014,273,28.4,19.34,20.02,7.69,79.0,1.56,0.9,0.89
2014,274,27.86,20.08,20.16,4.96,81.33,1.42,0.9,0.88
2014,275,29.04,19.56,19.94,0.55,80.06,1.64,0.9,0.87
2014,276,28.95,20.49,20.43,0.0,79.95,1.34,0.9,0.87
2014,277,28.59,20.24,20.35,0.09,79.25,1.09,0.89,0.86
2014,278,28.75,20.48,20.74,1.07,82.9,1.42,0.89,0.86
2014,279,28.72,19.74,20.59,1.26,83.53,1.36,0.88,0.86
2014,280,28.3,20.32,20.84,4.94,83.68,1.27,0.88,0.87
2014,281,27.79,20.13,20.56,0.55,83.09,1.16,0.88,0.86
2014,282,28.66,20.14,21.08,0.98,83.26,1.02,0.88,0.85
2014,283,29.75,20.42,21.58,0.01,83.07,1.59,0.87,0.84
2014,284,30.04,19.78,20.34,0.0,79.23,1.84,0.87,0.84
2014,285,29.18,16.94,17.01,0.0,73.38,2.14,0.86,0.83
2014,286,28.65,16.58,15.22,0.0,67.41,1.63,0.85,0.83
2014,287,29.02,19.16,13.2,0.0,55.59,0.76,0.85,0.82
2014,288,29.92,16.52,18.06,0.0,72.81,1.52,0.84,0.82
2014,289,29.71,20.55,20.76,0.0,80.19,1.95,0.84,0.82
2014,290,28.74,21.1,21.3,0.93,82.39,1.2,0.83,0.82
2014,291,29.13,20.97,20.91,2.68,80.84,1.03,0.83,0.82
2014,292,29.48,20.01,20.02,0.81,76.54,1.4,0.83,0.81
2014,293,29.48,18.78,18.95,0.02,75.55,1.95,0.82,0.81
2014,294,29.3,17.95,18.52,1.01,75.27,2.3,0.82,0.8
2014,295,29.24,18.87,18.56,0.15,76.11,2.5,0.81,0.8
2014,296,28.72,16.87,16.1,0.0,68.28,2.44,0.81,0.79
2014,297,27.3,17.53,16.57,0.44,74.0,1.93,0.8,0.79
2014,298,21.92,17.4,16.95,12.89,87.41,3.22,0.8,0.83
2014,299,22.62,16.52,17.16,1.62,88.82,3.43,0.81,0.81
2014,300,23.14,18.4,18.34,0.14,88.45,1.58,0.81,0.81
2014,301,27.58,17.56,17.83,0.0,77.83,1.5,0.81,0.8
2014,302,27.3,16.29,14.68,0.0,68.53,1.97,0.8,0.79
2014,303,27.72,15.53,14.23,0.0,69.2,2.4,0.8,0.78
2014,304,27.9,14.8,14.71,0.0,70.71,2.07,0.79,0.77
2014,305,28.4,15.13,14.99,0.0,70.89,2.25,0.79,0.77
2014,306,28.35,15.82,15.4,0.0,70.79,2.08,0.78,0.76
2014,307,28.43,16.21,15.34,0.0,69.53,2.11,0.78,0.76
2014,308,28.51,15.6,14.42,0.0,66.35,1.46,0.77,0.76
2014,309,28.48,14.97,14.09,0.0,65.35,1.38,0.77,0.75
2014,310,28.11,14.57,13.92,0.0,67.35,1.33,0.76,0.75
2014,311,28.38,13.74,13.41,0.0,66.04,1.65,0.76,0.74
2014,312,27.78,14.13,13.17,0.0,65.94,2.22,0.75,0.74
2014,313,27.32,14.19,13.5,0.0,64.51,2.2,0.75,0.73
2014,314,28.71,16.23,16.19,0.0,69.67,1.77,0.74,0.73
2014,315,29.13,19.98,19.87,0.35,78.97,1.63,0.74,0.73
2014,316,29.39,17.99,18.35,0.59,74.31,1.65,0.74,0.73
2014,317,28.62,20.12,19.56,0.07,80.5,3.12,0.73,0.72
2014,318,26.31,19.04,19.22,8.79,85.26,3.11,0.73,0.76
2014,319,23.82,19.17,19.51,11.32,91.06,1.9,0.74,0.8
2014,320,25.59,18.8,19.0,3.34,86.11,1.98,0.74,0.77
2014,321,25.09,18.2,18.41,0.58,85.97,2.4,0.74,0.76
2014,322,27.8,18.51,18.9,0.1,81.18,2.23,0.74,0.75
2014,323,27.85,18.11,18.13,0.0,78.15,2.17,0.74,0.74
2014,324,27.79,15.92,14.44,0.0,68.2,2.09,0.73,0.73
2014,325,27.32,14.12,13.03,0.0,63.22,1.45,0.73,0.72
2014,326,27.85,14.3,13.94,0.0,66.94,1.35,0.73,0.72
2014,327,27.89,14.95,14.69,0.0,69.52,1.63,0.72,0.71
2014,328,27.36,14.61,14.03,0.0,69.93,2.36,0.72,0.71
2014,329,27.15,13.66,12.36,0.0,65.54,2.24,0.71,0.7
2014,330,27.18,12.25,10.3,0.0,58.62,2.0,0.71,0.7
2014,331,27.49,11.96,9.87,0.0,56.43,1.52,0.71,0.7
2014,332,27.74,11.98,9.99,0.0,56.44,1.69,0.7,0.69
2014,333,27.52,12.02,10.08,0.0,57.08,1.7,0.7,0.69
2014,334,26.96,12.28,10.4,0.0,61.17,2.18,0.7,0.68
2014,335,26.66,12.82,10.52,0.0,60.96,2.31,0.69,0.68
2014,336,28.0,13.23,11.24,0.0,58.27,2.06,0.69,0.67
2014,337,28.1,13.62,12.75,0.0,63.51,1.6,0.68,0.67
2014,338,28.27,14.17,12.17,0.0,60.87,1.89,0.68,0.67
2014,339,28.07,13.11,10.67,0.06,59.06,2.04,0.68,0.66
2014,340,27.79,12.44,10.01,0.0,58.4,2.47,0.67,0.66
2014,341,27.85,12.36,10.25,0.0,56.92,2.05,0.67,0.65
2014,342,28.12,12.82,10.43,0.0,55.04,1.73,0.67,0.65
2014,343,29.02,13.84,11.64,0.0,55.0,1.36,0.66,0.65
2014,344,28.88,15.26,14.41,0.0,63.42,1.4,0.66,0.65
2014,345,28.33,16.66,16.81,0.19,73.62,1.76,0.66,0.65
2014,346,25.85,17.37,18.54,26.71,85.44,1.5,0.66,0.77
2014,347,24.37,17.77,18.38,4.48,88.73,1.82,0.68,0.74
2014,348,26.12,13.07,14.93,0.0,77.5,1.31,0.68,0.69
2014,349,26.06,9.66,8.91,0.0,59.72,1.52,0.67,0.68
2014,350,26.51,11.09,9.04,0.0,58.78,3.19,0.67,0.67
2014,351,25.11,10.23,7.34,0.0,56.81,2.97,0.67,0.66
2014,352,24.66,9.39,6.38,0.0,54.98,3.09,0.66,0.65
2014,353,24.9,10.79,7.36,0.0,55.47,2.96,0.66,0.65
2014,354,25.31,12.11,8.18,0.0,57.6,2.52,0.66,0.64
2014,355,26.3,9.81,6.74,0.0,53.14,2.04,0.65,0.64
2014,356,26.5,10.1,6.99,0.0,53.01,2.05,0.65,0.64
2014,357,26.86,10.23,8.7,0.0,55.73,1.42,0.65,0.64
2014,358,27.04,11.49,8.68,0.0,52.43,1.5,0.64,0.63
2014,359,27.2,11.56,10.24,0.0,56.86,1.27,0.64,0.63
2014,360,26.09,11.74,10.0,0.0,62.26,2.17,0.64,0.63
2014,361,25.42,11.12,7.72,0.0,57.03,2.82,0.64,0.62
2014,362,25.13,9.99,7.27,0.0,56.12,2.67,0.63,0.62
2014,363,26.28,10.21,9.31,0.0,59.0,1.94,0.63,0.61
2014,364,26.83,10.89,12.35,0.0,71.39,1.94,0.63,0.61
2014,365,24.64,14.64,15.35,0.2,83.68,1.29,0.62,0.62
2015,1,24.3,13.59,13.19,0.23,75.39,1.35,0.62,0.62
2015,2,23.87,11.86,13.56,0.04,78.95,1.62,0.62,0.61
2015,3,24.56,12.45,13.52,0.0,78.15,1.31,0.62,0.61
2015,4,26.47,12.51,14.37,0.0,76.85,2.37,0.62,0.6
2015,5,26.66,13.5,12.6,0.0,66.22,2.73,0.61,0.6
2015,6,27.32,12.58,12.19,0.0,66.96,1.63,0.61,0.6
2015,7,26.84,11.79,9.07,0.0,58.73,1.28,0.61,0.59
2015,8,26.68,9.76,5.43,0.0,48.21,2.08,0.61,0.58
2015,9,26.95,10.13,5.4,0.0,48.06,2.55,0.6,0.57
2015,10,26.98,9.79,3.95,0.0,45.31,2.64,0.6,0.56
2015,11,27.6,9.13,3.63,0.0,44.95,2.58,0.6,0.56
2015,12,27.86,9.22,3.44,0.0,42.63,2.43,0.6,0.55
2015,13,27.98,9.17,3.7,0.0,43.07,1.84,0.59,0.54
2015,14,28.48,9.77,4.09,0.0,42.48,1.5,0.59,0.54
2015,15,27.8,9.69,5.04,0.0,44.01,1.71,0.59,0.53
2015,16,27.88,10.92,6.65,0.0,48.24,1.86,0.59,0.53
2015,17,28.02,10.58,5.78,0.0,44.76,1.9,0.58,0.52
2015,18,28.32,11.09,7.47,0.0,50.53,1.83,0.58,0.52
2015,19,28.76,11.58,9.02,0.0,54.88,1.6,0.58,0.51
2015,20,26.44,14.22,11.33,0.0,65.53,1.68,0.58,0.51
2015,21,27.66,11.6,11.24,0.0,67.03,1.58,0.58,0.5
2015,22,27.32,13.1,12.82,0.0,73.07,1.57,0.57,0.5
2015,23,27.44,12.53,13.12,0.0,71.96,1.65,0.57,0.5
2015,24,29.39,14.6,12.67,0.21,63.83,1.81,0.57,0.5
2015,25,29.26,16.04,12.54,0.17,61.89,2.03,0.57,0.49
2015,26,27.93,13.79,12.42,0.0,66.18,1.35,0.57,0.49
2015,27,29.5,12.47,11.17,0.0,63.25,1.91,0.57,0.48
2015,28,30.22,12.79,11.2,0.0,61.09,2.09,0.56,0.48
2015,29,29.43,12.98,11.33,0.0,59.88,1.03,0.56,0.48
2015,30,29.93,14.33,10.6,0.0,54.12,2.71,0.56,0.47
2015,31,30.56,14.48,8.92,0.0,46.87,2.62,0.56,0.46
2015,32,30.81,14.25,9.36,0.0,50.09,1.99,0.56,0.46
2015,33,31.44,13.63,9.43,0.0,50.09,1.74,0.55,0.46
2015,34,31.07,13.5,8.67,0.0,46.4,1.54,0.55,0.45
2015,35,30.86,14.31,6.84,0.0,40.66,2.21,0.55,0.45
2015,36,31.15,13.41,5.51,0.0,37.22,1.74,0.55,0.44
2015,37,30.53,13.91,7.3,0.0,42.43,2.04,0.55,0.44
2015,38,31.16,13.3,7.79,0.0,47.67,2.25,0.55,0.44
2015,39,29.2,13.95,7.64,0.0,50.83,1.61,0.54,0.43
2015,40,31.2,11.79,7.5,0.0,44.09,2.23,0.54,0.43
2015,41,31.75,17.57,10.65,0.08,47.64,2.34,0.54,0.43
2015,42,31.71,15.69,10.07,0.0,49.97,1.98,0.54,0.42
2015,43,31.62,14.6,8.85,0.0,46.66,1.58,0.54,0.42
2015,44,32.52,14.44,6.53,0.0,40.11,1.88,0.54,0.41
2015,45,32.79,14.18,4.9,0.0,37.52,1.5,0.53,0.41
2015,46,33.36,14.57,5.45,0.0,38.45,1.89,0.53,0.41
2015,47,34.23,14.22,4.79,0.0,37.29,1.67,0.53,0.4
2015,48,34.27,14.78,5.37,0.0,37.28,2.15,0.53,0.4
2015,49,32.55,14.67,4.68,0.0,37.83,2.09,0.53,0.4
2015,50,33.2,14.27,8.3,0.0,49.91,1.64,0.53,0.4
2015,51,33.55,14.61,6.61,0.0,40.9,1.67,0.52,0.39
2015,52,33.55,15.56,5.48,0.0,32.81,2.79,0.52,0.39
2015,53,34.14,16.42,6.06,0.0,33.54,2.34,0.52,0.39
2015,54,33.98,15.36,5.25,0.0,34.07,2.17,0.52,0.38
2015,55,34.44,16.52,7.96,0.0,42.31,1.5,0.52,0.38
2015,56,33.41,15.59,10.02,0.0,49.88,1.98,0.52,0.38
2015,57,31.79,14.61,9.64,0.0,51.85,2.39,0.52,0.38
2015,58,30.78,13.35,9.07,0.0,51.63,2.31,0.51,0.38
2015,59,29.95,14.49,12.5,14.91,66.25,2.54,0.52,0.48
2015,60,26.57,16.28,16.46,17.15,82.23,3.84,0.54,0.67
2015,61,25.75,14.06,13.74,1.13,74.75,3.04,0.54,0.57
2015,62,26.66,12.15,9.3,0.0,64.59,2.05,0.54,0.52
2015,63,28.39,9.9,6.01,0.0,55.22,1.32,0.54,0.5
2015,64,31.94,10.69,7.76,0.0,53.75,1.77,0.54,0.49
2015,65,33.33,12.76,8.37,0.0,48.04,1.55,0.53,0.48
2015,66,33.23,14.26,8.01,0.0,43.26,1.91,0.53,0.47
2015,67,33.4,15.03,8.9,0.0,45.81,1.67,0.53,0.47
2015,68,33.29,14.64,10.91,0.0,50.04,1.74,0.53,0.46
2015,69,33.18,19.51,15.81,0.8,58.9,2.49,0.53,0.46
2015,70,31.23,19.37,15.47,0.32,57.95,1.56,0.52,0.47
2015,71,34.29,18.51,11.87,0.0,45.78,2.07,0.52,0.45
2015,72,35.01,17.73,13.79,1.12,49.15,2.01,0.52,0.45
2015,73,34.3,19.75,14.73,1.58,54.76,2.59,0.52,0.46
2015,74,32.16,18.38,15.81,0.35,66.11,2.19,0.52,0.47
2015,75,32.45,16.66,14.21,0.01,63.04,2.14,0.52,0.45
2015,76,34.46,15.32,9.52,0.0,44.84,2.06,0.52,0.43
2015,77,35.24,16.3,10.15,0.0,40.82,1.64,0.51,0.41
2015,78,36.68,19.21,12.34,0.0,43.43,2.18,0.51,0.4
2015,79,36.95,19.96,12.31,0.0,41.8,2.12,0.51,0.39
2015,80,37.28,20.39,12.65,0.0,42.05,1.63,0.51,0.38
2015,81,37.95,21.24,12.39,0.0,41.01,1.52,0.51,0.36
2015,82,36.45,22.81,11.04,0.0,36.58,1.48,0.51,0.35
2015,83,38.75,21.07,10.21,0.0,34.55,1.49,0.51,0.34
2015,84,38.9,21.2,10.37,0.0,34.54,2.6,0.51,0.32
2015,85,38.36,23.76,13.04,0.0,40.1,1.47,0.5,0.32
2015,86,38.08,21.9,14.12,0.03,46.11,1.82,0.5,0.31
2015,87,38.06,21.83,14.65,0.12,48.14,1.45,0.5,0.3
2015,88,35.42,22.36,15.06,2.6,49.59,1.56,0.5,0.33
2015,89,34.61,22.34,14.7,0.41,47.2,1.76,0.5,0.39
2015,90,36.77,19.66,7.71,0.0,33.34,2.21,0.5,0.35
2015,91,37.63,18.81,5.54,0.0,29.11,1.93,0.5,0.32
2015,92,36.76,18.43,7.65,0.0,38.19,2.67,0.5,0.31
2015,93,35.13,18.19,12.29,0.0,52.84,3.16,0.5,0.3
2015,94,34.84,16.2,10.67,0.0,52.11,3.04,0.5,0.29
2015,95,36.24,16.97,12.95,0.0,56.74,2.68,0.5,0.29
2015,96,37.3,17.85,10.78,0.0,51.43,2.32,0.5,0.28
2015,97,36.84,16.34,12.38,0.0,54.56,2.52,0.5,0.27
2015,98,37.92,19.21,14.94,0.0,54.96,2.25,0.5,0.27
2015,99,38.61,20.3,15.38,0.0,53.11,2.17,0.5,0.26
2015,100,36.76,21.63,17.55,0.05,59.07,2.34,0.5,0.26
2015,101,36.12,21.36,16.47,0.24,56.63,2.22,0.5,0.26
2015,102,34.98,19.58,12.32,0.12,51.72,2.53,0.5,0.26
2015,103,34.11,18.09,12.32,0.37,52.62,2.3,0.5,0.26
2015,104,34.53,18.41,13.05,0.04,51.18,2.05,0.5,0.27
2015,105,35.14,20.02,13.68,0.0,46.46,1.47,0.5,0.26
2015,106,35.43,23.14,14.42,0.01,43.46,1.86,0.5,0.26
2015,107,38.08,23.02,14.88,0.0,45.29,2.07,0.49,0.25
2015,108,39.44,21.03,14.18,0.0,47.19,1.96,0.49,0.24
2015,109,40.39,22.58,11.92,0.0,35.32,1.84,0.49,0.23
2015,110,40.38,24.54,12.72,0.0,34.27,1.46,0.49,0.22
2015,111,39.87,24.6,13.67,0.0,37.16,1.87,0.49,0.22
2015,112,38.81,23.88,16.84,0.0,51.34,2.75,0.49,0.21
2015,113,38.77,22.07,14.84,0.0,49.93,3.05,0.49,0.21
2015,114,37.66,20.71,11.38,0.0,45.77,2.93,0.49,0.21
2015,115,37.54,18.47,10.03,0.0,47.95,2.56,0.49,0.2
2015,116,38.87,19.69,14.06,0.0,52.49,2.57,0.49,0.2
2015,117,39.91,21.28,14.58,0.0,49.93,2.27,0.49,0.2
2015,118,39.4,21.43,14.35,0.03,49.23,3.26,0.49,0.19
2015,119,39.49,20.97,14.9,0.0,52.88,3.34,0.49,0.19
2015,120,38.94,20.58,14.18,0.0,53.31,3.18,0.49,0.19
2015,121,37.85,20.54,14.76,0.0,53.8,2.98,0.49,0.19
2015,122,39.93,19.05,13.33,0.03,50.54,3.03,0.49,0.18
2015,123,38.42,19.76,14.2,0.05,53.3,3.01,0.49,0.18
2015,124,40.01,19.83,13.56,0.01,49.47,2.46,0.49,0.18
2015,125,39.91,22.62,15.02,1.57,45.15,1.43,0.49,0.18
2015,126,39.53,23.27,13.4,1.59,39.55,1.68,0.49,0.28
2015,127,39.82,21.75,14.37,0.01,43.78,2.34,0.49,0.26
2015,128,40.39,22.78,14.72,0.02,44.83,2.65,0.49,0.25
2015,129,39.29,23.18,15.4,0.64,46.6,2.73,0.49,0.24
2015,130,39.08,22.06,14.36,0.14,45.39,2.51,0.49,0.25
2015,131,40.28,23.04,14.55,0.1,43.96,3.0,0.49,0.24
2015,132,38.8,23.3,16.85,0.32,53.32,2.89,0.49,0.23
2015,133,33.48,23.07,19.17,30.91,67.29,2.06,0.5,0.44
2015,134,32.69,22.0,20.59,24.56,69.78,1.47,0.54,0.7
2015,135,32.21,22.86,20.63,1.56,67.98,1.27,0.54,0.55
2015,136,36.55,23.81,19.73,0.81,59.41,1.19,0.54,0.52
2015,137,36.21,23.49,18.65,0.02,61.3,2.59,0.53,0.49
2015,138,36.8,23.4,19.5,0.0,63.87,3.49,0.53,0.48
2015,139,35.82,22.52,19.78,0.0,66.32,3.83,0.53,0.48
2015,140,36.74,22.73,19.67,0.0,64.94,3.72,0.53,0.47
2015,141,36.19,22.85,19.9,0.0,66.07,3.98,0.52,0.47
2015,142,34.5,23.09,20.63,0.0,69.2,3.69,0.52,0.47
2015,143,32.46,23.58,20.57,0.0,71.53,3.77,0.52,0.47
2015,144,34.51,23.42,20.25,0.0,67.82,3.79,0.52,0.46
2015,145,33.28,23.72,21.0,0.0,71.56,3.87,0.52,0.45
2015,146,35.27,22.97,19.84,0.0,66.56,3.92,0.52,0.44
2015,147,36.97,23.02,19.41,0.01,64.24,4.17,0.51,0.43
2015,148,37.15,22.78,19.34,0.01,63.11,4.32,0.51,0.42
2015,149,35.9,23.64,19.87,0.58,64.24,3.67,0.51,0.41
2015,150,34.83,23.87,19.95,0.76,64.23,2.69,0.51,0.44
2015,151,37.62,22.89,18.06,0.04,57.62,3.44,0.51,0.41
2015,152,34.88,23.1,18.32,0.09,62.34,3.9,0.51,0.39
2015,153,34.07,22.17,18.64,0.01,64.3,3.65,0.51,0.39
2015,154,37.37,22.15,17.12,0.04,57.69,2.98,0.51,0.37
2015,155,36.73,23.05,17.84,4.3,57.28,2.54,0.5,0.38
2015,156,31.06,23.53,20.93,8.67,74.54,1.93,0.51,0.57
2015,157,33.03,23.38,20.53,1.61,69.72,1.42,0.51,0.51
2015,158,32.09,23.74,21.97,17.58,76.35,2.38,0.52,0.6
2015,159,31.37,22.44,21.49,7.26,76.93,2.83,0.53,0.61
2015,160,31.08,22.5,21.21,7.44,77.49,3.44,0.53,0.56
2015,161,30.56,23.1,21.63,5.88,78.75,3.37,0.54,0.61
2015,162,31.35,22.61,22.32,29.3,81.24,3.22,0.55,0.68
2015,163,27.18,22.8,22.11,26.5,86.17,3.74,0.58,0.77
2015,164,27.14,22.48,21.36,9.12,86.04,3.98,0.59,0.7
2015,165,26.84,21.31,21.08,13.28,86.86,3.64,0.59,0.72
2015,166,28.39,20.89,20.18,7.35,81.17,3.46,0.6,0.69
2015,167,29.8,20.98,20.12,6.61,79.17,3.73,0.6,0.66
2015,168,29.03,21.23,20.4,9.2,80.45,4.22,0.61,0.69
2015,169,28.05,21.7,21.54,60.78,85.39,4.79,0.62,0.82
2015,170,26.7,22.7,21.84,46.95,87.56,5.92,0.66,0.86
2015,171,27.42,22.48,22.65,33.33,89.6,7.08,0.69,0.85
2015,172,26.78,22.19,22.72,97.51,90.82,6.51,0.72,0.97
2015,173,25.47,23.09,22.83,39.46,92.71,7.06,0.77,0.94
2015,174,26.61,23.03,22.97,59.38,90.63,8.49,0.79,0.94
2015,175,26.31,22.43,22.31,29.29,90.41,7.08,0.82,0.92
2015,176,28.31,22.89,22.5,10.28,87.07,7.19,0.83,0.87
2015,177,28.55,22.62,22.15,0.75,86.01,6.58,0.83,0.83
2015,178,28.97,22.17,21.9,0.17,85.06,5.17,0.83,0.82
2015,179,28.94,22.14,22.05,0.54,85.99,4.24,0.82,0.81
2015,180,29.0,21.63,21.76,2.77,84.97,3.74,0.82,0.81
2015,181,27.94,21.78,21.66,3.36,86.35,3.43,0.82,0.81
2015,182,28.66,21.33,21.53,1.32,85.38,3.42,0.81,0.8
2015,183,29.44,21.04,21.52,0.1,84.54,3.36,0.81,0.79
2015,184,28.94,22.01,21.66,0.11,84.55,4.13,0.8,0.78
2015,185,28.73,22.3,21.86,0.11,85.29,4.91,0.8,0.78
2015,186,29.09,22.27,21.77,0.08,84.16,5.08,0.79,0.77
2015,187,28.28,22.0,21.56,0.08,84.94,5.87,0.79,0.77
2015,188,28.6,22.19,21.69,0.46,84.83,5.68,0.79,0.76
2015,189,28.37,22.05,21.75,2.08,85.51,5.25,0.78,0.77
2015,190,28.49,22.36,21.97,2.02,86.08,5.43,0.78,0.77
2015,191,27.87,22.13,21.78,1.78,86.02,6.06,0.78,0.77
2015,192,28.16,21.98,21.47,3.55,84.82,5.41,0.78,0.77
2015,193,29.52,21.84,21.63,1.0,83.8,4.23,0.77,0.76
2015,194,29.4,21.56,21.83,0.25,84.55,3.39,0.77,0.75
2015,195,29.99,21.69,21.85,0.11,83.65,3.27,0.76,0.74
2015,196,28.89,22.07,21.65,0.3,84.54,4.07,0.76,0.74
2015,197,28.63,22.09,21.62,1.69,85.06,4.72,0.76,0.74
2015,198,28.33,21.87,21.63,1.94,86.22,4.84,0.75,0.75
2015,199,29.13,22.35,21.76,3.48,84.59,5.54,0.75,0.75
2015,200,27.42,22.32,22.01,5.0,88.19,5.73,0.75,0.77
2015,201,25.69,22.61,22.14,21.96,90.93,4.88,0.76,0.83
2015,202,26.35,22.59,22.15,26.35,90.13,4.89,0.78,0.87
2015,203,27.61,22.44,22.17,15.58,88.61,4.94,0.79,0.85
2015,204,28.87,22.44,22.22,9.16,86.31,4.71,0.8,0.82
2015,205,26.86,21.68,21.47,13.13,87.69,4.99,0.8,0.84
2015,206,27.9,21.6,21.47,9.16,86.83,5.0,0.81,0.83
2015,207,28.1,21.78,21.54,3.77,86.13,5.44,0.81,0.81
2015,208,27.37,21.53,21.36,12.43,86.82,6.26,0.81,0.83
2015,209,25.58,21.63,21.17,15.76,89.18,5.93,0.82,0.86
2015,210,26.21,21.38,20.95,10.0,88.07,5.93,0.82,0.85
2015,211,27.33,21.36,21.15,7.72,86.86,5.41,0.83,0.84
2015,212,27.19,21.58,21.3,5.24,87.28,4.96,0.83,0.83
2015,213,27.54,21.2,21.29,2.84,86.87,4.29,0.83,0.82
2015,214,28.15,21.01,21.3,0.71,86.31,4.23,0.82,0.81
2015,215,27.44,21.03,21.03,1.05,86.39,4.38,0.82,0.81
2015,216,27.24,21.75,21.4,3.12,88.54,4.8,0.81,0.81
2015,217,25.93,22.06,21.63,8.25,90.35,4.96,0.82,0.83
2015,218,27.43,21.67,21.5,3.76,87.49,5.02,0.82,0.82
2015,219,28.31,21.4,21.62,2.19,86.42,4.24,0.82,0.81
2015,220,28.29,21.82,21.61,2.81,86.07,3.96,0.81,0.81
2015,221,28.19,21.69,21.85,2.98,87.45,3.38,0.81,0.8
2015,222,27.93,21.9,21.73,1.74,88.16,3.21,0.81,0.8
2015,223,25.66,21.49,21.4,4.22,90.57,2.48,0.81,0.81
2015,224,26.15,21.19,21.19,2.24,89.35,2.73,0.81,0.81
2015,225,27.42,21.51,21.46,2.59,87.58,3.57,0.81,0.8
2015,226,28.83,21.34,21.44,4.27,85.92,3.74,0.81,0.8
2015,227,29.31,21.44,21.6,2.32,85.68,3.54,0.8,0.79
2015,228,28.41,21.05,21.38,2.88,86.38,2.99,0.8,0.78
2015,229,28.81,21.02,21.58,3.89,86.08,2.54,0.8,0.79
2015,230,29.1,21.58,21.66,0.21,84.32,1.7,0.8,0.77
2015,231,30.18,21.47,21.81,0.04,83.66,1.88,0.79,0.76
2015,232,28.88,21.25,21.39,0.1,85.33,2.17,0.79,0.76
2015,233,28.45,20.98,21.27,0.66,85.72,3.22,0.78,0.76
2015,234,28.0,21.37,21.02,0.74,85.71,3.73,0.78,0.76
2015,235,28.07,21.07,21.06,0.49,86.59,3.44,0.78,0.75
2015,236,28.04,20.73,20.83,0.92,85.26,3.51,0.77,0.75
2015,237,28.45,20.84,20.97,5.77,85.28,3.77,0.77,0.77
2015,238,28.73,21.24,21.3,3.13,85.54,3.5,0.77,0.76
2015,239,28.46,20.75,21.19,3.28,85.49,3.04,0.77,0.76
2015,240,28.04,21.08,21.48,8.07,87.04,2.75,0.77,0.79
2015,241,28.17,21.6,21.56,4.66,87.21,2.93,0.77,0.78
2015,242,28.01,21.19,21.33,3.11,86.65,3.1,0.77,0.77
2015,243,25.5,20.8,20.86,1.83,89.72,2.54,0.77,0.77
2015,244,27.62,20.12,20.54,0.81,86.29,2.52,0.77,0.75
2015,245,27.42,19.63,19.99,0.27,84.83,2.15,0.76,0.74
2015,246,29.16,19.37,19.39,0.01,81.32,1.74,0.76,0.74
2015,247,30.51,19.62,19.42,0.1,78.21,1.52,0.75,0.73
2015,248,30.67,18.99,20.41,0.11,81.53,1.79,0.75,0.73
2015,249,29.06,20.15,20.34,0.12,82.35,1.99,0.74,0.72
2015,250,28.74,19.82,19.93,0.15,82.3,1.89,0.74,0.72
2015,251,26.72,19.91,20.49,16.08,86.6,1.23,0.74,0.79
2015,252,27.41,21.05,21.38,24.3,88.4,1.8,0.75,0.85
2015,253,29.19,21.59,22.2,23.83,88.1,1.51,0.77,0.86
2015,254,30.16,21.87,21.74,4.32,82.9,1.0,0.78,0.81
2015,255,29.18,21.85,22.16,35.13,86.16,1.53,0.78,0.86
2015,256,26.59,22.43,22.18,23.36,90.75,2.05,0.81,0.89
2015,257,27.81,21.63,22.05,7.37,89.03,2.7,0.81,0.83
2015,258,26.85,21.62,21.88,22.65,90.19,2.51,0.82,0.88
2015,259,27.69,21.83,22.23,9.73,90.46,2.78,0.83,0.86
2015,260,27.74,21.75,22.46,9.81,90.86,2.91,0.83,0.86
2015,261,26.07,22.48,22.47,33.28,93.09,4.21,0.85,0.92
2015,262,27.23,21.39,21.99,22.47,90.23,3.88,0.87,0.92
2015,263,27.12,21.08,21.47,13.7,89.55,3.76,0.87,0.89
2015,264,27.09,21.38,21.57,8.63,89.32,3.74,0.88,0.88
2015,265,27.8,20.78,21.54,1.44,89.23,2.7,0.88,0.86
2015,266,28.57,19.78,21.1,1.62,87.63,1.6,0.87,0.85
2015,267,28.8,20.17,20.95,0.19,85.49,1.25,0.87,0.84
2015,268,28.3,19.3,20.74,0.0,87.26,1.64,0.86,0.83
2015,269,28.8,18.07,18.17,0.01,80.07,1.15,0.86,0.83
2015,270,28.87,17.26,18.43,0.0,80.49,1.4,0.85,0.82
2015,271,29.64,17.16,18.6,0.0,78.53,1.59,0.84,0.82
2015,272,30.38,19.46,19.8,0.0,77.68,2.57,0.84,0.81
2015,273,30.82,20.19,20.28,0.05,77.63,3.06,0.83,0.81
2015,274,30.52,20.78,21.5,3.62,81.95,2.09,0.83,0.82
2015,275,29.34,21.68,22.16,15.2,85.32,1.21,0.83,0.85
2015,276,28.42,21.88,22.48,19.56,89.43,1.33,0.84,0.89
2015,277,27.59,22.04,22.18,8.47,89.46,1.63,0.85,0.87
2015,278,29.13,21.53,21.59,1.98,83.01,1.24,0.85,0.84
2015,279,30.39,19.89,19.07,0.0,75.65,2.34,0.85,0.82
2015,280,30.66,17.8,18.07,0.0,71.74,2.05,0.84,0.82
2015,281,30.78,18.76,18.87,0.01,73.62,1.35,0.83,0.81
2015,282,30.49,21.0,20.7,0.17,79.42,0.81,0.83,0.8
2015,283,27.59,22.32,22.09,4.25,89.03,1.06,0.83,0.82
2015,284,27.59,21.67,22.04,15.21,88.82,0.97,0.83,0.86
2015,285,27.93,21.48,21.41,7.01,84.54,0.97,0.84,0.86
2015,286,29.41,20.18,20.43,0.06,79.75,1.21,0.84,0.82
2015,287,30.94,19.63,18.17,0.0,68.87,1.7,0.83,0.81
2015,288,31.08,19.15,17.11,0.0,67.01,2.07,0.82,0.8
2015,289,30.56,18.55,17.9,0.0,70.86,2.22,0.82,0.8
2015,290,30.07,19.99,19.64,0.0,74.93,2.16,0.81,0.79
2015,291,30.05,20.47,19.75,0.0,75.18,1.71,0.81,0.79
2015,292,30.36,19.6,18.23,0.0,70.45,1.58,0.8,0.78
2015,293,30.75,17.66,16.66,0.0,66.13,1.6,0.8,0.77
2015,294,30.72,19.74,17.92,0.0,68.81,1.6,0.79,0.77
2015,295,31.12,19.83,18.11,0.0,69.15,1.63,0.79,0.76
2015,296,30.59,20.26,18.75,0.0,70.62,1.61,0.78,0.76
2015,297,30.51,20.74,19.16,0.01,70.31,1.21,0.78,0.76
2015,298,29.93,20.4,19.43,2.08,73.25,1.4,0.77,0.76
2015,299,28.49,20.32,19.37,1.03,78.71,1.4,0.77,0.76
2015,300,26.51,19.91,18.76,0.01,79.36,1.51,0.77,0.76
2015,301,29.94,18.66,18.18,0.0,72.64,1.48,0.77,0.75
2015,302,29.41,18.91,18.09,0.0,72.67,1.02,0.76,0.75
2015,303,30.2,18.31,18.11,0.0,74.14,1.76,0.76,0.74
2015,304,29.48,18.03,17.84,0.0,74.4,2.14,0.76,0.74
2015,305,29.15,17.65,17.75,0.0,74.18,1.92,0.75,0.73
2015,306,29.19,17.11,16.82,0.0,70.64,1.88,0.75,0.73
2015,307,29.37,17.2,16.52,0.0,70.44,1.51,0.74,0.73
2015,308,29.16,17.87,17.83,0.3,74.7,1.34,0.74,0.72
2015,309,29.96,17.82,17.73,0.03,74.13,1.25,0.74,0.72
2015,310,30.0,17.25,16.61,0.0,69.87,1.44,0.73,0.72
2015,311,30.01,17.64,15.75,0.0,66.86,1.57,0.73,0.71
2015,312,29.91,16.09,15.47,0.0,65.62,1.65,0.72,0.71
2015,313,29.45,17.39,15.21,0.0,64.77,2.13,0.72,0.7
2015,314,28.81,15.86,13.09,0.0,62.21,2.72,0.71,0.7
2015,315,29.44,16.7,14.71,0.0,64.67,3.33,0.71,0.69
2015,316,30.39,16.5,14.16,0.0,62.69,3.06,0.7,0.68
2015,317,29.6,15.38,13.52,0.0,62.99,2.32,0.7,0.68
2015,318,29.7,16.12,13.26,0.0,61.09,2.28,0.7,0.67
2015,319,29.49,14.79,12.9,0.0,61.66,2.01,0.69,0.67
2015,320,29.44,15.84,13.61,0.0,61.11,2.14,0.69,0.66
2015,321,29.71,15.76,12.87,0.0,60.93,2.31,0.68,0.66
2015,322,29.06,14.6,10.95,0.0,56.22,3.04,0.68,0.65
2015,323,29.08,14.93,11.13,0.0,56.17,3.36,0.67,0.64
2015,324,29.83,15.4,15.06,0.02,64.3,2.95,0.67,0.63
2015,325,28.43,19.02,19.81,2.42,82.33,1.56,0.67,0.65
2015,326,25.42,20.48,20.39,25.22,88.68,1.27,0.67,0.75
2015,327,24.07,20.15,20.24,25.62,91.97,1.63,0.7,0.85
2015,328,25.04,19.21,19.24,0.17,87.0,1.37,0.71,0.74
2015,329,28.16,18.64,18.3,0.07,78.82,1.74,0.71,0.72
2015,330,28.41,16.88,16.31,0.01,70.94,1.49,0.7,0.71
2015,331,27.84,17.89,16.06,0.0,70.24,1.14,0.7,0.7
2015,332,27.92,16.24,15.63,0.0,70.12,1.15,0.7,0.7
2015,333,28.69,15.62,14.95,0.0,68.62,1.92,0.69,0.69
2015,334,28.92,16.62,15.76,0.0,69.26,2.23,0.69,0.68
2015,335,29.27,17.04,17.12,0.0,74.07,1.72,0.69,0.68
2015,336,29.07,16.74,16.59,0.0,72.09,1.41,0.68,0.67
2015,337,28.74,16.56,16.01,0.0,71.33,1.75,0.68,0.67
2015,338,28.77,14.75,12.76,0.0,62.07,2.0,0.68,0.66
2015,339,28.44,14.4,12.8,0.0,63.13,2.33,0.67,0.66
2015,340,28.06,14.02,11.91,0.0,61.31,2.55,0.67,0.65
2015,341,28.1,13.7,10.8,0.0,57.69,2.41,0.66,0.65
2015,342,28.06,12.93,10.31,0.0,55.28,2.23,0.66,0.65
2015,343,26.57,13.7,11.45,0.0,60.42,1.77,0.66,0.65
2015,344,28.98,14.59,13.35,0.0,62.78,1.71,0.65,0.64
2015,345,27.57,17.22,15.85,0.0,72.87,1.3,0.65,0.64
2015,346,28.61,15.98,14.54,0.0,69.06,1.13,0.65,0.64
2015,347,28.95,14.47,12.46,0.0,61.66,1.34,0.65,0.63
2015,348,29.57,15.57,14.27,0.0,65.28,1.28,0.64,0.63
2015,349,30.41,16.67,14.78,0.0,63.99,1.75,0.64,0.62
2015,350,29.89,18.35,15.2,0.0,64.78,1.15,0.64,0.61
2015,351,29.06,17.44,11.98,0.0,55.97,1.14,0.63,0.61
2015,352,29.58,13.39,10.91,0.0,55.24,1.67,0.63,0.6
2015,353,29.58,14.24,13.45,0.0,64.44,1.58,0.62,0.59
2015,354,28.46,15.77,14.97,0.0,70.3,1.21,0.62,0.59
2015,355,27.66,15.51,13.7,0.0,67.72,1.5,0.62,0.58
2015,356,26.1,12.03,8.43,0.0,55.14,1.3,0.62,0.58
2015,357,27.97,9.57,6.23,0.0,50.59,1.58,0.61,0.57
2015,358,27.24,10.11,4.51,0.0,44.47,2.34,0.61,0.56
2015,359,26.83,10.17,0.6,0.0,35.48,3.39,0.61,0.55
2015,360,26.74,9.43,0.3,0.0,35.36,2.91,0.6,0.54
2015,361,28.61,11.23,2.94,0.0,38.14,3.06,0.6,0.54
2015,362,30.1,12.64,3.71,0.0,37.67,3.2,0.6,0.53
2015,363,30.6,12.84,5.22,0.0,39.94,2.62,0.6,0.52
2015,364,31.11,13.21,5.03,0.0,37.73,2.17,0.59,0.52
2015,365,31.03,13.41,6.17,0.0,40.85,2.24,0.59,0.51
2016,1,30.74,13.81,6.71,0.0,41.07,2.04,0.59,0.51
2016,2,30.33,13.06,6.75,0.0,44.04,1.5,0.58,0.5
2016,3,29.77,11.99,4.96,0.0,41.41,1.5,0.58,0.5
2016,4,29.77,11.84,5.02,0.0,40.66,1.86,0.58,0.49
2016,5,29.28,12.09,6.09,0.0,42.54,1.71,0.58,0.49
2016,6,29.35,12.74,6.86,0.0,43.5,1.55,0.58,0.49
2016,7,29.13,13.38,8.66,0.0,47.91,1.57,0.57,0.49
2016,8,28.79,14.38,9.63,0.0,50.01,1.18,0.57,0.48
2016,9,29.29,13.66,8.21,0.0,48.4,1.51,0.57,0.48
2016,10,29.23,12.54,6.23,0.0,42.87,1.8,0.57,0.48
2016,11,29.52,12.2,6.72,0.0,45.99,1.62,0.57,0.47
2016,12,29.63,13.67,8.18,0.0,50.56,1.37,0.56,0.47
2016,13,28.98,13.18,8.76,0.0,54.19,1.26,0.56,0.47
2016,14,28.24,13.93,9.09,0.0,55.98,1.7,0.56,0.46
2016,15,28.61,11.88,11.32,0.0,66.34,1.72,0.56,0.46
2016,16,27.5,15.28,12.42,0.0,66.44,1.56,0.56,0.46
2016,17,26.19,14.23,11.85,0.0,68.43,1.57,0.56,0.46
2016,18,25.39,13.47,10.56,0.0,65.29,1.79,0.56,0.46
2016,19,25.65,12.23,8.73,0.0,60.36,1.8,0.55,0.46
2016,20,27.27,9.15,3.31,0.0,43.07,1.62,0.55,0.45
2016,21,28.11,10.47,3.18,0.0,39.97,2.65,0.55,0.44
2016,22,28.8,10.71,-0.46,0.0,29.47,3.02,0.55,0.44
2016,23,29.18,12.04,3.01,0.0,34.67,2.53,0.55,0.43
2016,24,29.83,13.84,7.2,0.0,44.26,1.81,0.55,0.43
2016,25,30.53,13.18,6.32,0.0,43.17,1.49,0.54,0.43
2016,26,31.12,13.98,4.96,0.0,40.96,1.57,0.54,0.43
2016,27,31.89,13.15,5.48,0.0,44.29,1.6,0.54,0.42
2016,28,32.85,11.82,3.95,0.0,38.24,1.74,0.54,0.42
2016,29,33.7,13.74,4.13,0.0,33.8,2.11,0.54,0.41
2016,30,33.92,13.29,4.05,0.0,34.97,1.67,0.54,0.41
2016,31,33.58,14.08,5.29,0.0,38.66,1.45,0.53,0.41
2016,32,33.11,14.14,6.72,0.0,41.21,1.55,0.53,0.41
2016,33,33.47,14.67,4.98,0.0,36.82,1.75,0.53,0.4
2016,34,33.68,12.87,2.88,0.0,36.26,1.63,0.53,0.4
2016,35,33.15,11.57,2.03,0.0,33.99,1.61,0.53,0.4
2016,36,33.52,13.24,4.65,0.0,38.66,1.66,0.53,0.39
2016,37,29.2,14.25,11.55,0.0,63.38,2.02,0.53,0.4
2016,38,28.96,12.15,11.35,0.0,66.41,1.97,0.52,0.4
2016,39,32.19,11.41,9.14,0.0,53.99,1.64,0.52,0.4
2016,40,33.1,14.27,9.31,0.0,48.29,1.62,0.52,0.39
2016,41,29.89,16.53,13.25,0.0,61.32,1.91,0.52,0.39
2016,42,29.52,14.98,12.97,0.0,66.79,2.2,0.52,0.4
2016,43,29.25,13.56,11.02,0.0,67.12,2.08,0.52,0.39
2016,44,29.97,13.18,9.12,0.0,61.27,1.66,0.52,0.39
2016,45,32.19,11.88,8.14,0.0,48.62,1.8,0.52,0.39
2016,46,32.45,15.28,8.54,0.0,43.21,1.66,0.52,0.38
2016,47,34.1,15.46,10.08,0.0,46.56,1.74,0.51,0.38
2016,48,33.07,16.89,12.61,0.0,52.74,1.47,0.51,0.38
2016,49,34.2,15.93,10.17,0.0,45.89,2.12,0.51,0.37
2016,50,34.35,17.42,14.24,0.0,59.08,2.31,0.51,0.37
2016,51,33.85,18.66,14.27,0.0,55.71,1.6,0.51,0.37
2016,52,35.39,19.61,13.51,0.0,47.66,1.85,0.51,0.36
2016,53,36.11,19.32,7.88,0.0,34.95,2.03,0.51,0.35
2016,54,37.79,17.78,6.3,0.0,31.45,2.06,0.51,0.34
2016,55,33.47,17.13,7.75,0.0,42.3,2.36,0.51,0.33
2016,56,33.44,16.54,10.36,0.0,52.42,1.83,0.51,0.33
2016,57,33.49,18.26,8.16,0.0,41.65,1.45,0.5,0.32
2016,58,35.7,17.17,7.74,0.0,35.81,1.81,0.5,0.31
2016,59,35.94,19.85,10.05,0.39,37.59,1.58,0.5,0.31
2016,60,36.05,21.65,13.15,1.41,42.88,1.16,0.5,0.36
2016,61,34.96,22.31,14.85,0.27,46.81,1.8,0.5,0.34
2016,62,35.08,21.2,16.08,2.65,53.11,1.59,0.5,0.38
2016,63,34.12,21.5,15.27,0.64,51.2,2.09,0.5,0.41
2016,64,34.35,22.03,14.37,1.5,46.28,1.1,0.5,0.4
2016,65,35.78,21.29,11.38,0.0,39.9,1.67,0.5,0.39
2016,66,34.49,19.44,8.38,0.0,35.08,2.0,0.5,0.36
2016,67,36.09,19.17,5.78,0.0,30.05,1.83,0.5,0.33
2016,68,36.61,17.72,6.51,0.0,30.97,1.75,0.5,0.31
2016,69,35.84,18.8,6.9,0.0,31.33,2.04,0.5,0.3
2016,70,38.38,19.09,5.91,0.0,27.14,1.35,0.5,0.28
2016,71,38.42,19.94,7.58,0.0,29.7,1.93,0.5,0.27
2016,72,36.4,19.95,9.34,0.0,37.44,2.62,0.5,0.26
2016,73,32.97,17.35,11.04,0.0,50.41,2.85,0.5,0.26
2016,74,33.86,14.63,10.81,0.0,54.89,2.41,0.5,0.26
2016,75,35.59,15.16,9.65,0.0,50.28,2.18,0.5,0.25
2016,76,35.59,16.01,10.06,0.0,48.39,1.97,0.5,0.25
2016,77,36.08,18.39,10.57,0.0,44.59,2.17,0.5,0.24
2016,78,38.57,18.76,10.92,0.0,41.91,2.15,0.49,0.24
2016,79,38.8,19.6,9.83,0.0,36.07,2.4,0.49,0.23
2016,80,38.52,20.47,7.7,0.0,29.74,2.8,0.49,0.23
2016,81,37.42,20.85,6.21,0.0,28.06,2.78,0.49,0.22
2016,82,38.51,18.83,0.34,0.0,20.44,1.72,0.49,0.22
2016,83,39.53,19.64,1.02,0.0,20.77,1.52,0.49,0.21
2016,84,39.91,21.02,6.02,0.0,29.53,1.17,0.49,0.2
2016,85,39.7,21.77,12.7,0.0,43.9,2.16,0.49,0.2
2016,86,39.55,22.88,12.52,0.0,39.88,2.19,0.49,0.2
2016,87,39.2,22.0,10.71,0.03,35.66,2.12,0.49,0.19
2016,88,39.28,21.78,8.56,0.01,31.05,1.77,0.49,0.19
2016,89,38.64,21.39,6.13,0.0,28.65,1.95,0.49,0.19
2016,90,39.56,19.86,8.34,0.0,35.16,2.1,0.49,0.18
2016,91,37.74,18.67,10.26,0.0,42.62,2.57,0.49,0.18
2016,92,39.09,18.28,9.71,0.0,43.87,2.26,0.49,0.18
2016,93,40.56,19.13,11.52,0.0,46.16,2.05,0.49,0.18
2016,94,39.65,20.19,14.75,0.0,51.43,2.68,0.49,0.17
2016,95,38.12,22.06,14.42,0.02,44.28,2.24,0.49,0.17
2016,96,36.57,23.11,14.43,0.38,45.62,2.18,0.49,0.18
2016,97,38.44,20.87,12.03,0.28,42.96,2.2,0.49,0.18
2016,98,38.86,19.79,11.23,0.05,41.94,2.55,0.49,0.18
2016,99,39.58,19.91,7.17,0.0,29.41,2.32,0.49,0.18
2016,100,38.94,20.04,7.05,0.0,28.73,2.24,0.49,0.17
2016,101,39.14,20.29,10.9,0.0,37.7,2.54,0.49,0.17
2016,102,39.32,21.49,11.66,0.0,36.43,2.75,0.49,0.17
2016,103,40.21,21.41,9.55,0.0,32.9,2.73,0.49,0.17
2016,104,38.78,19.92,11.75,0.0,42.2,2.74,0.49,0.16
2016,105,40.98,18.77,11.16,0.0,45.42,2.32,0.49,0.16
2016,106,41.5,19.51,9.5,0.0,37.18,2.55,0.49,0.16
2016,107,40.56,19.48,12.39,0.0,44.68,2.99,0.49,0.15
2016,108,38.77,18.3,11.67,0.0,48.9,2.96,0.49,0.15
2016,109,41.06,20.85,13.87,0.0,49.43,2.77,0.49,0.15
2016,110,40.24,21.79,15.41,0.56,49.22,2.68,0.49,0.15
2016,111,40.33,23.02,17.06,0.57,50.62,3.11,0.49,0.18
2016,112,39.76,23.19,15.02,0.0,46.29,3.22,0.49,0.18
2016,113,36.68,20.38,13.01,0.0,50.97,3.6,0.49,0.18
2016,114,36.51,18.64,14.75,0.0,57.58,3.29,0.49,0.18
2016,115,36.06,18.66,14.81,0.0,57.03,3.08,0.49,0.17
2016,116,38.37,19.3,11.75,0.0,50.8,2.43,0.49,0.17
2016,117,40.23,18.59,11.08,0.0,44.39,2.42,0.49,0.17
2016,118,41.0,21.66,9.02,0.0,31.52,2.31,0.49,0.16
2016,119,40.81,23.44,9.85,0.0,31.61,2.14,0.49,0.16
2016,120,39.17,22.91,12.61,0.0,41.53,2.65,0.49,0.15
2016,121,40.6,21.22,13.06,0.0,45.29,2.81,0.49,0.15
2016,122,39.72,20.99,12.22,0.0,42.9,2.75,0.49,0.15
2016,123,39.47,21.12,14.33,0.0,49.72,3.43,0.49,0.15
2016,124,40.48,20.19,12.68,0.0,44.96,2.87,0.49,0.14
2016,125,38.29,20.13,12.85,0.0,47.71,2.77,0.49,0.14
2016,126,37.88,21.72,15.95,0.0,54.97,2.93,0.49,0.14
2016,127,37.19,20.64,14.06,0.0,51.84,3.03,0.49,0.14
2016,128,37.67,20.79,14.96,0.01,53.22,2.48,0.49,0.14
2016,129,38.55,21.25,17.01,0.45,55.95,2.69,0.49,0.14
2016,130,38.22,22.86,16.37,1.68,50.49,2.26,0.49,0.17
2016,131,37.8,23.41,16.99,1.79,50.51,2.05,0.49,0.28
2016,132,39.0,24.14,16.94,0.38,48.89,2.41,0.49,0.27
2016,133,39.22,22.72,17.01,0.88,51.75,2.95,0.49,0.29
2016,134,39.08,22.89,18.98,0.42,58.25,3.08,0.49,0.28
2016,135,38.69,24.27,19.25,1.37,56.39,2.86,0.49,0.32
2016,136,39.28,24.34,18.22,0.0,51.04,3.17,0.49,0.29
2016,137,39.72,22.75,17.11,0.0,51.8,2.84,0.49,0.27
2016,138,38.24,23.52,18.69,0.0,58.13,2.97,0.49,0.26
2016,139,38.9,23.93,20.07,0.0,61.08,3.71,0.49,0.25
2016,140,36.7,24.29,20.09,0.01,62.68,4.27,0.49,0.24
2016,141,35.85,24.44,20.11,0.0,64.63,5.17,0.49,0.23
2016,142,35.88,23.78,20.6,0.0,66.41,5.3,0.49,0.23
2016,143,37.37,23.83,20.21,0.0,64.24,4.75,0.49,0.22
2016,144,36.48,23.88,20.74,0.08,66.61,4.94,0.49,0.22
2016,145,36.73,23.95,19.82,0.03,63.06,4.31,0.49,0.21
2016,146,34.87,23.76,20.5,0.01,65.69,4.63,0.49,0.21
2016,147,35.25,24.12,21.14,0.03,67.11,4.14,0.49,0.21
2016,148,36.37,23.92,20.83,0.02,65.38,4.01,0.49,0.21
2016,149,36.38,23.85,20.85,0.0,65.51,4.16,0.49,0.2
2016,150,36.17,23.77,20.12,0.01,63.04,4.2,0.49,0.2
2016,151,37.1,22.99,18.89,0.02,59.68,3.74,0.49,0.2
2016,152,37.53,22.99,18.6,0.0,58.85,3.74,0.49,0.19
2016,153,38.36,23.46,18.69,0.31,57.12,3.73,0.49,0.19
2016,154,37.84,23.57,19.12,1.74,59.42,3.8,0.49,0.24
2016,155,37.84,23.65,20.11,0.85,61.92,3.69,0.49,0.27
2016,156,35.29,24.21,21.53,14.89,70.37,3.92,0.49,0.41
2016,157,32.54,24.11,22.24,11.47,77.29,3.56,0.51,0.62
2016,158,31.1,23.63,21.41,5.91,75.32,3.15,0.52,0.58
2016,159,33.91,23.5,21.21,0.13,71.17,3.74,0.52,0.49
2016,160,31.94,24.25,22.2,0.71,76.15,3.74,0.52,0.49
2016,161,31.97,24.27,21.89,1.55,76.61,3.66,0.52,0.5
2016,162,30.27,23.6,22.12,3.64,78.74,3.76,0.52,0.51
2016,163,28.62,23.54,21.9,7.09,81.9,4.12,0.52,0.57
2016,164,30.06,23.5,22.12,4.37,81.16,4.61,0.52,0.54
2016,165,30.24,23.81,22.46,2.34,81.7,4.92,0.53,0.53
2016,166,31.94,23.4,21.7,1.35,77.37,4.81,0.52,0.5
2016,167,31.92,22.8,21.24,0.83,75.43,5.24,0.52,0.49
2016,168,32.48,23.3,21.04,0.24,73.65,4.95,0.52,0.47
2016,169,32.33,23.0,20.64,0.72,72.91,4.61,0.52,0.46
2016,170,31.84,22.97,21.16,1.73,75.06,4.64,0.52,0.48
2016,171,29.12,23.31,21.31,6.07,79.08,4.35,0.52,0.52
2016,172,27.85,22.26,21.54,21.12,85.18,3.43,0.54,0.67
2016,173,28.35,22.21,22.13,20.25,86.88,4.25,0.55,0.72
2016,174,29.76,21.8,21.41,5.27,83.4,2.98,0.56,0.65
2016,175,29.6,21.66,21.04,11.27,82.68,4.35,0.56,0.66
2016,176,27.4,22.35,21.7,22.18,85.22,4.12,0.58,0.74
2016,177,25.74,22.53,22.42,63.89,91.27,4.2,0.61,0.9
2016,178,28.72,21.95,21.55,30.29,84.76,4.6,0.64,0.8
2016,179,28.46,22.16,22.08,19.65,87.7,4.57,0.66,0.8
2016,180,28.03,22.88,22.69,35.48,88.55,4.6,0.68,0.87
2016,181,27.84,22.88,22.33,15.58,87.55,4.85,0.7,0.81
2016,182,27.88,23.11,22.56,18.79,88.39,4.57,0.71,0.82
2016,183,27.68,22.66,22.7,28.58,89.4,5.16,0.73,0.85
2016,184,25.89,23.37,23.03,78.15,93.24,5.85,0.76,0.95
2016,185,26.21,22.62,23.06,64.35,93.61,5.59,0.8,0.98
2016,186,26.82,22.6,22.87,38.18,91.81,5.17,0.84,0.94
2016,187,26.19,22.83,22.74,22.98,92.03,4.93,0.86,0.92
2016,188,27.58,22.75,22.52,12.4,90.06,5.03,0.86,0.89
2016,189,27.8,22.31,22.08,9.52,87.63,5.21,0.87,0.88
2016,190,26.14,22.32,22.28,21.3,91.05,5.18,0.87,0.9
2016,191,24.77,22.38,22.35,30.57,93.62,6.12,0.88,0.93
2016,192,25.17,22.92,22.7,69.76,94.53,6.42,0.91,0.98
2016,193,25.39,22.56,22.63,44.15,94.36,6.27,0.93,0.97
2016,194,25.94,22.25,22.29,23.05,92.7,5.68,0.94,0.95
2016,195,27.08,21.9,22.16,18.15,89.97,5.33,0.94,0.94
2016,196,27.22,21.47,22.01,12.1,89.92,4.28,0.94,0.93
2016,197,27.58,21.49,22.01,8.55,90.12,3.71,0.94,0.92
2016,198,27.65,21.36,21.94,8.71,89.76,4.12,0.94,0.92
2016,199,27.18,21.52,21.78,8.67,89.34,3.37,0.94,0.92
2016,200,26.86,21.45,21.85,21.13,90.23,4.12,0.94,0.93
2016,201,25.33,21.62,21.76,31.84,92.08,4.41,0.95,0.95
2016,202,25.41,21.85,21.84,21.62,92.69,4.08,0.95,0.95
2016,203,25.57,21.59,21.7,9.92,92.93,3.54,0.95,0.94
2016,204,25.34,21.81,21.77,14.92,93.09,3.93,0.95,0.94
2016,205,26.34,21.55,21.83,11.9,92.54,3.55,0.95,0.94
2016,206,26.21,21.24,21.75,3.63,91.88,3.12,0.95,0.93
2016,207,26.1,21.19,21.52,3.99,90.93,2.68,0.95,0.93
2016,208,26.48,20.86,21.53,11.03,90.31,2.35,0.95,0.93
2016,209,26.52,20.85,21.44,8.86,90.45,2.53,0.95,0.93
2016,210,26.36,20.87,21.62,11.98,91.23,3.23,0.95,0.93
2016,211,24.54,21.05,21.43,31.19,93.02,3.49,0.95,0.96
2016,212,25.49,21.7,21.89,17.06,92.99,3.82,0.96,0.95
2016,213,24.53,22.13,22.11,52.4,94.66,4.42,0.96,0.97
2016,214,23.96,22.18,22.13,79.12,95.43,5.66,0.97,0.99
2016,215,23.46,22.0,21.84,93.27,95.7,6.08,0.97,1.0
2016,216,23.9,21.92,22.15,92.52,96.0,5.88,0.98,1.0
2016,217,25.03,22.08,22.16,30.04,93.9,5.76,0.98,0.99
2016,218,25.18,22.46,22.57,54.15,94.85,6.4,0.98,0.99
2016,219,25.48,22.11,22.11,27.39,92.95,6.42,0.98,0.98
2016,220,24.53,21.72,21.74,16.68,93.37,5.75,0.98,0.97
2016,221,25.98,21.46,21.81,17.34,92.12,5.65,0.98,0.97
2016,222,25.78,21.81,21.98,19.2,92.72,5.49,0.98,0.97
2016,223,25.93,21.71,21.79,21.66,92.01,5.45,0.98,0.97
2016,224,25.37,21.48,21.66,17.57,92.38,4.45,0.98,0.97
2016,225,26.79,21.29,21.9,11.08,91.56,4.21,0.98,0.96
2016,226,26.43,21.48,21.67,4.31,91.14,4.26,0.97,0.95
2016,227,26.03,21.06,21.23,1.83,90.83,4.68,0.97,0.94
2016,228,26.29,21.03,21.36,3.43,90.82,5.05,0.96,0.93
2016,229,26.53,21.16,21.46,2.41,90.53,5.02,0.96,0.93
2016,230,26.99,21.1,21.32,2.45,89.64,4.64,0.95,0.92
2016,231,26.73,20.68,21.07,5.74,89.71,3.81,0.95,0.92
2016,232,26.31,20.22,20.96,2.33,90.29,3.11,0.94,0.91
2016,233,25.48,20.57,21.03,1.89,91.59,3.45,0.94,0.91
2016,234,27.32,21.24,21.73,3.83,89.7,4.14,0.94,0.91
2016,235,27.32,21.01,21.61,8.76,90.14,3.76,0.93,0.91
2016,236,26.51,21.43,21.96,20.81,91.58,3.44,0.94,0.94
2016,237,27.02,21.25,21.9,12.93,90.86,3.45,0.94,0.93
2016,238,26.68,20.54,21.06,5.15,89.77,2.64,0.94,0.92
2016,239,27.29,20.36,21.47,14.34,90.72,2.66,0.94,0.92
2016,240,26.71,21.09,21.63,31.43,91.58,2.95,0.95,0.96
2016,241,27.23,20.88,21.89,21.75,92.36,2.72,0.96,0.95
2016,242,27.83,20.89,22.09,7.11,91.69,2.82,0.96,0.93
2016,243,26.78,21.37,22.03,7.82,92.37,2.57,0.96,0.93
2016,244,26.66,20.82,21.33,2.62,90.47,2.55,0.95,0.93
2016,245,26.37,20.53,21.2,6.64,90.66,2.99,0.95,0.93
2016,246,26.32,20.36,20.95,6.65,90.02,2.74,0.95,0.92
2016,247,25.83,20.18,20.63,6.05,90.13,2.85,0.95,0.92
2016,248,26.12,19.34,20.31,1.75,89.84,2.63,0.94,0.91
2016,249,26.01,19.41,20.14,1.78,90.02,2.69,0.94,0.91
2016,250,26.2,18.95,19.98,1.85,89.3,2.73,0.93,0.9
2016,251,26.04,19.13,19.82,2.36,89.22,2.63,0.93,0.9
2016,252,26.31,18.4,19.72,1.67,88.88,2.24,0.92,0.89
2016,253,25.8,18.54,19.99,1.62,89.52,1.97,0.92,0.89
2016,254,25.01,19.58,20.23,2.9,90.64,1.73,0.92,0.89
2016,255,25.55,19.79,20.41,4.47,90.19,2.05,0.92,0.89
2016,256,26.73,19.03,20.17,0.67,88.5,1.61,0.91,0.88
2016,257,27.2,19.87,20.3,1.74,86.18,1.43,0.91,0.88
2016,258,27.0,20.51,21.16,9.37,89.43,1.89,0.91,0.89
2016,259,26.69,21.06,21.69,18.08,92.29,2.68,0.91,0.92
2016,260,24.96,21.78,22.22,35.18,95.12,3.26,0.92,0.95
2016,261,23.91,22.43,22.35,80.09,96.17,4.44,0.95,0.99
2016,262,24.32,21.48,22.04,32.38,95.7,4.76,0.96,0.97
2016,263,24.97,20.46,20.83,14.68,92.31,4.24,0.97,0.96
2016,264,25.55,20.66,21.23,24.94,92.72,4.3,0.97,0.96
2016,265,25.27,21.3,21.9,45.97,94.52,2.99,0.97,0.98
2016,266,25.43,22.06,22.27,39.67,94.49,3.22,0.98,0.98
2016,267,25.42,22.11,22.56,32.39,94.91,2.63,0.98,0.98
2016,268,25.42,22.0,22.18,29.47,94.35,3.5,0.98,0.98
2016,269,25.63,21.65,22.1,5.57,93.75,2.89,0.98,0.97
2016,270,26.2,21.26,21.95,4.68,93.01,2.79,0.98,0.96
2016,271,27.65,20.51,21.87,5.44,91.29,2.51,0.97,0.95
2016,272,27.71,20.36,21.67,1.71,90.37,2.27,0.97,0.94
2016,273,27.32,20.08,21.46,0.8,90.81,2.41,0.96,0.93
2016,274,25.73,19.75,20.73,0.3,91.01,2.44,0.96,0.93
2016,275,25.02,19.88,20.89,27.58,93.32,2.27,0.96,0.96
2016,276,25.66,20.0,21.2,14.74,93.74,2.36,0.97,0.95
2016,277,26.8,21.05,21.96,12.1,92.98,3.11,0.97,0.95
2016,278,25.02,20.27,21.18,16.27,92.81,3.5,0.97,0.95
2016,279,25.66,20.0,20.7,6.77,92.24,3.17,0.97,0.95
2016,280,25.98,19.41,20.61,2.25,91.94,2.48,0.97,0.94
2016,281,27.59,19.45,21.24,0.95,90.9,1.71,0.96,0.93
2016,282,26.94,19.67,21.1,0.69,90.44,1.51,0.96,0.92
2016,283,28.35,20.11,21.79,4.54,89.62,1.32,0.95,0.92
2016,284,28.6,20.43,21.21,7.07,86.6,1.3,0.95,0.93
2016,285,28.44,20.44,21.06,2.8,86.6,1.13,0.95,0.92
2016,286,28.34,19.93,20.5,1.06,86.45,1.25,0.95,0.91
2016,287,28.28,18.25,19.47,0.03,83.73,1.06,0.94,0.9
2016,288,28.13,17.67,19.02,1.15,81.63,1.43,0.93,0.9
2016,289,27.63,17.34,17.73,0.03,77.22,1.56,0.93,0.89
2016,290,27.56,16.12,16.74,0.0,75.07,1.47,0.92,0.89
2016,291,27.54,16.94,16.7,0.0,73.31,1.43,0.92,0.88
2016,292,27.32,15.68,15.44,0.0,72.49,1.75,0.91,0.88
2016,293,27.77,15.14,15.66,0.0,72.13,1.58,0.91,0.87
2016,294,28.05,15.23,15.11,0.0,69.77,1.53,0.9,0.87
2016,295,27.86,14.71,15.03,0.0,69.91,1.55,0.9,0.86
2016,296,27.92,14.66,15.51,0.0,73.31,1.36,0.89,0.86
2016,297,27.98,14.96,16.07,0.0,75.69,1.32,0.89,0.85
2016,298,26.93,15.45,16.55,0.0,79.57,1.23,0.88,0.85
2016,299,27.08,14.77,15.8,0.0,78.28,1.19,0.88,0.85
2016,300,26.74,13.76,14.6,0.0,74.93,1.77,0.87,0.84
2016,301,27.15,14.5,15.11,0.0,75.0,2.2,0.87,0.84
2016,302,27.25,13.72,13.47,0.0,68.46,1.81,0.86,0.84
2016,303,26.73,12.97,11.43,0.0,62.53,1.47,0.86,0.83
2016,304,27.16,12.02,13.83,0.0,70.77,1.62,0.85,0.83
2016,305,27.68,17.31,18.36,0.0,83.02,2.53,0.85,0.83
2016,306,27.02,15.3,14.62,0.0,73.13,2.53,0.84,0.82
2016,307,26.95,13.41,13.13,0.0,69.45,2.13,0.84,0.82
2016,308,26.22,13.57,13.23,0.0,72.03,2.25,0.83,0.82
2016,309,25.71,12.56,12.59,0.0,68.2,1.47,0.83,0.81
2016,310,26.31,12.86,13.73,0.0,71.8,1.46,0.82,0.81
2016,311,25.84,12.78,12.65,0.0,68.77,1.55,0.82,0.8
2016,312,26.47,13.03,12.09,0.0,68.16,1.85,0.82,0.8
2016,313,26.53,12.1,11.26,0.0,64.62,1.96,0.81,0.8
2016,314,26.12,12.09,11.09,0.0,64.67,1.99,0.81,0.79
2016,315,26.21,11.72,10.5,0.0,63.2,1.92,0.8,0.79
2016,316,26.16,11.14,9.9,0.0,61.52,1.83,0.8,0.78
2016,317,26.02,11.05,10.37,0.0,64.84,2.09,0.79,0.78
2016,318,26.38,11.51,11.74,0.0,66.57,1.88,0.79,0.77
2016,319,27.14,13.48,14.05,0.0,70.75,1.88,0.78,0.77
2016,320,27.87,15.13,15.88,0.01,74.55,1.85,0.78,0.77
2016,321,28.15,16.45,17.57,0.03,79.99,2.27,0.78,0.77
2016,322,26.99,15.28,14.4,0.0,72.32,2.79,0.77,0.76
2016,323,26.73,13.17,12.39,0.0,66.77,2.61,0.77,0.76
2016,324,25.97,13.64,10.5,0.0,61.47,2.35,0.76,0.75
2016,325,27.06,11.29,9.17,0.0,58.06,2.08,0.76,0.75
2016,326,27.03,10.96,9.3,0.0,58.34,1.84,0.76,0.74
2016,327,27.25,11.53,9.53,0.0,57.27,1.97,0.75,0.74
2016,328,27.27,11.41,9.87,0.0,59.36,1.9,0.75,0.74
2016,329,27.03,12.38,9.87,0.0,59.26,2.28,0.74,0.73
2016,330,27.12,11.99,9.59,0.0,59.0,2.62,0.74,0.72
2016,331,28.13,11.81,9.16,0.0,55.51,2.18,0.73,0.72
2016,332,28.59,11.9,9.81,0.0,56.75,1.96,0.73,0.72
2016,333,29.52,12.26,9.79,0.0,53.23,1.66,0.72,0.71
2016,334,29.54,12.57,10.3,0.0,54.2,1.42,0.72,0.71
2016,335,28.69,12.21,10.06,0.0,54.73,1.61,0.72,0.71
2016,336,28.19,12.28,10.68,0.0,56.47,1.6,0.71,0.7
2016,337,27.32,13.11,11.93,0.0,64.72,2.2,0.71,0.7
2016,338,28.35,13.64,14.12,0.0,69.8,3.09,0.71,0.69
2016,339,28.21,17.0,18.01,0.0,79.42,2.67,0.7,0.69
2016,340,27.54,16.51,16.26,0.0,73.69,2.08,0.7,0.69
2016,341,26.68,14.08,11.23,0.0,62.8,2.32,0.7,0.69
2016,342,26.66,11.71,9.76,0.0,61.46,2.56,0.69,0.68
2016,343,26.7,11.09,8.79,0.0,56.4,1.75,0.69,0.68
2016,344,26.21,9.99,7.12,0.0,52.27,1.63,0.69,0.67
2016,345,26.1,8.91,6.11,0.0,52.13,1.62,0.68,0.67
2016,346,26.82,9.47,7.53,0.0,55.88,2.06,0.68,0.67
2016,347,27.68,10.87,8.34,0.0,56.0,2.07,0.67,0.66
2016,348,28.15,11.56,9.12,0.0,57.69,2.38,0.67,0.66
2016,349,27.34,14.03,13.89,0.0,68.74,2.91,0.67,0.65
2016,350,28.2,15.87,16.79,0.0,75.73,2.47,0.66,0.65
2016,351,28.52,15.81,15.62,0.0,68.38,2.3,0.66,0.65
2016,352,28.1,15.64,14.76,0.0,67.97,1.65,0.66,0.65
2016,353,27.86,14.1,12.87,0.0,65.03,1.42,0.65,0.64
2016,354,27.54,11.78,9.94,0.0,56.87,1.46,0.65,0.64
2016,355,27.46,11.52,8.08,0.0,53.06,2.27,0.65,0.63
2016,356,27.65,10.63,6.67,0.0,47.77,1.82,0.65,0.63
2016,357,28.73,10.58,7.06,0.0,49.45,1.74,0.64,0.63
2016,358,28.96,10.46,6.13,0.0,46.14,1.7,0.64,0.62
2016,359,29.58,11.21,6.09,0.0,42.6,1.4,0.64,0.62
2016,360,28.84,11.58,7.21,0.0,46.74,1.41,0.63,0.61
2016,361,28.41,10.96,7.24,0.0,49.07,1.81,0.63,0.61
2016,362,27.69,10.67,4.53,0.0,43.3,2.43,0.63,0.6
2016,363,27.71,10.5,4.28,0.0,41.79,2.47,0.62,0.59
2016,364,28.07,10.33,5.98,0.0,47.16,2.22,0.62,0.59
2016,365,28.1,10.99,6.15,0.0,45.1,1.98,0.62,0.59
2016,366,27.75,10.98,7.74,0.0,49.3,1.42,0.61,0.58
2017,1,27.69,12.05,9.48,0.0,54.49,1.13,0.61,0.58
2017,2,27.95,12.14,8.24,0.0,51.82,1.38,0.61,0.58
2017,3,27.87,11.35,5.32,0.0,45.65,2.43,0.61,0.57
2017,4,27.53,10.14,5.06,0.0,44.55,1.79,0.6,0.56
2017,5,27.82,10.0,5.67,0.0,46.13,1.5,0.6,0.56
2017,6,27.66,11.66,7.0,0.0,51.7,1.46,0.6,0.55
2017,7,26.62,11.68,7.68,0.0,58.88,1.18,0.6,0.55
2017,8,26.81,11.47,11.22,0.0,73.29,1.39,0.59,0.54
2017,9,26.37,11.81,11.83,0.0,73.29,1.61,0.59,0.54
2017,10,27.15,9.07,5.49,0.0,51.85,1.31,0.59,0.53
2017,11,26.82,8.46,4.04,0.0,48.41,1.69,0.59,0.53
2017,12,26.72,8.2,4.72,0.0,47.47,1.5,0.58,0.52
2017,13,27.11,11.48,7.14,0.0,49.83,1.11,0.58,0.52
2017,14,27.3,11.31,9.64,0.0,58.74,2.18,0.58,0.51
2017,15,28.15,13.15,13.3,0.0,69.48,1.45,0.58,0.51
2017,16,27.87,13.45,12.73,0.0,66.65,1.28,0.58,0.51
2017,17,28.37,14.27,11.32,0.0,59.64,1.16,0.58,0.51
2017,18,28.75,13.12,9.44,0.0,51.64,1.62,0.57,0.5
2017,19,28.02,13.15,7.92,0.0,49.84,2.46,0.57,0.49
2017,20,28.19,12.58,6.95,0.0,46.43,2.75,0.57,0.49
2017,21,29.72,12.62,8.04,0.0,47.22,2.1,0.57,0.48
2017,22,31.06,13.85,8.94,0.0,46.64,1.8,0.57,0.48
2017,23,31.09,14.8,9.14,0.0,45.55,2.14,0.56,0.47
2017,24,31.13,15.34,8.92,0.0,44.72,2.4,0.56,0.47
2017,25,30.58,14.75,8.53,0.0,44.22,2.28,0.56,0.46
2017,26,31.19,14.37,9.44,0.0,48.57,1.86,0.56,0.46
2017,27,30.27,14.1,9.2,0.0,50.98,1.24,0.56,0.46
2017,28,30.85,13.91,5.89,0.0,40.74,2.81,0.55,0.45
2017,29,31.17,13.33,4.03,0.0,34.17,2.33,0.55,0.44
2017,30,31.92,13.5,4.97,0.0,35.46,1.48,0.55,0.44
2017,31,32.17,14.59,6.08,0.0,39.33,1.31,0.55,0.44
2017,32,32.65,13.56,5.67,0.0,36.51,1.25,0.55,0.43
2017,33,32.62,14.39,5.91,0.0,34.45,1.38,0.54,0.43
2017,34,32.07,14.75,9.47,0.0,46.55,1.56,0.54,0.43
2017,35,32.32,15.02,10.31,0.0,53.54,1.59,0.54,0.42
2017,36,31.35,14.7,12.61,0.0,66.75,1.77,0.54,0.42
2017,37,31.01,13.33,9.8,0.0,57.05,1.5,0.54,0.42
2017,38,31.9,12.59,6.23,0.0,41.15,1.48,0.54,0.41
2017,39,33.24,14.67,7.92,0.0,43.95,1.72,0.54,0.41
2017,40,32.58,14.49,7.84,0.0,43.92,1.4,0.53,0.41
2017,41,33.01,14.53,7.9,0.0,42.91,1.96,0.53,0.41
2017,42,30.91,15.68,9.07,0.0,47.24,1.89,0.53,0.41
2017,43,32.26,13.1,8.19,0.0,47.01,1.49,0.53,0.4
2017,44,32.74,15.28,7.56,0.0,38.33,1.81,0.53,0.4
2017,45,32.7,16.34,7.95,0.0,39.25,3.15,0.53,0.4
2017,46,32.6,17.4,8.56,0.0,40.45,3.14,0.53,0.39
2017,47,33.43,15.66,6.04,0.0,35.81,3.22,0.52,0.39
2017,48,34.43,16.29,5.3,0.0,32.57,3.06,0.52,0.39
2017,49,35.13,16.38,4.91,0.0,30.77,2.72,0.52,0.38
2017,50,35.15,16.81,4.79,0.0,31.36,1.88,0.52,0.38
2017,51,34.99,18.41,6.75,0.0,35.88,2.03,0.52,0.37
2017,52,32.27,15.99,10.25,0.0,51.56,2.35,0.52,0.38
2017,53,34.6,14.87,8.9,0.0,51.33,1.89,0.52,0.37
2017,54,36.33,15.36,6.76,0.0,37.42,1.69,0.51,0.36
2017,55,36.12,17.09,4.33,0.0,28.82,2.17,0.51,0.35
2017,56,35.92,16.86,-0.57,0.0,20.27,2.86,0.51,0.34
2017,57,36.04,16.55,-0.89,0.0,20.39,1.71,0.51,0.33
2017,58,35.93,15.6,-0.96,0.0,20.2,1.76,0.51,0.33
2017,59,36.15,15.67,2.88,0.0,25.85,1.74,0.51,0.32
2017,60,36.29,16.84,3.15,0.0,26.76,1.66,0.51,0.31
2017,61,36.02,16.86,4.62,0.0,29.29,1.9,0.51,0.3
2017,62,35.85,17.42,6.8,0.0,34.61,2.09,0.5,0.3
2017,63,34.76,17.46,4.5,0.0,34.19,2.03,0.5,0.3
2017,64,35.25,15.18,5.24,0.0,38.07,1.84,0.5,0.29
2017,65,34.53,17.61,5.53,0.0,36.69,1.84,0.5,0.29
2017,66,32.87,15.7,7.71,0.0,44.6,2.05,0.5,0.29
2017,67,33.07,15.79,9.83,0.0,47.8,2.36,0.5,0.29
2017,68,33.19,15.89,7.03,0.0,42.64,2.39,0.5,0.28
2017,69,29.51,14.62,13.1,0.0,66.74,3.15,0.5,0.28
2017,70,30.28,14.83,11.08,0.0,59.54,2.92,0.5,0.29
2017,71,32.71,10.97,1.98,0.0,39.65,1.4,0.5,0.28
2017,72,35.12,13.57,1.0,0.0,27.02,1.98,0.5,0.27
2017,73,35.72,16.17,1.86,0.0,26.08,1.56,0.5,0.26
2017,74,35.86,16.95,8.12,0.01,33.74,2.03,0.5,0.26
2017,75,35.68,18.91,9.1,0.0,39.96,2.13,0.5,0.25
2017,76,35.3,17.23,6.17,0.0,36.14,2.26,0.5,0.25
2017,77,36.09,17.23,8.15,0.0,37.97,2.18,0.5,0.24
2017,78,35.74,17.99,7.68,0.0,37.36,2.58,0.5,0.24
2017,79,36.38,15.79,5.82,0.0,39.02,1.64,0.5,0.23
2017,80,37.13,16.86,6.41,0.0,39.08,1.62,0.5,0.23
2017,81,38.23,17.82,4.99,0.0,30.59,1.44,0.5,0.22
2017,82,39.01,19.79,5.98,0.0,28.74,1.68,0.49,0.21
2017,83,38.9,19.49,7.92,0.0,33.28,1.8,0.49,0.21
2017,84,39.67,20.19,7.91,0.0,31.02,1.53,0.49,0.21
2017,85,39.92,21.04,6.76,0.0,26.54,1.8,0.49,0.2
2017,86,40.89,20.99,4.13,0.0,22.66,1.83,0.49,0.2
2017,87,41.2,22.28,7.88,0.01,33.84,2.07,0.49,0.19
2017,88,40.96,20.81,13.13,0.01,49.8,2.24,0.49,0.19
2017,89,39.51,21.42,15.72,0.01,53.73,2.1,0.49,0.19
2017,90,39.84,20.99,12.47,0.22,41.15,1.71,0.49,0.19
2017,91,38.78,22.47,9.95,0.09,33.67,2.44,0.49,0.19
2017,92,37.74,21.04,10.68,0.0,38.58,2.89,0.49,0.19
2017,93,37.8,19.91,10.3,0.0,39.83,2.69,0.49,0.19
2017,94,37.6,19.95,12.03,0.0,45.06,2.79,0.49,0.19
2017,95,37.54,19.09,13.18,0.0,54.06,2.84,0.49,0.19
2017,96,37.49,19.25,12.71,0.0,52.15,2.72,0.49,0.18
2017,97,37.03,17.81,11.06,0.0,46.98,2.86,0.49,0.18
2017,98,40.06,17.09,4.77,0.0,31.68,1.85,0.49,0.18
2017,99,41.02,19.57,1.68,0.0,20.31,1.64,0.49,0.17
2017,100,40.55,22.99,-0.15,0.0,15.93,1.37,0.49,0.17
2017,101,40.59,20.52,0.68,0.0,19.37,2.08,0.49,0.16
2017,102,40.82,21.71,-0.44,0.0,19.09,1.74,0.49,0.16
2017,103,41.55,21.15,1.01,0.0,22.93,1.74,0.49,0.16
2017,104,41.37,21.62,7.0,0.0,31.48,2.27,0.49,0.15
2017,105,40.42,20.14,12.75,0.0,47.27,2.46,0.49,0.15
2017,106,41.34,19.89,9.32,0.0,38.64,2.7,0.49,0.15
2017,107,41.28,20.51,9.68,0.0,39.43,2.71,0.49,0.15
2017,108,41.21,20.6,7.9,0.0,31.92,2.91,0.49,0.15
2017,109,39.59,20.85,9.43,0.0,37.05,2.86,0.49,0.14
2017,110,39.13,19.88,13.28,0.0,51.29,3.26,0.49,0.14
2017,111,37.96,19.45,13.17,0.0,52.79,3.22,0.49,0.14
2017,112,36.16,18.73,13.16,0.0,53.44,3.25,0.49,0.14
2017,113,36.46,18.79,13.63,0.0,53.71,2.97,0.49,0.14
2017,114,36.28,18.92,13.36,0.0,53.41,3.02,0.49,0.14
2017,115,36.45,18.73,11.42,0.0,49.6,3.09,0.49,0.14
2017,116,37.93,19.15,13.29,0.0,52.25,2.92,0.49,0.14
2017,117,39.78,19.53,11.52,0.0,46.57,2.32,0.49,0.14
2017,118,39.58,19.08,11.34,0.0,43.57,2.21,0.49,0.14
2017,119,38.81,20.41,11.23,0.0,42.25,2.23,0.49,0.14
2017,120,38.45,20.32,10.95,0.0,43.04,2.39,0.49,0.13
2017,121,39.52,20.5,12.58,0.0,45.52,2.17,0.49,0.13
2017,122,39.4,20.96,11.36,0.0,41.13,2.8,0.49,0.13
2017,123,40.04,21.13,13.68,0.0,46.47,2.25,0.49,0.13
2017,124,39.76,22.99,14.88,0.23,43.43,1.92,0.49,0.13
2017,125,41.38,24.01,14.19,0.23,41.7,2.07,0.49,0.14
2017,126,41.05,23.24,14.44,0.57,42.92,2.7,0.49,0.15
2017,127,39.65,22.05,15.04,0.27,45.79,2.94,0.49,0.16
2017,128,39.71,23.91,13.71,0.01,40.65,2.91,0.49,0.16
2017,129,39.92,21.62,14.03,0.01,48.33,3.04,0.49,0.16
2017,130,40.14,21.42,12.27,0.0,43.92,2.82,0.49,0.15
2017,131,40.22,21.47,13.49,0.01,44.43,2.69,0.49,0.15
2017,132,39.1,23.07,16.67,5.63,47.73,1.81,0.49,0.19
2017,133,38.8,24.11,18.25,2.85,51.89,1.68,0.5,0.39
2017,134,35.29,24.62,19.74,2.07,61.42,2.42,0.5,0.45
2017,135,36.09,23.43,19.2,0.1,61.65,3.54,0.5,0.4
2017,136,37.06,22.16,16.76,0.0,55.5,3.14,0.5,0.36
2017,137,36.96,22.72,17.55,0.0,57.82,3.22,0.49,0.33
2017,138,37.7,21.53,16.83,0.0,56.01,3.15,0.49,0.3
2017,139,36.77,22.11,17.11,0.0,56.99,3.55,0.49,0.28
2017,140,38.39,21.42,16.84,0.0,57.17,3.45,0.49,0.27
2017,141,36.95,22.16,16.84,0.0,56.67,3.93,0.49,0.25
2017,142,38.61,21.76,16.51,0.01,54.68,3.7,0.49,0.24
2017,143,40.66,23.02,17.23,0.24,52.56,3.5,0.49,0.23
2017,144,36.68,23.12,18.22,0.39,57.44,3.34,0.49,0.24
2017,145,38.36,22.09,18.63,0.0,59.98,3.62,0.49,0.24
2017,146,38.52,22.5,18.24,0.01,58.73,3.66,0.49,0.23
2017,147,36.24,23.43,19.23,0.02,62.11,4.39,0.49,0.22
2017,148,36.03,23.22,19.51,0.02,62.42,4.7,0.49,0.22
2017,149,34.69,23.45,21.06,0.66,68.47,4.97,0.49,0.22
2017,150,33.58,24.18,21.85,5.75,72.8,5.44,0.49,0.31
2017,151,34.79,24.04,22.22,2.32,72.65,3.6,0.5,0.43
2017,152,33.87,24.72,22.28,3.78,74.02,2.18,0.5,0.42
2017,153,33.14,24.37,22.28,2.74,73.93,1.56,0.5,0.49
2017,154,36.42,23.7,21.35,4.37,69.75,3.13,0.5,0.49
2017,155,31.79,23.45,21.39,1.83,75.18,3.25,0.5,0.51
2017,156,32.27,23.24,21.06,0.53,72.22,3.61,0.5,0.47
2017,157,32.61,23.22,21.4,2.18,73.82,3.84,0.5,0.47
2017,158,29.97,23.59,21.47,9.93,79.08,3.78,0.51,0.55
2017,159,29.26,22.82,21.39,10.91,80.47,3.52,0.52,0.61
2017,160,28.15,22.45,21.52,20.97,84.36,3.32,0.53,0.67
2017,161,29.9,21.92,21.75,11.08,83.01,3.5,0.54,0.65
2017,162,29.65,23.62,22.61,18.41,84.66,3.55,0.55,0.7
2017,163,28.35,22.92,22.02,37.99,84.65,2.74,0.57,0.81
2017,164,28.51,22.52,21.92,8.14,84.37,2.6,0.59,0.72
2017,165,30.87,21.83,22.14,12.55,82.42,2.59,0.6,0.7
2017,166,27.84,22.12,21.5,9.8,84.24,2.08,0.61,0.72
2017,167,28.72,21.57,22.19,10.9,85.89,2.56,0.61,0.71
2017,168,28.28,22.65,22.68,16.88,86.62,2.26,0.62,0.76
2017,169,29.53,22.83,22.57,7.24,84.84,3.04,0.63,0.72
2017,170,30.05,22.56,22.24,3.65,83.07,3.55,0.63,0.67
2017,171,29.8,22.59,21.8,2.82,82.04,4.43,0.63,0.66
2017,172,30.45,22.49,21.69,4.17,81.15,4.78,0.63,0.65
2017,173,29.56,22.79,22.05,9.01,83.2,4.97,0.63,0.69
2017,174,29.57,23.05,22.31,7.77,83.61,4.51,0.63,0.7
2017,175,29.45,23.29,22.53,20.57,84.18,4.99,0.64,0.75
2017,176,28.07,23.66,23.13,46.63,88.82,4.61,0.67,0.89
2017,177,26.46,23.41,22.84,38.81,90.83,5.13,0.7,0.89
2017,178,27.37,23.08,22.72,27.54,88.83,6.41,0.73,0.87
2017,179,27.39,22.37,22.32,27.97,88.24,6.5,0.74,0.87
2017,180,27.76,23.16,22.71,37.95,88.42,6.8,0.77,0.9
2017,181,27.84,22.91,22.45,25.12,87.96,6.68,0.79,0.89
2017,182,27.79,22.73,22.59,28.11,88.94,6.41,0.8,0.89
2017,183,27.01,23.23,22.78,24.04,90.08,5.97,0.82,0.9
2017,184,28.41,22.79,22.43,10.49,86.73,5.34,0.83,0.86
2017,185,28.06,22.79,22.33,9.83,86.87,5.92,0.83,0.85
2017,186,27.11,22.24,22.05,8.01,88.17,5.06,0.83,0.84
2017,187,27.36,21.76,21.9,9.41,87.73,4.26,0.83,0.85
2017,188,27.72,21.91,21.8,10.11,87.37,4.11,0.84,0.85
2017,189,27.29,21.59,21.6,8.33,87.64,3.19,0.84,0.85
2017,190,27.83,21.57,21.75,9.26,87.35,2.81,0.84,0.85
2017,191,27.56,21.44,21.63,6.87,87.04,2.73,0.84,0.84
2017,192,27.46,22.18,21.91,7.66,88.03,4.17,0.84,0.85
2017,193,26.38,21.92,21.9,8.18,89.69,4.69,0.84,0.85
2017,194,26.44,22.3,22.4,39.92,91.41,5.66,0.86,0.93
2017,195,26.46,22.4,22.36,68.17,90.96,6.74,0.89,0.98
2017,196,26.13,22.33,22.07,39.01,90.87,6.5,0.91,0.96
2017,197,26.58,21.8,21.78,28.59,90.07,5.94,0.92,0.94
2017,198,25.64,22.13,22.35,51.41,92.8,5.72,0.93,0.97
2017,199,24.98,22.83,22.69,51.94,94.58,5.52,0.95,0.97
2017,200,25.11,22.54,22.82,63.36,94.74,5.12,0.95,0.98
2017,201,25.13,22.57,22.81,35.63,94.87,6.11,0.96,0.97
2017,202,26.24,22.6,22.66,43.22,93.05,6.96,0.96,0.98
2017,203,26.01,22.37,22.32,38.68,92.72,6.61,0.96,0.97
2017,204,24.52,21.82,22.18,31.64,94.8,6.31,0.97,0.98
2017,205,26.07,22.29,22.4,23.17,92.53,6.11,0.97,0.97
2017,206,26.35,21.89,22.07,10.55,91.79,5.7,0.97,0.96
2017,207,26.14,21.64,21.74,9.3,91.11,5.42,0.96,0.95
2017,208,25.77,21.47,21.78,14.28,91.88,5.0,0.96,0.95
2017,209,26.69,21.81,22.18,20.55,91.26,5.12,0.96,0.95
2017,210,26.93,21.82,22.29,17.99,90.54,4.54,0.96,0.95
2017,211,26.53,21.3,21.87,8.99,90.81,3.87,0.96,0.94
2017,212,27.45,21.22,21.88,14.17,91.05,3.96,0.96,0.94
2017,213,27.61,21.15,21.89,11.23,90.24,3.84,0.96,0.94
2017,214,27.25,21.03,21.6,4.99,89.72,3.84,0.95,0.93
2017,215,26.57,21.26,21.83,8.99,90.6,4.45,0.95,0.93
2017,216,27.05,21.97,22.03,5.16,91.54,4.21,0.95,0.93
2017,217,27.09,21.68,21.86,1.34,90.54,3.6,0.95,0.91
2017,218,27.28,21.47,21.84,1.58,89.82,2.99,0.94,0.91
2017,219,27.67,20.9,21.79,2.16,89.42,2.8,0.94,0.9
2017,220,27.53,21.58,21.99,2.21,90.31,2.67,0.93,0.9
2017,221,27.24,21.39,21.79,3.35,89.98,3.06,0.93,0.9
2017,222,27.22,20.98,21.52,5.7,89.12,3.42,0.93,0.9
2017,223,27.67,21.4,21.71,6.82,88.68,3.12,0.92,0.9
2017,224,26.88,21.47,21.63,4.32,89.82,3.37,0.92,0.9
2017,225,26.42,20.94,21.27,3.4,89.9,3.44,0.92,0.89
2017,226,27.05,21.03,21.46,9.9,89.11,2.71,0.92,0.9
2017,227,26.7,20.85,21.37,8.74,89.6,2.05,0.92,0.91
2017,228,27.54,20.47,21.49,3.79,89.46,2.46,0.92,0.9
2017,229,27.3,20.94,21.56,2.56,89.21,2.81,0.92,0.89
2017,230,27.35,21.0,21.46,3.19,89.62,2.69,0.91,0.89
2017,231,25.88,21.44,21.54,15.52,91.68,3.64,0.91,0.91
2017,232,22.34,20.65,20.71,80.9,94.76,4.64,0.93,0.97
2017,233,21.98,19.31,19.62,10.74,92.68,4.07,0.94,0.93
2017,234,26.76,18.66,20.78,5.98,90.0,2.84,0.94,0.92
2017,235,27.63,20.79,21.76,4.8,89.87,2.69,0.94,0.91
2017,236,27.02,20.95,21.82,10.8,90.56,3.06,0.94,0.92
2017,237,26.06,21.7,22.32,25.61,94.14,3.82,0.94,0.95
2017,238,26.66,22.01,22.37,27.22,92.43,3.96,0.95,0.96
2017,239,25.42,22.08,22.36,33.76,93.97,3.95,0.96,0.97
2017,240,23.76,21.89,21.67,68.33,94.69,3.53,0.97,0.98
2017,241,25.14,21.08,21.58,59.97,93.86,5.15,0.97,0.98
2017,242,26.13,21.4,21.87,17.03,92.23,4.81,0.98,0.97
2017,243,26.69,20.95,21.74,5.39,91.43,3.48,0.97,0.95
2017,244,26.57,20.42,21.44,3.67,91.02,2.58,0.97,0.94
2017,245,27.44,20.32,21.63,9.55,90.64,2.38,0.96,0.94
2017,246,27.25,20.44,21.7,4.6,90.97,2.35,0.96,0.93
2017,247,27.96,20.18,21.51,0.24,89.36,1.93,0.96,0.92
2017,248,27.44,20.02,21.34,0.06,89.06,1.88,0.95,0.91
2017,249,28.17,20.77,21.63,0.04,88.05,1.6,0.94,0.91
2017,250,27.57,21.33,22.33,3.51,90.77,1.62,0.94,0.91
2017,251,27.72,22.31,22.75,15.67,90.91,1.32,0.94,0.93
2017,252,28.68,21.98,22.88,2.74,89.44,1.11,0.94,0.91
2017,253,28.06,22.79,23.53,10.39,92.35,1.22,0.94,0.93
2017,254,29.84,22.26,23.1,4.72,85.66,1.34,0.94,0.92
2017,255,29.0,22.54,22.79,18.61,84.25,1.64,0.94,0.94
2017,256,29.08,21.72,22.47,7.64,85.26,1.26,0.95,0.93
2017,257,27.83,22.34,22.43,17.08,89.05,1.5,0.95,0.94
2017,258,26.43,21.14,21.51,19.42,89.98,1.57,0.96,0.95
2017,259,27.0,20.38,21.44,6.07,89.85,1.87,0.96,0.93
2017,260,27.04,20.45,21.52,3.3,90.44,1.99,0.96,0.93
2017,261,25.7,21.99,22.85,35.92,95.09,3.13,0.96,0.95
2017,262,24.69,22.01,22.46,66.34,95.74,4.63,0.97,0.98
2017,263,24.77,21.49,22.02,77.99,95.27,4.31,0.98,1.0
2017,264,25.57,20.67,21.19,23.78,92.18,2.16,0.98,0.98
2017,265,26.77,20.49,21.43,22.89,91.61,1.88,0.98,0.97
2017,266,27.66,20.25,21.64,0.82,89.98,1.51,0.98,0.96
2017,267,28.94,20.76,22.02,1.08,88.84,1.42,0.97,0.94
2017,268,28.85,20.9,21.82,0.1,88.12,1.38,0.97,0.93
2017,269,29.26,20.49,21.71,4.39,86.99,1.27,0.96,0.93
2017,270,29.06,21.12,22.03,1.92,87.24,1.32,0.96,0.93
2017,271,29.08,20.92,21.98,2.95,86.92,1.39,0.95,0.92
2017,272,28.19,21.49,22.37,15.09,88.95,1.36,0.95,0.94
2017,273,29.63,21.49,22.03,5.8,85.62,1.29,0.96,0.93
2017,274,29.52,21.21,21.92,0.94,85.55,1.35,0.95,0.92
2017,275,29.71,20.72,21.28,1.65,82.67,1.36,0.95,0.91
2017,276,28.81,20.8,20.93,0.82,81.89,1.32,0.94,0.91
2017,277,28.67,19.49,19.0,0.01,75.69,1.47,0.94,0.9
2017,278,30.07,18.52,18.54,0.0,72.81,1.77,0.93,0.9
2017,279,26.89,19.06,20.6,15.15,85.93,1.76,0.93,0.92
2017,280,28.87,21.47,22.37,7.26,86.75,1.76,0.93,0.92
2017,281,28.27,21.32,22.41,15.27,88.84,1.15,0.94,0.93
2017,282,27.92,21.42,22.49,5.4,90.03,1.12,0.94,0.92
2017,283,26.99,22.12,22.55,9.01,92.86,1.07,0.94,0.92
2017,284,27.61,20.08,21.48,9.89,88.95,1.71,0.94,0.93
2017,285,29.02,20.42,21.38,2.48,86.09,1.15,0.94,0.91
2017,286,28.56,21.82,22.44,62.18,88.62,0.84,0.94,0.96
2017,287,26.61,22.19,22.74,39.17,92.86,1.22,0.97,0.97
2017,288,26.42,21.88,22.13,6.98,90.02,1.48,0.97,0.94
2017,289,29.26,20.26,21.09,2.62,81.32,1.06,0.97,0.93
2017,290,29.37,20.82,20.05,0.44,77.86,1.17,0.96,0.93
2017,291,29.09,18.15,16.53,0.0,67.33,1.36,0.96,0.92
2017,292,28.71,16.44,15.21,0.0,64.69,1.36,0.95,0.91
2017,293,28.07,18.25,15.5,0.0,67.35,1.19,0.95,0.91
2017,294,26.39,18.45,20.36,0.02,89.98,1.22,0.94,0.9
2017,295,26.92,20.1,21.41,4.06,91.11,1.34,0.94,0.9
2017,296,28.59,19.7,19.98,5.47,81.31,1.17,0.94,0.91
2017,297,28.52,16.74,15.7,0.0,69.77,1.57,0.93,0.9
2017,298,28.0,14.77,14.22,0.0,67.03,1.55,0.93,0.89
2017,299,28.09,15.08,15.56,0.0,70.67,1.81,0.92,0.89
2017,300,27.85,16.83,17.05,2.66,76.0,1.45,0.92,0.89
2017,301,28.24,15.8,16.15,0.06,71.73,1.32,0.91,0.88
2017,302,27.25,15.73,16.1,0.0,74.94,1.72,0.91,0.88
2017,303,26.97,15.59,15.49,0.0,74.61,2.06,0.9,0.87
2017,304,26.78,15.05,14.87,0.0,73.33,2.19,0.9,0.87
2017,305,27.2,14.7,14.4,0.0,72.21,2.39,0.89,0.86
2017,306,26.3,13.98,13.64,0.0,71.83,2.34,0.89,0.86
2017,307,26.19,13.32,13.5,0.0,72.92,2.55,0.88,0.85
2017,308,25.69,13.3,13.41,0.0,74.27,3.2,0.88,0.85
2017,309,26.37,13.32,15.01,0.0,77.7,3.1,0.87,0.85
2017,310,27.56,15.37,16.11,0.0,77.88,2.6,0.87,0.84
2017,311,26.83,14.04,13.46,0.0,68.68,1.98,0.86,0.84
2017,312,26.79,13.72,13.82,0.0,70.27,1.79,0.86,0.84
2017,313,26.68,13.69,14.34,0.0,73.72,1.56,0.85,0.83
2017,314,26.28,13.83,14.44,0.0,74.25,1.99,0.85,0.83
2017,315,25.92,13.78,13.38,0.0,72.29,2.15,0.84,0.83
2017,316,25.68,12.26,11.7,0.0,66.74,1.97,0.84,0.82
2017,317,25.68,11.2,11.47,0.0,65.66,1.44,0.83,0.82
2017,318,26.45,13.62,12.81,0.0,66.47,1.14,0.83,0.81
2017,319,26.46,13.31,14.96,0.0,75.38,1.2,0.83,0.81
2017,320,26.27,15.1,16.32,0.0,79.66,1.4,0.82,0.81
2017,321,26.69,14.58,15.11,0.0,74.76,1.39,0.82,0.81
2017,322,27.6,14.97,14.97,0.0,73.14,1.46,0.81,0.8
2017,323,27.29,14.74,15.71,0.0,75.06,1.73,0.81,0.8
2017,324,26.84,18.41,17.95,2.76,80.48,1.96,0.81,0.8
2017,325,27.44,17.41,18.2,0.33,79.85,1.8,0.8,0.8
2017,326,27.87,17.9,18.65,0.41,80.94,1.43,0.8,0.79
2017,327,28.7,16.96,16.89,0.0,75.43,1.53,0.8,0.79
2017,328,27.64,14.09,13.87,0.0,68.69,1.34,0.79,0.78
2017,329,27.34,13.44,14.78,0.0,72.65,1.7,0.79,0.78
2017,330,26.91,14.11,14.06,0.0,71.23,1.95,0.79,0.78
2017,331,26.8,12.37,10.79,0.0,60.49,1.95,0.78,0.77
2017,332,26.49,11.95,10.69,0.0,59.47,1.42,0.78,0.77
2017,333,26.3,11.1,10.58,0.0,61.65,1.68,0.77,0.77
2017,334,26.13,11.94,11.58,0.0,65.2,2.0,0.77,0.76
2017,335,26.25,12.25,12.56,0.0,69.79,2.47,0.77,0.76
2017,336,26.3,14.52,15.8,0.0,78.31,2.76,0.76,0.75
2017,337,26.05,14.23,14.96,0.0,74.25,2.55,0.76,0.75
2017,338,23.05,15.28,15.36,1.68,79.48,2.57,0.76,0.76
2017,339,26.02,17.57,19.05,15.12,88.01,3.93,0.76,0.82
2017,340,25.64,18.24,19.37,1.02,89.62,2.62,0.76,0.77
2017,341,26.15,17.22,18.57,0.01,86.62,0.91,0.76,0.76
2017,342,27.3,16.35,15.88,0.0,73.66,1.55,0.76,0.76
2017,343,27.39,15.01,15.37,0.0,72.08,1.67,0.75,0.75
2017,344,26.84,14.78,14.91,0.0,71.5,1.76,0.75,0.75
2017,345,26.62,14.29,15.41,0.0,78.45,1.4,0.75,0.74
2017,346,25.61,14.25,15.35,0.0,83.14,1.11,0.74,0.74
2017,347,25.14,13.1,15.36,0.0,85.23,1.35,0.74,0.74
2017,348,25.8,13.15,14.97,0.0,81.75,1.11,0.74,0.73
2017,349,26.94,14.0,15.31,0.0,75.02,1.44,0.73,0.73
2017,350,27.11,15.42,14.64,0.0,72.25,2.1,0.73,0.72
2017,351,26.17,13.53,12.31,0.0,66.82,2.63,0.73,0.72
2017,352,25.34,13.72,12.56,0.0,69.75,2.73,0.72,0.71
2017,353,25.18,12.78,9.21,0.0,59.37,2.68,0.72,0.71
2017,354,26.59,10.6,7.02,0.0,52.59,2.56,0.72,0.7
2017,355,26.27,10.59,7.45,0.0,54.51,2.76,0.71,0.7
2017,356,23.45,12.82,8.45,0.0,58.76,2.63,0.71,0.7
2017,357,25.73,12.97,8.67,0.0,53.85,2.25,0.71,0.69
2017,358,27.01,10.68,9.0,0.0,55.48,1.51,0.7,0.69
2017,359,27.08,11.79,9.35,0.0,57.34,1.56,0.7,0.69
2017,360,25.81,10.4,7.79,0.0,57.19,2.56,0.7,0.69
2017,361,25.95,9.97,7.21,0.0,53.9,2.11,0.69,0.68
2017,362,26.04,9.87,5.73,0.0,48.26,2.3,0.69,0.68
2017,363,26.27,9.52,6.7,0.0,48.06,1.46,0.69,0.68
2017,364,26.17,11.43,7.61,0.0,49.44,1.23,0.68,0.68
2017,365,26.13,11.15,9.32,0.0,57.72,1.38,0.68,0.67
2018,1,26.01,11.47,9.91,0.0,62.4,1.33,0.68,0.67
2018,2,26.04,10.3,9.51,0.0,61.28,1.39,0.67,0.67
2018,3,26.48,10.71,9.81,0.0,61.77,1.78,0.67,0.66
2018,4,26.42,11.53,10.16,0.0,60.74,1.15,0.67,0.66
2018,5,26.18,11.27,10.34,0.0,63.35,1.27,0.67,0.66
2018,6,25.58,11.37,9.43,0.0,61.9,1.37,0.66,0.65
2018,7,24.84,10.48,9.07,0.0,61.79,1.22,0.66,0.65
2018,8,25.9,10.26,9.45,0.0,60.65,1.43,0.66,0.65
2018,9,25.37,11.0,10.22,0.0,64.34,2.1,0.66,0.65
2018,10,26.61,12.11,11.04,0.0,62.44,2.34,0.65,0.64
2018,11,28.34,13.66,12.39,0.0,60.19,1.93,0.65,0.64
2018,12,28.38,15.07,12.8,0.0,59.77,2.09,0.65,0.63
2018,13,28.96,15.14,12.75,0.0,58.56,1.88,0.64,0.63
2018,14,29.57,15.08,12.59,0.0,57.07,1.57,0.64,0.63
2018,15,29.75,16.33,14.84,0.0,63.38,1.54,0.64,0.62
2018,16,29.09,15.92,13.53,0.0,60.43,1.64,0.63,0.62
2018,17,28.93,16.53,11.88,0.0,56.19,1.33,0.63,0.61
2018,18,28.56,13.03,10.2,0.0,54.36,1.5,0.63,0.61
2018,19,28.07,12.76,9.68,0.0,52.93,1.31,0.63,0.6
2018,20,27.85,12.03,6.67,0.0,43.41,1.66,0.62,0.6
2018,21,28.23,11.65,5.98,0.0,41.33,1.34,0.62,0.59
2018,22,28.24,11.89,7.78,0.0,49.3,1.5,0.62,0.59
2018,23,26.61,12.77,11.85,10.23,69.02,1.5,0.62,0.67
2018,24,26.11,9.99,10.28,0.0,67.95,1.27,0.62,0.61
2018,25,26.93,9.49,7.28,0.0,53.74,1.43,0.62,0.6
2018,26,27.18,9.74,4.97,0.0,46.09,1.67,0.61,0.6
2018,27,27.44,9.65,5.4,0.0,47.55,1.41,0.61,0.59
2018,28,28.07,10.03,6.98,0.0,52.14,1.32,0.61,0.59
2018,29,28.69,10.62,6.75,0.0,48.18,1.85,0.61,0.58
2018,30,28.8,11.49,5.47,0.0,43.86,2.48,0.6,0.57
2018,31,29.51,11.6,4.39,0.0,37.9,2.06,0.6,0.56
2018,32,29.88,11.45,4.15,0.0,36.66,1.47,0.6,0.55
2018,33,30.43,11.92,4.9,0.0,39.93,1.24,0.59,0.55
2018,34,30.08,12.26,6.78,0.0,44.46,1.31,0.59,0.54
2018,35,30.81,14.18,7.17,0.0,41.17,1.05,0.59,0.53
2018,36,30.69,14.88,7.44,0.0,40.67,1.43,0.59,0.53
2018,37,28.41,14.75,7.74,0.0,44.84,1.54,0.58,0.52
2018,38,28.2,16.53,9.94,0.0,51.71,1.7,0.58,0.52
2018,39,28.86,14.72,11.75,0.0,63.01,1.62,0.58,0.51
2018,40,28.79,14.04,8.64,0.0,50.06,1.73,0.58,0.51
2018,41,29.31,17.74,8.32,0.0,44.68,1.43,0.58,0.5
2018,42,29.99,14.61,10.97,0.0,57.59,2.11,0.57,0.5
2018,43,28.35,12.87,12.33,0.0,67.98,1.7,0.57,0.49
2018,44,30.11,13.01,8.57,0.0,52.78,1.37,0.57,0.49
2018,45,30.91,13.65,11.11,0.0,52.43,2.82,0.57,0.48
2018,46,30.89,16.52,12.69,0.0,54.37,2.76,0.56,0.48
2018,47,31.43,15.47,10.68,0.0,50.43,1.81,0.56,0.47
2018,48,32.54,14.6,8.49,0.0,44.59,1.52,0.56,0.46
2018,49,32.89,14.22,6.81,0.0,39.95,1.47,0.56,0.45
2018,50,32.95,15.4,7.6,0.0,40.74,1.33,0.56,0.45
2018,51,33.29,15.54,8.33,0.0,43.06,1.45,0.55,0.44
2018,52,33.12,15.34,8.32,0.0,41.74,1.37,0.55,0.44
2018,53,33.37,16.57,9.6,0.0,42.82,1.31,0.55,0.44
2018,54,33.78,17.81,10.68,0.0,43.97,1.38,0.55,0.43
2018,55,34.01,17.62,10.19,0.0,42.07,1.54,0.55,0.43
2018,56,33.87,16.9,7.59,0.0,34.98,1.97,0.54,0.42
2018,57,34.62,16.74,6.97,0.0,35.99,1.45,0.54,0.42
2018,58,34.95,17.32,7.76,0.0,35.51,1.99,0.54,0.41
2018,59,35.11,17.11,7.37,0.0,33.97,1.93,0.54,0.41
2018,60,34.65,20.04,8.42,0.0,36.41,0.79,0.54,0.41
2018,61,34.88,19.39,9.35,0.0,38.84,0.98,0.53,0.41
2018,62,34.51,20.82,8.72,0.0,36.44,1.51,0.53,0.4
2018,63,33.78,18.63,11.31,0.0,47.53,1.52,0.53,0.4
2018,64,34.86,17.6,9.59,0.0,41.98,1.71,0.53,0.4
2018,65,35.88,17.2,8.57,0.0,37.86,1.78,0.53,0.39
2018,66,35.93,18.67,9.41,0.0,39.73,2.43,0.53,0.39
2018,67,35.49,18.45,10.73,0.0,45.18,1.45,0.52,0.39
2018,68,36.1,17.78,10.38,0.0,43.85,1.7,0.52,0.38
2018,69,36.13,19.29,9.01,0.0,37.51,2.02,0.52,0.38
2018,70,36.27,19.86,8.26,0.0,32.89,2.29,0.52,0.37
2018,71,36.13,20.98,7.52,0.0,29.76,2.18,0.52,0.36
2018,72,36.3,19.95,9.54,0.0,35.04,1.95,0.52,0.36
2018,73,36.31,20.18,5.58,0.0,27.3,1.99,0.52,0.36
2018,74,32.3,22.08,7.18,0.02,31.46,0.94,0.51,0.36
2018,75,32.59,20.99,11.68,0.05,42.09,1.14,0.51,0.36
2018,76,32.66,21.01,13.67,0.0,47.02,1.07,0.51,0.35
2018,77,33.86,21.34,14.05,0.85,48.07,1.84,0.51,0.36
2018,78,35.24,19.84,12.34,0.39,46.51,1.86,0.51,0.38
2018,79,34.64,17.65,11.24,0.0,46.64,2.32,0.51,0.36
2018,80,34.19,16.28,10.62,0.0,50.69,2.44,0.51,0.35
2018,81,33.53,14.59,8.26,0.0,48.58,2.39,0.51,0.35
2018,82,33.47,14.8,7.82,0.0,45.48,1.63,0.51,0.34
2018,83,36.74,16.75,5.92,0.0,31.49,1.92,0.51,0.33
2018,84,36.6,18.8,3.86,0.0,24.34,2.28,0.5,0.32
2018,85,38.22,20.53,5.3,0.0,24.62,2.42,0.5,0.3
2018,86,38.0,22.77,7.69,0.0,29.61,1.91,0.5,0.29
2018,87,37.43,20.7,8.79,0.0,36.98,2.0,0.5,0.29
2018,88,38.49,20.39,8.97,0.0,39.17,2.2,0.5,0.28
2018,89,38.63,17.9,10.49,0.0,46.5,2.28,0.5,0.28
2018,90,36.27,18.43,13.16,0.0,54.19,2.09,0.5,0.27
2018,91,38.81,18.11,10.57,0.0,46.34,2.06,0.5,0.27
2018,92,38.9,19.25,8.51,0.0,37.09,2.26,0.5,0.26
2018,93,39.27,18.22,8.93,0.0,40.36,1.78,0.5,0.25
2018,94,39.51,20.03,7.48,0.0,32.55,1.99,0.5,0.24
2018,95,38.96,20.71,11.31,0.0,40.43,2.23,0.5,0.24
2018,96,35.39,20.73,10.97,0.0,42.92,1.87,0.5,0.24
2018,97,38.75,19.98,10.36,0.0,37.91,1.54,0.5,0.24
2018,98,37.67,20.69,10.64,0.13,37.17,1.92,0.5,0.23
2018,99,38.16,21.22,6.57,0.0,27.05,1.53,0.5,0.23
2018,100,38.29,22.31,7.22,0.0,27.75,1.47,0.5,0.22
2018,101,37.9,23.07,9.95,0.0,34.15,1.51,0.5,0.22
2018,102,38.3,21.67,10.76,0.0,38.15,2.0,0.49,0.21
2018,103,38.77,19.87,11.51,0.0,41.69,2.07,0.49,0.21
2018,104,38.89,21.33,12.02,0.0,39.93,2.39,0.49,0.21
2018,105,38.67,22.17,12.84,0.0,40.3,1.94,0.49,0.21
2018,106,39.99,22.13,15.55,0.01,44.66,1.89,0.49,0.21
2018,107,39.96,25.06,15.55,0.35,40.01,1.85,0.49,0.21
2018,108,41.01,23.66,13.48,0.12,40.01,2.54,0.49,0.21
2018,109,40.08,23.24,10.79,0.0,34.55,2.72,0.49,0.21
2018,110,37.55,21.41,14.05,0.0,50.44,3.27,0.49,0.2
2018,111,38.58,20.13,12.78,0.0,44.87,2.94,0.49,0.2
2018,112,40.04,20.5,7.91,0.0,29.67,2.6,0.49,0.2
2018,113,40.2,19.92,9.83,0.0,37.52,2.47,0.49,0.19
2018,114,39.99,19.74,8.08,0.0,36.7,2.44,0.49,0.19
2018,115,39.39,20.38,6.14,0.0,29.38,2.62,0.49,0.18
2018,116,39.17,18.85,10.19,0.0,43.99,2.41,0.49,0.18
2018,117,40.95,18.85,11.08,0.0,43.76,2.22,0.49,0.18
2018,118,41.3,20.16,13.63,0.0,47.41,2.62,0.49,0.17
2018,119,39.68,21.4,15.71,0.0,52.16,3.24,0.49,0.17
2018,120,38.71,21.07,14.48,0.0,51.98,3.47,0.49,0.17
2018,121,38.91,20.2,14.54,0.0,50.48,3.13,0.49,0.17
2018,122,39.93,19.03,13.88,0.0,51.13,3.04,0.49,0.17
2018,123,39.85,19.31,13.34,0.0,49.63,2.64,0.49,0.17
2018,124,40.61,21.96,11.22,0.0,38.4,2.16,0.49,0.17
2018,125,39.1,22.31,13.28,0.0,43.84,2.46,0.49,0.16
2018,126,40.97,22.62,13.66,0.01,44.59,2.54,0.49,0.16
2018,127,38.2,23.17,14.39,0.01,47.12,3.31,0.49,0.16
2018,128,38.61,20.14,13.24,0.0,46.76,2.95,0.49,0.16
2018,129,40.28,20.5,14.08,0.0,47.41,2.86,0.49,0.16
2018,130,40.59,22.56,13.73,0.04,42.37,2.14,0.49,0.15
2018,131,39.3,23.39,16.32,0.05,51.07,3.32,0.49,0.15
2018,132,34.3,22.94,16.74,0.01,56.27,3.07,0.49,0.16
2018,133,38.25,21.47,17.41,0.42,55.48,2.76,0.49,0.16
2018,134,38.47,22.73,17.24,0.73,53.31,3.18,0.49,0.19
2018,135,38.33,21.75,16.31,0.01,54.95,2.87,0.49,0.19
2018,136,39.26,22.21,17.16,0.07,53.89,2.94,0.49,0.19
2018,137,39.61,22.64,16.35,1.13,47.48,2.8,0.49,0.19
2018,138,38.39,23.36,16.75,1.12,52.17,3.53,0.49,0.26
2018,139,37.7,22.98,16.1,0.01,52.25,3.1,0.49,0.25
2018,140,38.7,22.04,16.15,0.01,54.54,3.43,0.49,0.24
2018,141,38.24,21.69,15.96,0.0,52.44,3.25,0.49,0.23
2018,142,36.98,22.35,14.82,0.0,49.45,3.06,0.49,0.22
2018,143,39.27,22.65,14.87,0.0,48.8,2.94,0.49,0.21
2018,144,36.97,22.82,17.68,0.01,57.59,3.69,0.49,0.21
2018,145,37.36,22.37,16.95,0.0,55.93,4.09,0.49,0.2
2018,146,39.48,23.12,17.98,0.01,54.83,3.56,0.49,0.2
2018,147,37.22,24.63,20.43,1.89,63.04,2.77,0.49,0.21
2018,148,37.34,24.45,20.3,0.77,64.05,4.16,0.49,0.28
2018,149,33.69,24.45,21.1,0.03,68.6,4.32,0.49,0.27
2018,150,34.66,23.87,21.03,0.03,68.63,4.19,0.49,0.26
2018,151,35.6,24.37,21.1,0.33,66.96,3.69,0.49,0.26
2018,152,33.35,24.31,20.39,7.12,67.55,1.97,0.49,0.29
2018,153,32.52,23.53,21.24,9.6,73.06,1.77,0.5,0.57
2018,154,29.43,23.4,21.89,5.81,79.99,2.25,0.51,0.58
2018,155,31.82,22.37,21.26,5.67,78.34,2.39,0.51,0.54
2018,156,31.24,23.01,21.5,2.73,76.62,1.77,0.51,0.55
2018,157,30.29,23.56,21.74,7.81,78.62,2.5,0.52,0.55
2018,158,30.6,23.73,22.78,7.88,83.1,3.79,0.53,0.6
2018,159,27.47,23.15,22.63,11.35,88.16,4.16,0.53,0.62
2018,160,27.74,23.24,22.41,22.48,86.23,5.02,0.54,0.71
2018,161,30.13,23.29,22.66,16.98,83.71,5.7,0.56,0.71
2018,162,29.69,23.73,23.01,6.67,85.1,5.54,0.57,0.67
2018,163,29.59,23.77,22.64,0.9,82.99,5.65,0.57,0.6
2018,164,31.25,23.64,22.3,0.4,79.75,5.07,0.57,0.57
2018,165,31.23,23.48,22.17,0.43,79.74,4.69,0.56,0.55
2018,166,30.09,23.38,22.19,8.02,81.23,4.47,0.57,0.6
2018,167,30.72,23.46,21.8,9.19,78.85,4.5,0.57,0.63
2018,168,29.22,23.01,22.02,23.83,82.37,5.17,0.58,0.73
2018,169,29.58,23.0,22.52,11.35,84.4,4.34,0.6,0.71
2018,170,30.03,23.26,22.72,1.16,84.77,2.87,0.6,0.63
2018,171,29.87,23.23,22.61,2.84,84.05,3.04,0.6,0.63
2018,172,26.2,23.39,22.81,35.92,90.42,3.85,0.61,0.79
2018,173,28.85,22.32,22.05,15.67,85.16,3.89,0.63,0.77
2018,174,27.85,23.27,22.44,27.78,87.64,3.78,0.65,0.81
2018,175,27.01,21.04,21.57,38.91,87.51,4.99,0.67,0.85
2018,176,26.71,22.64,22.12,33.41,88.27,5.22,0.7,0.86
2018,177,26.65,23.09,22.57,21.37,90.2,5.79,0.72,0.85
2018,178,27.55,22.69,22.11,5.72,87.66,5.42,0.72,0.78
2018,179,28.6,22.57,22.12,12.2,86.25,4.61,0.73,0.79
2018,180,27.12,22.56,21.93,10.66,87.87,3.78,0.74,0.8
2018,181,28.47,21.63,21.42,9.03,83.85,3.66,0.74,0.78
2018,182,28.64,21.15,21.01,2.62,82.65,3.48,0.74,0.75
2018,183,28.45,22.48,22.17,11.56,87.36,4.34,0.74,0.78
2018,184,26.89,22.52,22.05,31.05,88.59,5.6,0.76,0.86
2018,185,26.21,22.79,22.47,42.7,91.13,5.78,0.78,0.91
2018,186,25.97,22.7,22.5,46.66,92.57,5.07,0.82,0.94
2018,187,26.71,22.67,22.52,20.5,90.46,4.33,0.83,0.89
2018,188,25.71,22.06,22.42,48.78,93.0,4.47,0.85,0.95
2018,189,26.48,21.98,22.04,30.71,90.68,4.52,0.87,0.93
2018,190,24.96,22.23,22.12,46.1,93.26,3.88,0.89,0.95
2018,191,26.02,21.48,22.0,40.36,92.01,5.13,0.91,0.95
2018,192,26.35,21.38,21.78,13.89,90.32,5.34,0.92,0.92
2018,193,25.23,22.79,22.5,21.7,93.5,5.86,0.92,0.93
2018,194,26.34,22.16,22.22,25.12,91.53,5.25,0.93,0.94
2018,195,26.73,22.0,22.2,28.08,91.02,5.79,0.93,0.94
2018,196,24.75,22.22,22.4,51.83,95.2,5.98,0.94,0.97
2018,197,24.73,22.6,22.68,74.82,95.57,6.54,0.95,0.99
2018,198,25.49,22.41,22.31,38.68,93.02,7.02,0.96,0.98
2018,199,26.25,21.97,22.19,16.73,91.91,6.02,0.96,0.96
2018,200,26.22,21.73,21.81,16.09,91.33,5.79,0.96,0.95
2018,201,24.39,21.95,22.11,19.83,94.36,5.39,0.96,0.95
2018,202,25.39,21.76,21.72,13.33,92.32,5.92,0.96,0.95
2018,203,25.24,21.45,21.73,11.65,92.52,5.63,0.96,0.94
2018,204,25.38,21.31,21.43,9.62,91.48,5.84,0.95,0.94
2018,205,25.93,21.48,21.66,5.69,91.48,5.75,0.95,0.93
2018,206,25.66,21.5,21.65,5.61,91.33,5.23,0.95,0.93
2018,207,26.11,21.78,21.66,5.19,91.3,5.67,0.95,0.92
2018,208,26.28,21.42,21.44,3.78,90.63,5.61,0.94,0.92
2018,209,26.9,21.52,21.7,1.19,90.22,4.91,0.94,0.91
2018,210,26.71,21.69,21.73,0.31,90.13,4.42,0.93,0.9
2018,211,27.18,21.48,21.49,1.23,89.19,4.44,0.93,0.9
2018,212,27.27,21.27,21.63,2.12,89.3,4.62,0.92,0.89
2018,213,24.99,21.71,21.52,5.5,91.7,4.76,0.92,0.9
2018,214,27.08,21.41,21.48,4.38,89.62,4.76,0.92,0.89
2018,215,26.13,21.5,21.38,9.01,90.38,4.77,0.92,0.9
2018,216,25.12,21.3,21.15,12.38,91.42,5.11,0.92,0.91
2018,217,26.52,21.23,21.15,3.03,89.27,5.34,0.92,0.89
2018,218,26.0,20.98,20.98,3.27,89.55,5.83,0.92,0.89
2018,219,26.34,21.1,21.19,5.08,89.26,5.52,0.91,0.89
2018,220,25.12,21.48,21.3,5.6,91.97,4.76,0.91,0.89
2018,221,26.88,21.5,21.51,5.48,89.76,5.28,0.91,0.89
2018,222,26.92,21.35,21.42,7.82,89.23,5.15,0.91,0.89
2018,223,26.89,21.54,21.56,15.18,89.84,5.69,0.91,0.91
2018,224,25.27,21.42,21.25,18.63,90.9,6.24,0.92,0.92
2018,225,24.43,21.45,21.31,24.22,92.09,6.01,0.93,0.93
2018,226,27.07,21.75,21.94,11.48,90.72,5.15,0.93,0.92
2018,227,24.39,21.79,21.65,14.91,93.75,4.6,0.93,0.92
2018,228,25.23,21.39,21.47,25.95,93.16,5.77,0.94,0.95
2018,229,25.11,21.23,21.35,17.17,92.85,6.19,0.94,0.94
2018,230,26.04,21.02,21.35,11.74,91.15,5.49,0.94,0.93
2018,231,26.16,21.26,21.52,20.31,91.11,5.37,0.95,0.94
2018,232,25.38,21.14,21.47,27.9,92.74,4.98,0.95,0.95
2018,233,23.89,21.36,21.57,35.83,95.24,4.42,0.95,0.97
2018,234,26.0,21.26,21.67,28.81,92.45,4.99,0.96,0.97
2018,235,26.28,21.13,21.48,13.16,91.65,4.44,0.96,0.95
2018,236,26.3,20.89,21.34,11.0,91.09,4.18,0.96,0.95
2018,237,25.6,21.01,21.26,13.03,91.73,4.33,0.96,0.94
2018,238,25.48,20.96,21.27,17.5,91.67,4.39,0.96,0.95
2018,239,25.62,21.29,21.51,14.12,91.82,4.21,0.96,0.95
2018,240,25.86,21.01,21.28,6.94,91.66,3.36,0.96,0.94
2018,241,26.48,20.65,21.31,3.41,91.25,3.16,0.95,0.93
2018,242,26.34,20.1,21.02,3.21,90.95,3.3,0.95,0.92
2018,243,26.09,20.05,20.94,4.47,91.06,3.01,0.94,0.92
2018,244,26.44,20.42,20.95,8.04,90.42,3.28,0.94,0.92
2018,245,26.0,20.71,20.93,13.76,90.73,3.97,0.94,0.93
2018,246,26.22,20.28,20.87,9.04,90.17,3.98,0.94,0.92
2018,247,26.24,19.8,20.43,3.16,90.18,3.6,0.94,0.91
2018,248,26.36,19.99,20.54,1.91,89.63,3.74,0.93,0.9
2018,249,26.09,19.87,20.31,1.13,89.67,3.18,0.93,0.9
2018,250,25.92,19.67,20.12,2.5,89.23,2.95,0.93,0.9
2018,251,24.97,18.86,19.56,1.58,89.4,2.52,0.92,0.89
2018,252,26.22,17.93,19.52,0.97,88.42,1.96,0.92,0.89
2018,253,27.54,18.56,19.3,0.16,85.07,1.49,0.91,0.88
2018,254,28.47,18.9,19.49,0.03,83.23,1.41,0.91,0.87
2018,255,26.94,18.85,19.59,0.38,86.89,1.82,0.9,0.87
2018,256,26.72,17.97,19.74,0.86,88.63,1.95,0.9,0.86
2018,257,27.6,18.61,20.35,1.87,88.03,1.74,0.89,0.86
2018,258,28.05,19.93,20.94,4.45,87.3,1.53,0.89,0.87
2018,259,28.04,20.19,20.97,2.5,87.73,1.96,0.89,0.86
2018,260,27.38,19.35,20.01,1.32,86.55,2.11,0.88,0.86
2018,261,27.83,18.85,19.88,1.36,85.47,1.67,0.88,0.85
2018,262,26.78,20.55,20.62,2.54,88.12,1.77,0.88,0.85
2018,263,28.84,20.41,21.41,4.93,87.22,1.79,0.87,0.86
2018,264,28.95,21.06,21.55,3.43,86.64,1.94,0.87,0.86
2018,265,26.73,20.75,21.29,0.31,88.96,2.89,0.87,0.84
2018,266,28.21,20.29,20.81,0.23,86.4,1.6,0.86,0.84
2018,267,28.53,20.16,20.72,0.09,85.85,1.46,0.86,0.83
2018,268,29.45,19.98,21.03,0.16,85.64,1.57,0.85,0.83
2018,269,29.57,20.46,21.65,1.94,84.83,1.17,0.85,0.83
2018,270,28.54,20.53,21.06,5.19,83.07,0.99,0.85,0.84
2018,271,29.35,19.83,20.63,8.36,80.19,1.42,0.85,0.85
2018,272,30.42,20.66,20.52,1.03,77.99,1.85,0.85,0.83
2018,273,30.85,20.2,20.03,0.45,76.51,1.86,0.84,0.82
2018,274,31.29,19.87,20.56,6.26,76.54,1.64,0.84,0.83
2018,275,30.15,20.18,21.02,2.34,79.43,1.48,0.84,0.83
2018,276,28.85,21.6,21.54,2.98,82.92,1.25,0.84,0.83
2018,277,27.68,21.44,21.24,2.66,82.94,1.21,0.83,0.83
2018,278,28.85,21.15,20.61,0.26,78.25,2.01,0.83,0.81
2018,279,29.87,19.88,18.39,0.0,72.7,2.11,0.83,0.81
2018,280,31.05,20.1,18.56,0.0,68.84,2.27,0.82,0.8
2018,281,30.52,20.45,19.48,0.09,73.06,1.72,0.82,0.8
2018,282,30.33,18.42,17.96,0.0,71.55,1.24,0.81,0.79
2018,283,30.47,19.11,17.97,0.0,71.13,1.21,0.81,0.79
2018,284,30.67,17.83,17.75,0.0,73.51,1.72,0.8,0.78
2018,285,30.85,19.41,18.72,0.01,72.31,1.5,0.8,0.77
2018,286,30.65,17.94,16.42,0.0,66.06,1.85,0.79,0.76
2018,287,30.62,16.84,16.09,0.0,64.89,1.61,0.78,0.76
2018,288,30.55,17.71,16.22,0.0,65.49,1.61,0.78,0.76
2018,289,30.72,17.67,17.9,0.08,71.39,1.95,0.77,0.75
2018,290,28.87,20.9,19.14,0.55,77.4,0.91,0.77,0.75
2018,291,27.63,20.31,19.77,5.24,83.13,0.92,0.77,0.77
2018,292,28.37,20.02,19.09,2.88,75.88,0.85,0.77,0.77
2018,293,30.24,18.77,18.0,0.01,71.56,1.19,0.77,0.76
2018,294,30.29,17.99,17.18,0.0,69.81,1.19,0.76,0.75
2018,295,30.77,18.11,17.03,0.01,68.4,1.23,0.76,0.74
2018,296,30.71,17.3,14.36,0.02,57.88,1.48,0.75,0.73
2018,297,31.04,16.16,14.58,0.01,58.3,1.2,0.75,0.73
2018,298,28.2,20.17,18.17,0.34,72.73,2.07,0.74,0.73
2018,299,30.09,19.55,16.39,0.06,64.94,1.52,0.74,0.73
2018,300,30.3,16.5,13.6,0.0,59.5,2.16,0.73,0.71
2018,301,30.08,15.93,12.41,0.0,57.88,2.23,0.73,0.71
2018,302,29.24,14.82,11.59,0.0,57.17,2.17,0.72,0.7
2018,303,28.52,13.96,10.93,0.0,56.55,2.19,0.72,0.7
2018,304,29.7,14.68,12.31,0.0,59.81,2.55,0.71,0.69
2018,305,28.98,14.12,12.44,0.0,58.43,2.23,0.71,0.69
2018,306,29.74,15.34,15.97,0.0,65.79,1.65,0.71,0.68
2018,307,29.99,19.59,19.41,0.23,74.36,1.63,0.7,0.68
2018,308,29.29,20.15,20.53,3.51,80.72,1.17,0.7,0.69
2018,309,25.74,21.38,20.96,9.25,87.82,1.0,0.7,0.75
2018,310,29.64,19.63,18.55,0.43,74.49,1.22,0.7,0.71
2018,311,29.99,18.19,16.05,0.0,65.82,1.68,0.7,0.69
2018,312,30.36,15.42,15.32,0.0,65.11,1.6,0.7,0.68
2018,313,30.42,16.2,15.11,0.0,64.15,1.36,0.69,0.68
2018,314,29.75,15.91,13.53,0.0,60.26,1.33,0.69,0.67
2018,315,29.74,14.53,11.95,0.0,57.68,1.42,0.68,0.66
2018,316,29.22,13.49,10.45,0.0,54.19,1.48,0.68,0.65
2018,317,29.01,13.68,9.53,0.0,51.59,1.26,0.68,0.65
2018,318,28.95,13.76,10.49,0.0,55.66,1.15,0.67,0.64
2018,319,30.38,12.6,8.97,0.0,51.3,2.03,0.67,0.63
2018,320,30.0,13.65,9.04,0.0,48.52,2.12,0.66,0.62
2018,321,29.95,13.78,11.94,0.0,55.53,1.67,0.66,0.62
2018,322,30.31,16.2,15.39,0.0,63.73,1.33,0.66,0.62
2018,323,29.54,18.56,16.82,0.05,66.46,1.02,0.65,0.61
2018,324,28.67,20.27,18.7,0.45,72.64,0.98,0.65,0.62
2018,325,28.44,19.52,18.27,0.01,71.59,1.42,0.65,0.61
2018,326,29.35,18.0,14.79,0.0,62.17,2.09,0.64,0.61
2018,327,29.57,16.31,11.56,0.0,54.29,2.72,0.64,0.6
2018,328,29.34,15.19,11.82,0.0,56.89,1.89,0.64,0.59
2018,329,28.35,14.74,11.08,0.0,53.78,1.51,0.63,0.59
2018,330,28.62,14.36,10.89,0.0,54.76,1.64,0.63,0.59
2018,331,28.8,13.64,7.81,0.0,45.01,2.1,0.63,0.58
2018,332,27.16,14.01,8.56,0.0,50.15,2.06,0.62,0.57
2018,333,28.12,12.67,8.14,0.0,48.8,2.0,0.62,0.57
2018,334,28.47,12.65,8.11,0.0,48.67,1.98,0.62,0.57
2018,335,26.59,12.97,9.21,0.0,52.81,1.88,0.62,0.56
2018,336,27.76,13.78,10.16,0.0,54.75,1.42,0.61,0.56
2018,337,28.05,14.67,12.3,0.0,59.29,1.79,0.61,0.56
2018,338,27.12,16.24,13.36,0.0,62.57,1.9,0.61,0.55
2018,339,29.05,15.64,13.22,0.0,61.1,1.49,0.61,0.55
2018,340,28.77,15.14,12.9,0.0,63.0,1.3,0.6,0.54
2018,341,29.47,13.74,11.22,0.0,57.19,1.37,0.6,0.54
2018,342,29.56,15.38,12.4,0.0,59.19,1.47,0.6,0.53
2018,343,29.32,15.33,11.84,0.0,57.96,1.53,0.6,0.53
2018,344,27.06,14.04,8.57,0.0,50.23,1.49,0.59,0.52
2018,345,27.67,9.94,5.82,0.0,50.01,1.46,0.59,0.52
2018,346,26.82,12.78,9.0,0.0,59.6,1.5,0.59,0.51
2018,347,27.13,10.84,7.9,0.0,55.84,2.15,0.59,0.51
2018,348,27.22,12.9,9.37,0.0,54.54,3.32,0.58,0.5
2018,349,27.25,15.08,12.03,0.0,59.77,3.07,0.58,0.49
2018,350,26.64,12.79,7.58,0.0,50.38,2.69,0.58,0.49
2018,351,26.32,11.07,7.15,0.0,52.54,2.4,0.58,0.49
2018,352,27.33,12.98,9.19,0.0,59.52,2.51,0.58,0.49
2018,353,27.22,10.76,5.02,0.0,47.16,2.46,0.57,0.48
2018,354,27.51,10.62,6.85,0.0,48.45,2.2,0.57,0.47
2018,355,28.3,12.21,9.67,0.0,57.59,1.51,0.57,0.47
2018,356,29.13,11.77,8.73,0.0,50.54,1.35,0.57,0.47
2018,357,29.39,13.91,11.93,0.0,56.32,1.32,0.57,0.47
2018,358,30.1,15.87,14.05,0.0,62.94,1.65,0.56,0.46
2018,359,30.28,16.02,12.7,0.0,58.07,1.47,0.56,0.46
2018,360,28.88,15.25,10.45,0.0,54.29,1.85,0.56,0.46
2018,361,28.29,10.11,0.45,0.0,35.34,1.82,0.56,0.45
2018,362,26.94,9.06,-3.95,0.0,26.19,2.58,0.56,0.45
2018,363,27.93,8.98,-3.03,0.0,26.77,2.4,0.56,0.44
2018,364,28.02,9.81,-2.34,0.0,27.99,2.78,0.55,0.44
2018,365,28.45,10.25,-1.35,0.0,29.18,2.72,0.55,0.43
2019,1,29.66,10.32,-1.71,0.0,26.85,1.86,0.55,0.43
2019,2,30.49,10.51,0.02,0.0,29.01,1.13,0.55,0.43
2019,3,30.15,12.91,1.84,0.0,31.66,1.22,0.55,0.43
2019,4,30.66,10.98,1.18,0.0,30.66,1.44,0.55,0.43
2019,5,30.62,12.16,4.27,0.0,38.25,1.66,0.54,0.42
2019,6,30.34,11.75,3.32,0.0,38.53,1.48,0.54,0.42
2019,7,29.39,11.49,1.09,0.0,33.15,2.7,0.54,0.42
2019,8,29.75,10.63,-1.34,0.0,28.1,2.14,0.54,0.41
2019,9,30.78,10.46,-0.41,0.0,30.5,1.32,0.54,0.41
2019,10,30.71,10.29,0.11,0.0,29.95,1.84,0.54,0.41
2019,11,30.65,11.13,3.02,0.0,36.49,1.64,0.54,0.41
2019,12,30.06,15.0,3.76,0.0,36.78,1.57,0.53,0.41
2019,13,29.98,11.03,4.32,0.0,40.7,1.45,0.53,0.41
2019,14,30.0,12.71,5.61,0.0,41.09,2.37,0.53,0.4
2019,15,30.12,13.36,5.75,0.0,38.8,2.49,0.53,0.4
2019,16,31.11,13.52,7.28,0.0,43.06,1.73,0.53,0.4
2019,17,31.3,13.03,4.3,0.0,36.0,1.56,0.53,0.4
2019,18,31.56,12.79,2.84,0.0,32.27,1.48,0.53,0.4
2019,19,31.27,13.15,2.86,0.0,31.33,2.03,0.52,0.39
2019,20,31.51,13.44,3.47,0.0,32.48,1.69,0.52,0.39
2019,21,30.84,13.46,6.32,0.0,45.73,2.23,0.52,0.39
2019,22,27.82,13.13,11.64,0.0,69.84,1.74,0.52,0.39
2019,23,27.56,13.29,11.3,0.0,68.19,1.7,0.52,0.4
2019,24,29.33,10.12,5.15,0.0,47.82,1.94,0.52,0.39
2019,25,28.09,9.29,1.3,0.0,38.74,1.88,0.52,0.39
2019,26,28.38,8.67,3.31,0.0,41.05,1.98,0.52,0.39
2019,27,27.51,12.54,10.61,0.0,58.5,3.2,0.52,0.39
2019,28,26.99,12.08,3.32,0.0,38.34,3.36,0.52,0.38
2019,29,28.28,10.48,-2.77,0.0,25.56,3.19,0.51,0.38
2019,30,29.57,9.94,-2.48,0.0,25.3,1.86,0.51,0.37
2019,31,30.82,11.8,2.06,0.0,32.72,1.29,0.51,0.37
2019,32,30.96,13.13,7.1,0.0,42.88,1.7,0.51,0.37
2019,33,31.12,13.89,7.44,0.0,43.26,1.78,0.51,0.36
2019,34,31.28,14.97,8.73,0.0,43.35,1.84,0.51,0.36
2019,35,32.22,15.76,8.44,0.0,40.92,2.78,0.51,0.36
2019,36,32.41,15.46,9.26,0.0,44.95,1.41,0.51,0.35
2019,37,32.43,15.28,9.48,0.0,48.4,2.23,0.51,0.35
2019,38,27.71,12.03,9.71,0.0,62.65,2.68,0.51,0.35
2019,39,26.85,9.95,5.01,0.0,55.37,2.46,0.5,0.35
2019,40,30.07,7.2,-3.73,0.0,30.71,2.23,0.5,0.34
2019,41,32.31,10.47,-3.21,0.0,22.67,2.89,0.5,0.33
2019,42,32.98,12.78,2.0,0.0,28.83,1.4,0.5,0.32
2019,43,33.74,16.54,9.87,0.0,39.24,1.55,0.5,0.31
2019,44,34.21,18.92,10.35,0.0,40.27,1.36,0.5,0.3
2019,45,34.36,17.75,8.78,0.0,39.92,2.11,0.5,0.29
2019,46,32.3,16.34,8.8,0.0,44.66,2.34,0.5,0.29
2019,47,32.44,12.85,3.45,0.0,38.73,1.65,0.5,0.29
2019,48,32.59,13.03,0.45,0.0,29.74,1.68,0.5,0.28
2019,49,35.27,13.72,1.03,0.0,27.99,1.6,0.5,0.27
2019,50,36.61,15.99,2.67,0.0,28.22,1.58,0.5,0.26
2019,51,37.18,15.78,5.43,0.0,34.08,2.5,0.5,0.25
2019,52,36.12,17.76,12.65,0.0,50.63,2.01,0.5,0.25
2019,53,35.57,20.34,10.8,0.0,37.91,1.49,0.5,0.25
2019,54,37.03,19.99,7.85,0.0,30.62,2.32,0.5,0.24
2019,55,36.43,19.2,2.21,0.0,23.18,2.39,0.5,0.23
2019,56,35.38,17.77,2.85,0.0,26.87,2.21,0.5,0.23
2019,57,31.94,16.41,4.33,0.0,33.45,2.79,0.5,0.23
2019,58,30.26,14.93,8.34,0.0,47.79,2.69,0.49,0.23
2019,59,31.36,13.24,4.96,0.0,43.68,1.39,0.49,0.23
2019,60,34.09,12.79,-0.15,0.0,26.05,1.33,0.49,0.22
2019,61,37.06,15.58,4.49,0.0,34.71,2.59,0.49,0.22
2019,62,34.12,16.56,11.71,0.0,59.28,2.14,0.49,0.22
2019,63,33.46,16.9,14.11,0.0,64.13,2.94,0.49,0.22
2019,64,33.01,17.17,12.49,0.0,59.49,2.71,0.49,0.22
2019,65,32.57,14.07,9.09,0.0,55.2,2.39,0.49,0.22
2019,66,34.31,12.87,4.62,0.0,40.9,2.03,0.49,0.21
2019,67,36.4,16.11,3.31,0.0,27.08,2.26,0.49,0.21
2019,68,36.16,17.77,5.28,0.0,29.82,2.28,0.49,0.2
2019,69,37.32,16.96,4.81,0.0,30.31,2.36,0.49,0.2
2019,70,35.59,17.15,7.64,0.0,38.21,2.45,0.49,0.2
2019,71,36.29,15.98,7.29,0.0,39.24,1.94,0.49,0.19
2019,72,35.07,16.36,8.89,0.0,43.19,2.75,0.49,0.19
2019,73,35.15,16.29,7.73,0.0,39.89,2.68,0.49,0.19
2019,74,36.78,16.95,3.0,0.0,24.12,2.06,0.49,0.19
2019,75,38.11,18.18,2.97,0.0,22.85,2.06,0.49,0.18
2019,76,36.81,18.98,2.98,0.0,24.75,2.34,0.49,0.18
2019,77,37.56,17.77,3.06,0.0,25.89,2.36,0.49,0.17
2019,78,37.73,18.0,2.95,0.0,25.72,2.3,0.49,0.17
2019,79,37.26,18.17,5.68,0.0,31.9,2.37,0.49,0.17
2019,80,36.65,16.05,8.38,0.0,41.53,2.27,0.49,0.17
2019,81,37.15,16.64,4.21,0.0,29.97,2.06,0.49,0.16
2019,82,38.99,18.15,2.27,0.0,21.9,1.89,0.49,0.16
2019,83,39.52,19.31,1.87,0.0,18.41,1.84,0.49,0.16
2019,84,40.3,20.91,4.95,0.0,20.81,2.14,0.49,0.15
2019,85,40.16,21.45,3.83,0.0,21.44,2.06,0.49,0.15
2019,86,40.11,20.8,5.89,0.0,29.66,1.64,0.49,0.15
2019,87,40.36,19.54,1.73,0.0,22.37,1.67,0.49,0.15
2019,88,40.69,19.6,5.11,0.0,27.78,1.77,0.49,0.14
2019,89,40.46,20.98,8.53,0.0,32.82,2.25,0.49,0.14
2019,90,38.76,20.65,11.59,0.0,42.91,2.56,0.49,0.14
2019,91,38.76,19.23,9.3,0.0,39.64,2.58,0.49,0.14
2019,92,39.93,18.95,8.53,0.0,38.44,1.94,0.49,0.14
2019,93,40.87,18.84,9.14,0.0,38.82,1.99,0.49,0.13
2019,94,41.41,20.82,8.99,0.01,33.83,2.34,0.49,0.13
2019,95,39.7,20.85,14.06,0.0,48.97,2.3,0.49,0.13
2019,96,39.94,20.42,10.96,0.0,40.66,2.65,0.49,0.13
2019,97,39.16,20.46,10.68,0.0,39.22,2.55,0.49,0.13
2019,98,40.31,19.72,10.42,0.0,39.3,2.68,0.49,0.13
2019,99,38.91,20.31,10.44,0.0,39.51,2.87,0.49,0.13
2019,100,40.3,19.9,7.51,0.0,30.94,2.48,0.49,0.13
2019,101,40.52,19.62,9.4,0.0,37.09,2.33,0.49,0.12
2019,102,40.31,21.18,11.08,0.02,39.81,2.34,0.49,0.12
2019,103,41.32,21.76,8.44,0.02,28.87,1.93,0.49,0.12
2019,104,39.34,23.23,11.54,0.78,33.63,1.66,0.49,0.14
2019,105,37.27,24.74,12.37,1.17,36.61,2.24,0.49,0.16
2019,106,35.54,22.23,15.54,0.6,51.31,2.88,0.49,0.21
2019,107,35.42,19.24,11.76,0.0,48.69,3.01,0.49,0.2
2019,108,37.66,15.04,6.24,0.0,39.01,2.39,0.49,0.2
2019,109,38.62,18.35,11.83,0.0,46.72,2.6,0.49,0.19
2019,110,38.26,18.99,10.11,0.0,40.35,2.61,0.49,0.18
2019,111,37.78,19.26,12.68,0.0,47.02,2.87,0.49,0.18
2019,112,38.33,19.17,9.09,0.0,39.08,2.75,0.49,0.17
2019,113,40.65,19.02,9.5,0.0,37.35,2.33,0.49,0.17
2019,114,41.71,21.21,9.78,0.0,33.89,2.24,0.49,0.16
2019,115,41.89,21.51,12.3,0.0,39.06,2.11,0.49,0.16
2019,116,43.2,23.5,10.89,0.0,31.62,2.57,0.49,0.15
2019,117,42.96,24.1,11.71,0.0,32.96,2.29,0.49,0.15
2019,118,42.52,26.02,9.21,0.0,27.23,2.76,0.49,0.14
2019,119,40.33,22.71,12.89,0.0,39.9,3.0,0.49,0.14
2019,120,38.7,23.0,12.2,0.0,38.14,3.18,0.49,0.14
2019,121,36.93,20.75,14.53,0.0,52.89,3.61,0.49,0.14
2019,122,36.75,19.78,12.94,0.0,51.79,3.35,0.49,0.14
2019,123,35.87,19.16,13.96,0.0,55.73,3.37,0.49,0.14
2019,124,35.71,20.31,16.65,0.0,60.49,3.45,0.49,0.14
2019,125,36.89,21.1,15.7,0.0,55.5,3.24,0.49,0.13
2019,126,38.68,20.57,14.65,0.0,52.18,2.7,0.49,0.13
2019,127,37.91,20.54,16.11,0.0,54.3,3.26,0.49,0.13
2019,128,36.95,22.11,17.6,0.0,59.73,3.81,0.49,0.13
2019,129,36.52,21.67,16.56,0.0,56.54,3.83,0.49,0.13
2019,130,36.87,21.28,15.75,0.0,55.08,3.65,0.49,0.13
2019,131,39.1,20.44,14.99,0.0,53.34,3.45,0.49,0.13
2019,132,40.07,20.7,15.63,0.0,53.75,3.29,0.49,0.13
2019,133,39.67,21.7,14.61,0.0,51.96,3.57,0.49,0.13
2019,134,38.9,20.72,13.48,0.0,50.78,3.33,0.49,0.13
2019,135,38.82,20.31,12.37,0.0,49.47,3.19,0.49,0.12
2019,136,38.68,20.19,13.01,0.13,49.32,2.91,0.49,0.13
2019,137,39.2,19.61,13.6,0.0,48.47,3.23,0.49,0.13
2019,138,39.91,21.01,12.52,0.0,41.4,3.25,0.49,0.12
2019,139,40.62,22.95,11.06,0.0,32.33,3.29,0.49,0.12
2019,140,41.61,22.83,11.92,0.0,34.77,3.05,0.49,0.12
2019,141,40.65,22.46,16.34,0.0,50.67,3.23,0.49,0.12
2019,142,39.92,22.93,17.86,0.0,54.29,3.32,0.49,0.12
2019,143,38.69,22.82,17.34,0.0,55.05,3.6,0.49,0.12
2019,144,38.43,22.22,17.32,0.0,55.67,3.3,0.49,0.12
2019,145,37.1,23.3,17.32,0.0,54.54,3.34,0.49,0.12
2019,146,37.79,22.33,15.45,0.0,50.61,3.41,0.49,0.12
2019,147,38.43,21.94,16.62,0.0,52.62,3.37,0.49,0.12
2019,148,40.01,22.59,16.88,0.0,52.63,3.86,0.49,0.12
2019,149,39.95,22.84,16.32,0.0,52.51,3.81,0.49,0.12
2019,150,38.92,22.55,17.77,0.0,56.49,3.99,0.49,0.12
2019,151,39.64,23.56,17.88,0.0,55.38,3.89,0.49,0.12
2019,152,39.8,23.87,17.77,0.0,55.02,3.74,0.49,0.12
2019,153,40.0,23.43,18.94,0.0,57.14,3.98,0.49,0.12
2019,154,31.84,24.0,19.68,0.01,64.48,3.33,0.49,0.12
2019,155,37.69,23.57,19.11,0.02,59.15,4.07,0.49,0.12
2019,156,38.72,22.91,18.17,0.06,54.83,3.36,0.49,0.12
2019,157,37.31,24.32,17.64,0.03,51.96,3.74,0.49,0.12
2019,158,38.63,23.19,18.14,0.19,53.86,3.44,0.49,0.12
2019,159,32.1,24.41,19.93,0.95,61.15,2.31,0.49,0.14
2019,160,31.85,24.96,20.9,5.27,66.67,1.98,0.49,0.22
2019,161,32.52,24.2,22.39,14.23,75.41,1.7,0.51,0.58
2019,162,33.56,24.31,22.45,10.93,77.03,2.43,0.51,0.6
2019,163,30.89,23.4,21.7,6.89,76.7,5.65,0.52,0.56
2019,164,30.86,22.67,20.42,5.97,73.65,5.73,0.52,0.57
2019,165,31.07,21.96,20.43,12.72,75.32,4.71,0.53,0.62
2019,166,31.22,22.73,21.17,12.67,76.76,4.65,0.54,0.64
2019,167,32.13,23.05,21.77,2.54,76.85,4.14,0.54,0.55
2019,168,31.44,23.11,21.58,2.08,76.99,4.48,0.54,0.53
2019,169,31.08,22.77,21.51,5.26,77.38,4.87,0.54,0.55
2019,170,30.71,23.17,21.89,7.58,79.27,4.1,0.54,0.6
2019,171,31.46,22.95,21.55,1.46,76.93,3.76,0.54,0.54
2019,172,33.23,22.15,20.83,0.04,72.29,3.25,0.54,0.5
2019,173,32.1,22.79,21.01,0.86,73.82,2.62,0.54,0.49
2019,174,29.62,23.24,21.48,3.21,79.97,2.66,0.54,0.52
2019,175,27.13,22.58,21.22,6.64,82.4,2.43,0.54,0.58
2019,176,31.97,22.66,21.9,4.66,78.84,2.73,0.55,0.57
2019,177,31.4,23.2,22.46,9.6,82.16,2.48,0.55,0.61
2019,178,28.97,22.85,22.58,58.54,87.12,3.75,0.57,0.8
2019,179,26.56,21.81,22.02,106.74,90.76,5.1,0.63,0.96
2019,180,25.17,21.7,22.22,39.67,92.59,4.61,0.67,0.9
2019,181,26.66,22.86,22.39,38.02,89.69,4.16,0.7,0.89
2019,182,25.6,22.72,22.22,55.88,90.95,3.82,0.73,0.95
2019,183,27.58,22.3,22.22,32.6,88.49,4.03,0.77,0.9
2019,184,26.3,21.93,22.04,12.79,89.78,3.53,0.78,0.85
2019,185,25.84,20.6,19.82,4.47,83.28,3.79,0.78,0.81
2019,186,26.55,20.71,22.79,35.31,91.46,5.35,0.79,0.9
2019,187,25.82,23.4,23.04,63.1,93.07,6.38,0.82,0.96
2019,188,25.57,23.26,23.1,45.42,93.98,5.78,0.86,0.96
2019,189,26.96,23.25,23.15,39.66,91.54,5.62,0.88,0.95
2019,190,26.84,23.64,23.45,29.36,92.66,5.55,0.9,0.94
2019,191,26.88,23.49,23.31,30.98,92.06,5.73,0.91,0.94
2019,192,25.38,23.19,23.07,36.32,93.71,5.36,0.93,0.96
2019,193,27.61,22.57,22.72,5.46,89.44,4.53,0.93,0.91
2019,194,27.21,22.76,22.84,7.02,90.72,4.25,0.93,0.91
2019,195,26.68,22.89,22.93,11.35,92.21,4.55,0.93,0.92
2019,196,27.56,22.46,22.57,8.54,89.7,4.08,0.93,0.92
2019,197,26.38,22.45,22.5,7.85,91.42,4.18,0.93,0.91
2019,198,26.8,22.02,22.18,2.4,89.81,3.39,0.93,0.9
2019,199,28.27,21.7,22.11,3.7,87.72,2.67,0.92,0.9
2019,200,28.98,21.64,22.49,14.57,87.21,1.62,0.92,0.91
2019,201,29.36,22.61,22.68,17.59,86.02,0.86,0.93,0.93
2019,202,28.83,22.7,22.96,11.95,88.37,1.6,0.93,0.92
2019,203,26.99,23.01,23.4,12.63,92.83,2.76,0.94,0.92
2019,204,28.84,22.56,23.02,10.95,90.22,2.8,0.94,0.92
2019,205,25.52,23.19,22.99,41.9,93.84,4.44,0.95,0.95
2019,206,26.23,23.08,23.07,24.46,93.44,4.77,0.95,0.95
2019,207,25.4,23.02,22.82,72.45,94.15,5.3,0.96,0.98
2019,208,24.24,22.6,22.64,62.85,95.4,6.18,0.97,0.99
2019,209,24.93,22.56,22.56,26.8,94.3,5.97,0.97,0.97
2019,210,24.29,22.52,22.53,55.34,95.47,5.82,0.97,0.99
2019,211,24.19,22.02,22.19,46.2,95.31,5.87,0.98,0.99
2019,212,24.46,22.04,22.28,32.18,94.78,5.71,0.98,0.98
2019,213,25.78,22.04,22.28,36.67,92.75,6.22,0.98,0.98
2019,214,25.19,21.89,22.23,52.34,93.85,6.57,0.98,0.99
2019,215,24.43,22.67,22.74,71.94,96.03,6.4,0.98,0.99
2019,216,24.5,22.57,22.8,103.69,96.42,6.0,0.99,1.0
2019,217,24.72,22.87,22.81,39.84,95.23,6.48,0.99,0.99
2019,218,24.5,22.85,22.73,27.76,95.25,6.49,0.99,0.99
2019,219,24.4,22.84,22.77,32.7,95.89,6.29,0.99,0.99
2019,220,24.86,22.48,22.43,22.64,95.08,6.57,0.99,0.98
2019,221,24.25,22.43,22.44,24.63,95.84,6.54,0.99,0.98
2019,222,25.58,21.53,22.12,22.81,93.32,6.72,0.99,0.98
2019,223,25.95,21.33,21.7,15.0,92.25,5.23,0.98,0.97
2019,224,25.47,21.37,21.92,7.28,92.78,3.76,0.98,0.96
2019,225,27.2,21.76,22.47,7.85,92.28,4.1,0.98,0.96
2019,226,25.47,22.31,22.5,6.7,94.52,3.31,0.98,0.95
2019,227,26.84,22.29,22.52,7.41,92.04,4.29,0.98,0.95
2019,228,27.23,21.83,22.28,7.02,90.95,4.37,0.97,0.95
2019,229,27.05,21.4,21.84,2.41,90.36,3.43,0.97,0.94
2019,230,27.0,21.11,21.74,2.53,90.57,2.98,0.96,0.93
2019,231,27.3,20.88,21.74,1.6,90.68,2.51,0.96,0.92
2019,232,26.89,20.96,21.62,2.02,90.58,2.42,0.96,0.92
2019,233,27.21,20.46,21.66,9.44,90.29,2.98,0.95,0.93
2019,234,26.77,20.93,21.47,7.53,90.11,2.7,0.95,0.93
2019,235,26.36,20.39,21.41,5.2,90.69,2.49,0.95,0.92
2019,236,26.64,21.2,21.54,5.24,90.0,2.98,0.95,0.92
2019,237,26.14,20.37,20.76,3.43,89.84,2.57,0.94,0.91
2019,238,26.0,19.87,20.73,1.69,90.36,2.8,0.94,0.91
2019,239,26.43,20.02,21.03,3.28,90.07,2.94,0.94,0.91
2019,240,27.59,20.66,21.65,1.47,89.11,2.57,0.93,0.9
2019,241,28.27,20.95,22.15,8.11,89.43,2.39,0.93,0.91
2019,242,27.4,21.9,22.35,17.11,90.72,3.13,0.93,0.93
2019,243,26.05,22.21,22.59,23.48,93.52,3.62,0.94,0.94
2019,244,25.3,22.49,22.24,15.58,92.9,3.44,0.95,0.94
2019,245,26.65,22.5,22.6,21.02,91.87,3.98,0.95,0.94
2019,246,25.81,21.36,22.04,55.34,93.01,4.24,0.96,0.97
2019,247,25.13,22.17,22.32,67.23,95.22,3.92,0.97,0.99
2019,248,25.06,22.32,22.73,45.24,95.25,4.63,0.98,0.99
2019,249,25.11,22.05,22.37,38.78,94.45,4.97,0.98,0.99
2019,250,25.32,21.67,22.31,54.96,94.21,5.02,0.98,0.99
2019,251,25.49,21.97,22.32,27.33,93.83,4.7,0.98,0.98
2019,252,25.91,22.26,22.54,23.5,93.73,4.51,0.98,0.98
2019,253,26.51,22.06,22.5,16.41,92.94,4.23,0.98,0.97
2019,254,25.43,21.75,22.05,9.0,93.2,4.02,0.98,0.96
2019,255,24.66,21.83,21.89,15.07,94.16,3.55,0.98,0.96
2019,256,26.24,21.93,22.38,30.05,93.34,4.1,0.98,0.98
2019,257,26.67,22.08,22.5,32.87,92.79,3.62,0.98,0.98
2019,258,26.86,20.99,21.77,10.27,91.6,2.53,0.98,0.96
2019,259,26.57,20.58,21.58,9.09,92.03,2.96,0.98,0.96
2019,260,26.38,21.69,22.15,14.08,92.45,2.8,0.98,0.96
2019,261,27.8,21.42,22.86,15.29,92.64,1.86,0.98,0.96
2019,262,28.34,22.06,22.66,22.14,90.66,1.26,0.98,0.97
2019,263,25.45,20.81,21.75,11.58,93.09,3.93,0.98,0.96
2019,264,27.57,19.61,21.45,6.57,90.46,2.32,0.98,0.95
2019,265,28.49,21.11,22.48,2.8,91.21,2.13,0.97,0.95
2019,266,28.28,21.05,22.05,16.22,88.86,1.54,0.97,0.95
2019,267,27.18,21.89,22.65,38.27,91.89,1.21,0.97,0.97
2019,268,26.78,22.35,22.64,45.5,92.25,1.95,0.98,0.98
2019,269,24.71,21.71,22.36,30.25,96.08,2.69,0.99,0.98
2019,270,26.06,20.58,21.37,2.52,92.39,2.8,0.99,0.97
2019,271,26.8,20.48,21.5,1.26,91.65,2.26,0.98,0.96
2019,272,26.42,19.82,21.31,0.77,91.86,2.05,0.98,0.95
2019,273,26.83,20.42,21.69,1.74,91.9,1.89,0.97,0.94
2019,274,27.59,20.0,21.21,0.6,89.54,1.79,0.97,0.93
2019,275,28.34,20.09,20.83,0.16,86.29,1.33,0.96,0.92
2019,276,29.04,20.39,21.45,1.74,86.41,1.11,0.96,0.92
2019,277,27.34,21.12,21.56,15.37,88.65,1.0,0.96,0.94
2019,278,27.13,20.83,21.17,16.83,85.97,0.71,0.96,0.95
2019,279,26.97,20.39,20.82,6.29,86.26,0.84,0.97,0.94
2019,280,27.42,20.57,21.41,6.71,87.82,0.97,0.97,0.94
2019,281,28.62,20.4,21.54,11.69,86.06,1.59,0.96,0.94
2019,282,28.27,20.77,21.36,12.94,85.57,1.77,0.97,0.95
2019,283,27.43,20.58,20.98,6.18,83.86,1.38,0.97,0.94
2019,284,27.03,20.56,20.85,2.72,83.88,0.97,0.97,0.93
2019,285,27.56,20.36,21.24,4.54,86.56,1.14,0.96,0.93
2019,286,26.22,21.26,21.77,5.39,91.23,1.45,0.96,0.93
2019,287,28.75,20.44,21.25,0.2,85.25,2.09,0.96,0.92
2019,288,28.08,18.95,19.26,0.0,81.11,2.52,0.95,0.92
2019,289,27.26,17.37,18.18,0.0,81.22,2.55,0.95,0.91
2019,290,27.16,19.02,20.15,0.03,85.9,2.36,0.94,0.91
2019,291,26.12,20.43,20.36,1.94,87.77,2.22,0.94,0.91
2019,292,23.93,19.61,20.66,31.91,94.09,2.75,0.94,0.95
2019,293,24.78,19.99,20.62,18.34,92.83,2.5,0.96,0.94
2019,294,24.31,20.28,20.94,19.05,93.52,2.04,0.96,0.95
2019,295,25.24,20.68,21.55,17.93,94.77,1.58,0.97,0.96
2019,296,24.93,20.7,21.01,14.99,91.61,1.41,0.98,0.96
2019,297,24.38,20.6,21.37,8.63,94.72,1.64,0.98,0.95
2019,298,24.94,20.42,21.13,4.57,93.27,3.83,0.98,0.95
2019,299,26.09,20.18,21.06,1.45,91.21,3.25,0.98,0.95
2019,300,25.36,18.27,18.8,1.07,84.27,1.71,0.97,0.94
2019,301,27.69,17.11,20.08,2.61,87.28,1.51,0.97,0.94
2019,302,28.19,20.39,21.82,1.05,88.61,1.35,0.97,0.93
2019,303,27.76,21.1,21.69,2.7,88.86,2.13,0.96,0.93
2019,304,25.74,20.52,20.66,0.74,89.88,2.82,0.96,0.92
2019,305,24.41,20.66,21.23,9.99,94.12,2.77,0.96,0.93
2019,306,26.2,18.89,20.02,5.98,87.65,1.48,0.96,0.93
2019,307,27.79,19.44,20.43,8.22,87.49,1.17,0.96,0.93
2019,308,28.18,19.22,21.09,12.55,88.93,1.25,0.96,0.94
2019,309,28.39,18.86,20.15,2.59,84.3,1.2,0.96,0.93
2019,310,27.84,19.05,19.76,1.87,83.22,1.07,0.96,0.92
2019,311,26.95,18.6,20.47,0.84,90.48,1.51,0.95,0.92
2019,312,26.43,18.46,19.67,2.72,89.69,1.52,0.95,0.92
2019,313,27.37,18.13,18.22,0.63,81.81,0.64,0.95,0.91
2019,314,27.81,16.71,18.52,0.0,82.16,1.05,0.94,0.9
2019,315,28.01,16.92,18.23,0.0,80.31,1.41,0.94,0.9
2019,316,27.1,17.19,18.71,0.0,83.02,1.85,0.93,0.9
2019,317,26.17,16.99,18.17,0.0,84.36,2.32,0.93,0.89
2019,318,26.14,14.91,17.47,0.01,83.02,2.19,0.92,0.89
2019,319,26.59,18.13,19.03,0.0,83.81,1.53,0.92,0.89
2019,320,27.19,17.92,19.66,0.0,86.3,1.85,0.92,0.88
2019,321,26.54,18.5,19.0,0.0,85.24,2.22,0.91,0.88
2019,322,26.65,16.58,17.41,0.0,83.1,2.28,0.91,0.88
2019,323,25.99,15.75,16.12,0.0,80.03,2.15,0.9,0.87
2019,324,27.12,14.65,16.83,0.0,78.97,1.74,0.9,0.87
2019,325,26.85,16.81,18.56,0.0,84.07,2.04,0.9,0.87
2019,326,26.45,16.39,17.39,0.0,81.23,2.0,0.89,0.86
2019,327,25.98,15.35,16.32,0.0,79.5,2.07,0.89,0.86
2019,328,25.18,15.35,15.52,0.0,79.71,2.17,0.88,0.86
2019,329,26.68,13.98,15.73,0.0,79.03,2.06,0.88,0.86
2019,330,26.34,15.02,15.94,0.0,78.98,2.16,0.88,0.85
2019,331,26.24,15.14,15.57,0.0,77.27,2.28,0.87,0.85
2019,332,26.97,14.77,16.94,0.0,79.39,2.07,0.87,0.85
2019,333,27.45,16.73,17.7,0.0,80.01,1.7,0.86,0.84
2019,334,27.31,17.03,18.12,0.0,80.19,2.08,0.86,0.84
2019,335,27.03,18.77,19.2,0.0,84.12,2.02,0.86,0.84
2019,336,26.86,18.19,18.45,0.04,83.17,2.64,0.85,0.84
2019,337,26.1,17.54,18.83,0.03,86.56,2.58,0.85,0.84
2019,338,25.03,18.75,19.24,0.07,87.66,2.58,0.85,0.83
2019,339,25.31,18.7,19.18,0.02,87.31,2.33,0.84,0.83
2019,340,25.06,16.04,16.58,0.0,80.87,2.54,0.84,0.83
2019,341,25.68,15.05,16.33,0.0,80.68,2.54,0.84,0.82
2019,342,26.48,14.41,16.42,0.0,78.71,1.87,0.83,0.82
2019,343,27.03,16.34,18.03,0.0,81.63,1.75,0.83,0.82
2019,344,26.96,17.0,17.49,0.0,78.66,1.56,0.83,0.81
2019,345,27.61,16.48,16.63,0.0,74.19,0.88,0.82,0.81
2019,346,26.86,15.94,17.25,0.0,82.14,1.29,0.82,0.81
2019,347,26.52,15.49,15.41,0.0,78.71,0.99,0.82,0.8
2019,348,26.78,14.18,16.04,0.0,79.91,1.35,0.81,0.8
2019,349,26.92,15.46,16.67,0.0,78.46,1.21,0.81,0.8
2019,350,26.35,17.19,17.51,0.0,82.01,1.57,0.8,0.8
2019,351,26.33,16.05,16.65,0.0,81.46,2.64,0.8,0.79
2019,352,25.93,15.48,16.24,0.0,81.43,2.63,0.8,0.79
2019,353,26.19,14.53,15.53,0.0,77.6,2.15,0.79,0.79
2019,354,26.42,14.67,15.27,0.0,73.02,1.62,0.79,0.78
2019,355,26.06,15.92,15.26,0.0,75.69,1.83,0.79,0.78
2019,356,26.28,15.15,16.8,0.0,80.98,2.57,0.78,0.78
2019,357,27.14,17.16,17.58,0.0,78.12,1.77,0.78,0.77
2019,358,26.95,17.02,18.25,0.0,82.58,1.71,0.78,0.77
2019,359,25.68,19.1,19.08,0.11,85.54,1.17,0.78,0.77
2019,360,26.02,17.93,18.67,0.13,85.76,1.06,0.77,0.77
2019,361,26.74,16.16,17.18,0.0,82.08,1.67,0.77,0.77
2019,362,26.5,13.37,15.39,0.0,78.07,2.71,0.77,0.76
2019,363,25.86,14.8,16.73,0.0,82.77,2.21,0.76,0.76
2019,364,26.05,15.4,17.18,0.0,86.31,1.7,0.76,0.76
2019,365,24.44,13.2,14.12,0.0,80.97,1.22,0.76,0.75
2020,1,25.4,11.18,12.76,0.0,76.18,1.49,0.75,0.75
2020,2,25.74,12.76,13.68,0.0,77.99,1.3,0.75,0.75
2020,3,24.37,12.48,13.51,0.0,80.61,1.17,0.75,0.74
2020,4,24.06,9.85,11.85,0.0,75.26,1.26,0.74,0.74
2020,5,24.46,11.7,13.06,0.0,79.12,3.27,0.74,0.74
2020,6,26.26,12.72,14.42,0.0,76.77,3.2,0.74,0.73
2020,7,26.89,14.79,17.12,0.0,83.01,2.22,0.73,0.73
2020,8,24.8,14.96,17.61,0.0,88.48,1.7,0.73,0.73
2020,9,25.32,11.27,13.64,0.0,79.48,1.44,0.73,0.73
2020,10,25.57,12.89,14.54,0.0,79.38,3.09,0.73,0.72
2020,11,26.09,13.01,14.0,0.0,74.8,2.92,0.72,0.72
2020,12,25.83,12.54,12.21,0.0,65.31,1.83,0.72,0.71
2020,13,25.95,14.76,14.31,0.0,74.37,1.24,0.72,0.71
2020,14,25.53,13.84,15.69,0.0,82.97,1.2,0.71,0.71
2020,15,25.64,12.15,14.13,0.0,82.48,1.82,0.71,0.71
2020,16,22.3,9.88,11.23,0.0,77.7,1.72,0.71,0.7
2020,17,23.99,7.25,6.93,0.0,61.93,1.16,0.7,0.7
2020,18,27.03,9.71,11.11,0.0,67.89,1.82,0.7,0.69
2020,19,27.15,11.69,12.95,0.0,70.25,1.43,0.7,0.69
2020,20,28.22,12.8,14.27,0.0,72.66,1.67,0.69,0.69
2020,21,28.38,14.92,14.94,0.0,70.85,1.21,0.69,0.68
2020,22,28.58,14.5,14.37,0.0,68.41,1.76,0.69,0.68
2020,23,27.93,14.54,13.44,0.0,64.63,2.07,0.68,0.67
2020,24,28.17,14.16,13.5,0.0,65.1,2.1,0.68,0.67
2020,25,28.68,14.76,13.96,0.0,63.27,1.66,0.68,0.67
2020,26,29.47,14.9,14.18,0.0,65.53,1.43,0.67,0.66
2020,27,28.18,14.88,14.31,0.0,70.07,1.83,0.67,0.66
2020,28,24.53,13.46,15.08,0.0,84.12,2.19,0.67,0.66
2020,29,23.68,11.2,13.2,0.0,78.82,1.89,0.66,0.65
2020,30,26.0,8.62,8.68,0.0,63.08,1.43,0.66,0.65
2020,31,26.67,9.97,8.94,0.0,60.88,1.61,0.66,0.64
2020,32,27.47,9.01,9.23,0.0,60.44,1.59,0.65,0.64
2020,33,27.92,13.07,12.31,0.0,69.05,2.67,0.65,0.64
2020,34,27.81,12.91,14.78,0.0,77.08,1.48,0.65,0.63
2020,35,27.1,14.14,14.3,0.0,74.87,1.57,0.65,0.63
2020,36,28.27,11.81,10.63,0.0,60.61,1.84,0.64,0.62
2020,37,27.35,12.74,9.98,0.0,59.68,1.6,0.64,0.62
2020,38,25.22,11.4,7.45,0.0,54.63,1.5,0.64,0.62
2020,39,26.05,9.65,12.15,0.0,69.76,2.11,0.63,0.62
2020,40,27.15,13.84,14.06,0.0,70.94,3.32,0.63,0.61
2020,41,28.34,15.71,15.25,0.0,69.63,2.9,0.63,0.61
2020,42,28.35,16.64,16.12,0.0,70.75,2.68,0.62,0.6
2020,43,29.52,16.94,15.29,0.0,65.44,2.45,0.62,0.6
2020,44,29.34,15.59,13.29,0.0,59.54,2.35,0.62,0.59
2020,45,29.93,14.43,12.33,0.0,58.76,1.38,0.61,0.59
2020,46,30.62,14.08,11.29,0.0,55.31,1.43,0.61,0.58
2020,47,31.97,14.54,11.35,0.0,51.55,1.81,0.61,0.57
2020,48,32.03,14.99,11.1,0.0,49.43,2.18,0.6,0.57
2020,49,31.74,15.6,10.81,0.0,49.35,2.14,0.6,0.56
2020,50,31.97,17.04,12.72,0.0,54.3,1.01,0.6,0.55
2020,51,32.2,16.88,12.48,0.0,54.83,1.46,0.6,0.54
2020,52,31.78,15.88,12.58,0.0,55.94,1.47,0.59,0.54
2020,53,32.27,16.09,12.49,0.0,52.98,1.54,0.59,0.53
2020,54,32.89,16.68,11.78,0.0,49.28,1.43,0.59,0.52
2020,55,33.26,16.51,9.99,0.0,45.37,1.78,0.58,0.51
2020,56,31.81,14.6,7.62,0.0,41.49,2.09,0.58,0.5
2020,57,31.5,14.83,5.79,0.0,36.52,2.72,0.58,0.49
2020,58,32.43,14.38,5.39,0.0,35.66,2.15,0.57,0.48
2020,59,33.19,14.39,7.78,0.0,41.12,2.01,0.57,0.48
2020,60,32.58,16.06,10.35,0.0,46.64,1.87,0.57,0.47
2020,61,32.04,18.65,12.59,0.38,51.98,1.21,0.57,0.48
2020,62,32.41,16.95,11.89,0.0,52.44,1.94,0.56,0.47
2020,63,29.99,16.41,12.22,0.0,58.74,2.32,0.56,0.47
2020,64,29.51,14.17,13.14,0.0,68.07,2.15,0.56,0.47
2020,65,30.14,14.78,12.2,0.0,66.38,1.97,0.56,0.47
2020,66,28.11,15.77,14.36,0.0,72.19,2.71,0.56,0.47
2020,67,29.28,14.83,12.66,0.0,66.13,2.13,0.55,0.46
2020,68,32.09,13.76,12.23,0.0,58.82,2.25,0.55,0.46
2020,69,30.98,15.63,13.56,0.0,63.27,2.2,0.55,0.45
2020,70,30.7,14.72,15.13,0.0,70.72,2.65,0.55,0.45
2020,71,29.5,15.2,13.48,0.0,67.48,2.86,0.55,0.45
2020,72,29.57,13.7,13.56,0.0,69.88,2.18,0.55,0.45
2020,73,30.22,13.14,10.32,0.0,60.89,2.08,0.54,0.44
2020,74,33.46,10.92,2.36,0.0,34.15,1.89,0.54,0.43
2020,75,34.9,13.85,5.89,0.0,32.97,2.3,0.54,0.42
2020,76,36.17,17.65,10.29,0.11,38.3,2.48,0.54,0.42
2020,77,36.43,21.09,11.64,0.0,38.02,1.82,0.54,0.41
2020,78,35.79,21.21,10.93,0.0,37.9,2.22,0.53,0.41
2020,79,34.51,18.12,8.53,0.0,39.14,2.4,0.53,0.4
2020,80,32.88,16.79,10.83,0.0,49.33,2.71,0.53,0.41
2020,81,33.78,16.07,10.72,0.0,52.85,2.28,0.53,0.4
2020,82,35.25,16.63,11.35,0.0,47.75,1.87,0.53,0.4
2020,83,36.5,18.74,11.69,0.0,44.27,1.78,0.53,0.39
2020,84,37.58,19.95,12.44,0.43,43.41,2.07,0.52,0.39
2020,85,33.42,23.44,15.81,2.99,51.72,1.29,0.52,0.42
2020,86,33.18,21.79,17.8,2.38,61.71,1.86,0.53,0.49
2020,87,34.97,21.47,17.11,0.36,57.43,1.71,0.53,0.45
2020,88,35.22,20.48,14.74,1.09,48.66,1.77,0.52,0.44
2020,89,37.15,21.44,14.54,1.04,45.3,2.11,0.52,0.43
2020,90,37.18,21.89,14.08,0.2,44.03,1.55,0.52,0.43
2020,91,37.37,20.12,12.51,0.09,41.7,1.69,0.52,0.41
2020,92,37.81,20.59,10.75,0.0,37.46,1.99,0.52,0.39
2020,93,38.22,20.24,9.46,0.0,33.91,2.42,0.52,0.38
2020,94,38.48,20.86,10.45,0.0,35.17,2.27,0.51,0.37
2020,95,38.65,20.8,11.46,0.01,39.12,2.28,0.51,0.36
2020,96,38.75,20.92,12.01,0.09,41.94,2.13,0.51,0.35
2020,97,37.15,19.0,13.2,0.07,51.3,2.23,0.51,0.35
2020,98,36.57,19.29,11.81,0.0,47.3,2.5,0.51,0.34
2020,99,35.15,17.44,10.18,0.0,46.11,2.52,0.51,0.33
2020,100,36.53,16.8,11.78,0.0,51.15,2.09,0.51,0.33
2020,101,38.05,19.19,11.15,0.0,42.53,1.89,0.51,0.31
2020,102,38.68,23.07,13.34,0.01,39.56,1.81,0.5,0.3
2020,103,38.73,24.5,12.02,0.63,35.09,1.47,0.5,0.31
2020,104,39.67,23.44,11.09,0.1,34.38,1.48,0.5,0.3
2020,105,40.26,21.78,10.31,0.32,33.02,1.68,0.5,0.29
2020,106,40.02,24.25,11.65,0.11,32.77,1.5,0.5,0.28
2020,107,40.16,23.21,13.51,0.07,42.39,2.11,0.5,0.28
2020,108,39.64,22.2,14.1,0.02,44.29,2.02,0.5,0.27
2020,109,40.05,23.12,14.12,0.05,42.24,2.28,0.5,0.26
2020,110,40.38,22.96,14.25,1.49,41.05,1.94,0.5,0.27
2020,111,39.63,25.58,12.23,0.02,34.04,1.52,0.5,0.3
2020,112,39.01,22.88,8.74,0.0,30.36,2.71,0.5,0.28
2020,113,39.54,20.28,12.18,0.0,41.93,2.37,0.5,0.27
2020,114,38.67,21.83,15.39,0.0,48.29,2.85,0.5,0.26
2020,115,37.8,21.54,15.81,0.0,51.97,2.98,0.5,0.26
2020,116,36.49,21.87,15.13,0.0,52.99,3.33,0.5,0.25
2020,117,38.91,18.61,12.52,0.0,46.93,2.69,0.5,0.25
2020,118,38.27,20.41,16.56,0.0,56.05,2.7,0.5,0.24
2020,119,40.47,21.73,14.81,0.01,47.24,2.53,0.5,0.24
2020,120,39.76,22.77,15.68,0.22,47.66,1.98,0.5,0.23
2020,121,40.24,23.57,16.03,0.88,51.64,2.56,0.5,0.25
2020,122,39.3,22.71,17.81,1.27,56.01,3.01,0.5,0.28
2020,123,39.0,22.93,18.16,5.2,57.53,2.89,0.5,0.43
2020,124,39.51,22.54,16.47,0.04,52.27,3.29,0.5,0.38
2020,125,39.36,21.35,14.13,0.01,48.36,2.87,0.5,0.34
2020,126,39.64,20.7,17.06,0.02,55.07,3.32,0.5,0.31
2020,127,40.09,22.31,15.24,0.05,47.9,2.87,0.5,0.29
2020,128,41.15,22.17,13.01,0.0,40.52,2.9,0.49,0.27
2020,129,40.45,21.05,14.21,0.0,48.32,2.69,0.49,0.25
2020,130,41.01,21.24,14.13,0.0,47.22,2.39,0.49,0.24
2020,131,40.27,22.51,16.43,1.22,48.15,1.61,0.49,0.24
2020,132,40.31,23.48,15.63,5.17,46.66,2.23,0.49,0.33
2020,133,39.03,22.41,13.33,0.08,43.71,2.29,0.5,0.4
2020,134,39.23,22.73,16.75,0.77,50.64,2.6,0.5,0.35
2020,135,38.74,24.21,18.78,1.28,52.7,1.89,0.5,0.36
2020,136,33.55,24.32,19.92,4.1,60.61,1.86,0.5,0.43
2020,137,35.45,23.49,18.99,0.25,58.92,2.3,0.5,0.43
2020,138,36.19,23.9,18.95,0.99,58.85,3.43,0.5,0.39
2020,139,33.63,23.6,18.37,0.31,60.17,3.88,0.5,0.38
2020,140,36.54,23.09,18.89,0.01,61.28,3.96,0.5,0.36
2020,141,38.35,22.6,18.1,0.01,57.49,3.79,0.49,0.33
2020,142,39.09,23.19,18.54,0.0,56.54,3.84,0.49,0.3
2020,143,38.81,23.75,17.69,0.0,53.84,3.93,0.49,0.28
2020,144,40.89,21.93,15.0,0.0,48.53,3.46,0.49,0.26
2020,145,40.53,23.29,17.06,0.0,50.84,3.42,0.49,0.25
2020,146,40.4,23.62,18.45,0.0,53.23,3.36,0.49,0.24
2020,147,39.75,23.68,18.26,0.0,54.26,3.65,0.49,0.23
2020,148,38.49,23.15,17.7,0.0,55.68,4.03,0.49,0.22
2020,149,37.4,23.33,19.05,0.0,60.87,4.47,0.49,0.22
2020,150,36.67,23.63,19.85,0.0,62.49,4.17,0.49,0.21
2020,151,35.09,25.03,19.92,0.0,61.12,3.59,0.49,0.21
2020,152,30.96,24.69,19.44,1.17,64.51,2.24,0.49,0.22
2020,153,29.95,23.38,20.1,7.12,70.3,1.81,0.5,0.43
2020,154,29.27,22.54,20.75,16.91,77.74,2.2,0.5,0.59
2020,155,27.42,22.94,22.45,79.26,87.83,6.79,0.55,0.88
2020,156,26.18,22.43,22.29,26.22,88.69,4.86,0.58,0.81
2020,157,30.59,21.06,19.92,2.25,76.29,2.79,0.59,0.67
2020,158,29.44,21.68,21.08,8.45,80.88,3.18,0.59,0.69
2020,159,29.44,22.33,21.98,5.22,82.6,2.92,0.6,0.66
2020,160,30.02,21.03,18.88,8.66,73.38,2.68,0.6,0.68
2020,161,29.8,19.41,19.7,3.36,77.87,2.98,0.6,0.63
2020,162,30.18,20.22,20.73,5.71,80.73,3.25,0.6,0.65
2020,163,27.72,22.04,21.87,5.32,85.85,2.74,0.6,0.66
2020,164,30.23,22.35,22.06,5.37,82.89,3.03,0.6,0.65
2020,165,28.01,21.76,22.31,15.09,88.0,3.3,0.61,0.73
2020,166,30.31,23.13,22.81,10.06,86.77,3.79,0.62,0.72
2020,167,28.74,23.09,23.31,19.36,90.39,3.36,0.63,0.76
2020,168,28.26,22.26,22.48,11.15,87.44,2.87,0.64,0.75
2020,169,27.82,23.15,22.76,26.86,87.83,3.17,0.66,0.8
2020,170,27.49,22.85,22.79,28.39,88.98,4.2,0.68,0.84
2020,171,28.93,22.93,22.79,8.61,86.01,3.61,0.69,0.77
2020,172,28.51,23.13,22.48,1.93,86.42,3.47,0.69,0.73
2020,173,28.14,22.77,22.38,4.05,86.88,3.39,0.69,0.73
2020,174,28.74,22.75,21.91,2.17,83.74,3.79,0.69,0.71
2020,175,29.78,22.4,21.45,2.34,80.69,3.3,0.69,0.7
2020,176,30.39,21.76,21.73,1.88,80.97,2.69,0.68,0.69
2020,177,31.43,22.36,22.42,8.8,81.01,1.93,0.68,0.71
2020,178,26.42,22.64,22.29,6.56,88.63,2.45,0.69,0.75
2020,179,29.53,22.25,22.25,4.38,84.91,1.92,0.69,0.72
2020,180,28.74,22.77,22.48,10.29,86.25,1.87,0.69,0.75
2020,181,29.98,22.49,22.68,28.3,86.5,2.59,0.7,0.83
2020,182,26.76,22.64,22.64,27.34,91.76,2.67,0.73,0.88
2020,183,27.43,21.84,21.67,4.86,86.62,3.37,0.74,0.78
2020,184,29.08,21.87,22.26,8.03,86.08,3.81,0.74,0.79
2020,185,24.96,22.26,21.94,23.72,90.63,5.22,0.75,0.85
2020,186,27.06,22.44,22.73,50.41,91.69,5.03,0.77,0.92
2020,187,26.88,22.44,22.2,34.17,90.09,6.29,0.8,0.92
2020,188,27.56,23.29,22.9,24.24,88.97,6.96,0.82,0.89
2020,189,26.87,22.66,22.72,43.03,91.09,6.66,0.84,0.94
2020,190,27.85,22.05,22.2,18.7,88.1,4.67,0.86,0.9
2020,191,28.06,22.04,22.32,19.19,87.81,4.09,0.87,0.91
2020,192,27.28,22.46,22.51,17.3,90.02,3.99,0.87,0.91
2020,193,27.26,22.83,22.64,11.92,89.46,3.97,0.88,0.9
2020,194,26.93,22.14,22.13,13.83,88.73,3.8,0.89,0.9
2020,195,27.7,21.38,22.25,11.57,89.96,3.04,0.89,0.89
2020,196,27.56,22.47,22.8,19.44,89.77,3.74,0.89,0.91
2020,197,24.81,22.85,22.64,38.04,93.71,3.54,0.91,0.95
2020,198,24.78,21.35,21.44,21.53,92.12,4.5,0.92,0.93
2020,199,27.71,21.09,21.87,17.49,89.5,4.32,0.93,0.93
2020,200,28.35,21.69,22.61,7.57,89.4,3.81,0.93,0.91
2020,201,28.34,22.26,22.71,4.46,90.07,3.35,0.93,0.9
2020,202,26.65,21.96,22.05,2.27,89.45,2.38,0.92,0.9
2020,203,28.36,21.23,21.95,1.21,87.77,1.86,0.92,0.89
2020,204,27.89,22.17,22.72,4.56,89.42,1.56,0.92,0.89
2020,205,26.68,22.13,22.46,8.06,90.71,1.78,0.92,0.91
2020,206,27.26,21.62,21.86,27.69,89.43,2.3,0.92,0.94
2020,207,25.6,21.03,21.36,11.32,90.15,1.8,0.93,0.92
2020,208,27.82,21.1,21.74,17.34,88.47,2.39,0.94,0.94
2020,209,27.12,21.61,22.22,12.2,90.8,3.16,0.94,0.92
2020,210,26.4,21.68,22.38,16.54,91.92,2.55,0.94,0.93
2020,211,26.53,21.86,22.66,5.9,92.79,2.28,0.94,0.92
2020,212,27.74,21.41,21.94,6.55,88.17,2.05,0.94,0.92
2020,213,25.78,21.41,22.17,6.7,91.79,1.72,0.94,0.92
2020,214,27.04,22.04,22.85,3.93,92.35,2.01,0.94,0.92
2020,215,26.92,21.81,22.78,7.4,91.89,2.51,0.94,0.92
2020,216,26.55,22.68,23.04,30.78,93.07,3.59,0.94,0.94
2020,217,25.54,22.8,23.06,92.3,95.14,5.93,0.96,0.99
2020,218,25.62,22.53,23.06,74.93,95.28,6.79,0.97,0.99
2020,219,24.42,21.24,22.12,52.36,94.77,5.98,0.97,0.99
2020,220,26.83,22.87,22.98,23.93,91.96,5.85,0.97,0.97
2020,221,26.74,22.31,22.51,12.04,91.35,5.34,0.97,0.96
2020,222,26.47,22.27,22.47,8.23,92.12,4.6,0.97,0.95
2020,223,25.37,22.6,22.64,33.99,94.1,4.2,0.97,0.97
2020,224,26.12,22.2,22.35,15.93,92.62,4.85,0.97,0.96
2020,225,25.55,22.31,22.23,28.97,93.6,5.44,0.97,0.97
2020,226,24.28,22.46,22.49,47.0,95.73,5.36,0.98,0.99
2020,227,25.1,22.52,22.56,49.34,94.5,5.93,0.98,0.99
2020,228,25.03,22.63,22.61,42.83,94.7,5.71,0.98,0.99
2020,229,24.53,22.69,22.57,30.39,95.52,5.41,0.99,0.99
2020,230,24.31,21.92,22.37,36.92,95.75,4.72,0.99,0.99
2020,231,26.02,21.95,22.29,22.18,93.24,4.6,0.99,0.98
2020,232,26.53,22.13,22.37,14.87,92.59,4.16,0.98,0.97
2020,233,24.33,22.25,22.54,33.49,95.92,4.18,0.98,0.98
2020,234,24.67,22.24,22.5,30.88,95.25,4.95,0.99,0.99
2020,235,26.51,22.42,22.79,13.86,93.26,5.1,0.99,0.97
2020,236,26.46,22.3,22.56,8.79,92.44,4.86,0.98,0.96
2020,237,26.29,21.81,22.22,6.7,92.04,4.44,0.98,0.96
2020,238,26.8,21.4,22.02,4.22,91.73,3.33,0.97,0.95
2020,239,27.19,20.77,21.8,2.49,91.14,2.59,0.97,0.94
2020,240,26.62,21.03,21.62,3.81,92.34,3.12,0.97,0.93
2020,241,26.41,21.09,21.93,29.57,92.63,3.13,0.97,0.96
2020,242,25.03,21.65,21.99,31.88,94.58,3.14,0.97,0.97
2020,243,24.95,21.94,22.13,21.22,94.43,3.66,0.98,0.97
2020,244,26.56,21.63,22.22,13.04,92.54,3.44,0.98,0.97
2020,245,27.23,20.82,22.15,3.73,91.65,2.23,0.97,0.95
2020,246,26.75,21.12,22.14,0.66,91.1,1.77,0.97,0.94
2020,247,27.59,21.59,22.49,4.61,90.16,1.08,0.97,0.94
2020,248,28.91,21.42,22.78,3.25,86.98,1.34,0.97,0.94
2020,249,29.62,21.89,23.17,9.45,86.2,1.26,0.96,0.94
2020,250,29.84,21.99,23.22,19.17,86.29,1.09,0.96,0.95
2020,251,29.16,22.99,23.37,15.52,88.44,1.24,0.97,0.95
2020,252,27.89,22.79,23.28,5.31,92.17,1.6,0.97,0.94
2020,253,27.83,21.67,22.22,15.54,89.68,1.53,0.97,0.95
2020,254,25.63,22.53,22.6,26.21,93.92,1.04,0.97,0.96
2020,255,26.4,22.15,22.53,13.89,92.19,1.42,0.98,0.96
2020,256,27.47,21.86,22.5,15.16,90.82,2.01,0.98,0.96
2020,257,26.88,21.81,22.31,4.18,92.95,3.03,0.98,0.95
2020,258,24.8,21.14,21.39,3.76,93.37,2.54,0.97,0.95
2020,259,24.35,20.96,21.41,4.23,93.78,1.71,0.97,0.95
2020,260,25.54,21.16,21.75,5.23,93.38,1.97,0.97,0.95
2020,261,26.2,21.37,22.11,7.01,93.25,2.43,0.97,0.95
2020,262,24.38,21.46,21.89,3.23,95.11,2.4,0.97,0.94
2020,263,25.88,20.98,22.27,13.64,94.2,1.74,0.97,0.95
2020,264,25.79,21.94,22.43,14.94,93.0,1.09,0.98,0.96
2020,265,26.79,22.3,22.91,12.62,94.37,2.36,0.98,0.96
2020,266,24.9,22.33,22.92,42.42,96.61,2.73,0.98,0.98
2020,267,25.19,22.27,22.63,35.13,95.49,3.12,0.99,0.99
2020,268,28.16,21.7,22.97,4.94,92.23,1.98,0.99,0.97
2020,269,25.39,21.74,22.27,13.34,94.49,2.33,0.99,0.97
2020,270,25.33,20.45,21.2,2.46,92.65,2.04,0.99,0.96
2020,271,26.67,19.67,20.92,2.08,89.82,1.69,0.98,0.95
2020,272,27.35,19.98,21.06,0.27,89.4,1.54,0.98,0.94
2020,273,26.64,20.26,21.06,0.29,90.18,1.74,0.97,0.93
2020,274,27.45,19.67,21.2,0.36,89.81,1.79,0.96,0.93
2020,275,27.32,20.3,21.3,0.35,89.13,1.38,0.96,0.92
2020,276,27.9,20.89,21.64,2.26,88.66,1.21,0.96,0.92
2020,277,28.9,21.26,22.23,5.87,87.69,1.09,0.95,0.92
2020,278,27.0,21.89,22.44,4.37,91.49,1.8,0.95,0.92
2020,279,27.81,21.29,21.74,0.52,88.84,1.52,0.95,0.91
2020,280,27.0,20.17,20.78,0.13,88.85,1.11,0.95,0.91
2020,281,28.82,20.61,20.63,0.09,82.59,1.26,0.94,0.9
2020,282,28.87,21.31,19.88,0.23,76.5,1.12,0.94,0.9
2020,283,28.15,20.21,20.84,0.07,82.04,0.97,0.93,0.9
2020,284,27.44,22.03,22.02,15.35,86.79,0.88,0.93,0.92
2020,285,27.15,21.48,21.42,12.85,88.33,1.1,0.94,0.93
2020,286,26.76,20.52,21.59,5.32,90.08,1.23,0.94,0.91
2020,287,28.23,22.08,22.2,19.0,87.26,0.65,0.94,0.93
2020,288,26.89,22.19,22.59,28.83,92.68,1.91,0.96,0.96
2020,289,26.03,22.43,23.05,41.91,94.88,2.92,0.97,0.98
2020,290,27.66,21.31,22.48,1.27,91.24,3.01,0.97,0.94
2020,291,27.56,19.78,21.45,2.15,89.35,1.72,0.97,0.94
2020,292,27.98,20.24,21.73,5.16,90.25,1.23,0.97,0.94
2020,293,27.18,21.45,22.06,13.99,91.73,1.52,0.97,0.95
2020,294,28.73,21.31,22.58,15.14,89.38,0.87,0.97,0.95
2020,295,28.7,23.02,23.09,4.94,88.48,0.83,0.97,0.94
2020,296,26.77,22.55,23.09,13.4,93.18,0.78,0.97,0.95
2020,297,26.08,21.47,21.87,6.31,91.17,1.51,0.98,0.95
2020,298,27.59,20.86,21.43,7.74,89.17,1.08,0.97,0.95
2020,299,27.71,20.36,20.43,6.64,82.65,0.87,0.97,0.95
2020,300,27.44,19.04,20.86,1.29,88.44,1.61,0.97,0.94
2020,301,27.44,18.97,19.93,0.01,83.07,1.5,0.97,0.93
2020,302,27.74,18.1,17.99,0.0,76.03,1.1,0.96,0.92
2020,303,28.13,16.37,16.95,0.0,74.79,1.25,0.96,0.92
2020,304,28.29,16.16,16.54,0.0,72.51,1.18,0.95,0.91
2020,305,27.88,16.3,17.47,0.0,77.22,1.29,0.95,0.91
2020,306,27.76,18.48,19.09,0.0,81.48,1.07,0.94,0.9
2020,307,25.51,19.47,19.15,0.0,83.89,1.27,0.94,0.9
2020,308,27.41,17.18,17.84,0.0,79.44,1.95,0.93,0.9
2020,309,27.96,16.74,16.84,0.0,75.07,1.53,0.93,0.89
2020,310,26.74,15.55,15.89,0.0,75.69,1.68,0.92,0.89
2020,311,26.05,14.49,14.04,0.0,73.46,2.15,0.92,0.88
2020,312,27.05,13.67,16.58,0.0,80.57,2.54,0.91,0.88
2020,313,27.21,16.12,17.96,0.0,82.86,2.45,0.91,0.88
2020,314,26.58,14.09,14.68,0.0,75.8,2.13,0.9,0.87
2020,315,25.02,12.57,12.33,0.0,72.99,2.55,0.9,0.87
2020,316,24.91,11.76,12.09,0.0,73.89,2.66,0.9,0.87
2020,317,25.75,12.09,14.46,0.0,78.32,2.23,0.89,0.86
2020,318,27.36,17.73,19.68,0.0,86.6,2.1,0.89,0.86
2020,319,28.12,19.13,20.31,0.0,84.55,1.78,0.88,0.86
2020,320,28.33,17.35,18.74,0.0,80.48,1.61,0.88,0.85
2020,321,28.07,17.18,19.49,0.0,84.19,2.03,0.87,0.85
2020,322,27.11,19.05,19.65,0.0,84.24,1.92,0.87,0.85
2020,323,27.69,18.2,20.02,0.05,85.66,1.41,0.86,0.85
2020,324,27.88,20.11,20.5,0.04,83.99,1.25,0.86,0.84
2020,325,28.15,19.41,20.44,0.87,82.69,1.02,0.86,0.84
2020,326,28.15,19.54,19.99,0.29,82.04,1.2,0.85,0.84
2020,327,26.29,18.67,19.35,0.01,86.02,1.68,0.85,0.84
2020,328,27.59,18.4,19.23,0.0,84.32,1.19,0.85,0.83
2020,329,27.13,17.09,17.72,0.0,80.46,1.34,0.84,0.83
2020,330,26.35,15.44,15.11,0.0,75.83,2.37,0.84,0.82
2020,331,26.71,14.59,16.17,0.0,79.74,2.27,0.84,0.82
2020,332,25.36,16.35,16.88,0.0,83.31,3.49,0.83,0.82
2020,333,25.86,16.25,17.68,0.0,84.68,3.5,0.83,0.81
2020,334,26.95,17.95,19.33,0.0,85.47,2.29,0.82,0.81
2020,335,27.56,18.76,20.21,0.0,86.17,1.21,0.82,0.81
2020,336,27.56,18.85,19.8,0.0,85.42,1.54,0.82,0.8
2020,337,26.69,16.55,16.91,0.0,80.34,1.97,0.81,0.8
2020,338,26.35,13.79,14.55,0.0,75.77,2.1,0.81,0.8
2020,339,26.88,13.42,13.9,0.0,72.41,2.04,0.8,0.79
2020,340,26.16,13.06,13.14,0.0,70.76,2.04,0.8,0.79
2020,341,26.27,13.11,13.07,0.0,72.56,2.37,0.79,0.78
2020,342,26.68,12.36,12.74,0.0,71.42,2.25,0.79,0.78
2020,343,26.89,12.99,13.01,0.0,69.31,2.33,0.79,0.78
2020,344,26.81,14.16,15.82,0.01,75.23,1.63,0.78,0.77
2020,345,27.43,16.59,17.25,0.2,76.34,1.29,0.78,0.77
2020,346,24.77,18.58,18.59,0.64,84.83,0.86,0.78,0.78
2020,347,26.54,17.11,17.99,0.05,80.64,1.3,0.78,0.77
2020,348,25.57,16.97,17.13,1.08,79.2,1.21,0.77,0.77
2020,349,26.28,17.51,17.87,4.56,81.36,1.21,0.77,0.79
2020,350,26.42,15.93,17.14,0.16,80.68,1.46,0.77,0.77
2020,351,26.79,16.14,16.84,0.0,78.72,1.41,0.77,0.77
2020,352,26.4,15.74,16.58,0.0,80.44,1.65,0.76,0.76
2020,353,25.86,14.78,15.44,0.0,79.54,2.16,0.76,0.76
2020,354,24.88,14.51,14.51,0.0,79.17,2.76,0.76,0.76
2020,355,25.14,13.33,12.21,0.0,72.37,2.98,0.76,0.75
2020,356,24.39,11.37,8.69,0.0,63.27,2.58,0.75,0.74
2020,357,24.46,9.56,8.58,0.0,63.1,2.01,0.75,0.74
2020,358,25.23,10.16,9.44,0.0,61.56,1.59,0.74,0.74
2020,359,25.87,10.39,11.09,0.0,66.48,1.76,0.74,0.74
2020,360,26.12,13.26,13.56,0.0,73.71,2.25,0.74,0.73
2020,361,26.65,13.24,13.82,0.0,70.6,2.1,0.73,0.73
2020,362,27.51,13.79,14.7,0.0,74.86,1.33,0.73,0.73
2020,363,26.67,12.95,14.16,0.0,74.01,1.15,0.73,0.73
2020,364,26.83,12.52,13.7,0.0,72.32,1.43,0.72,0.72
2020,365,26.76,12.82,13.7,0.0,72.16,1.48,0.72,0.72
2020,366,26.68,14.45,15.33,0.0,77.59,2.61,0.72,0.71
2021,1,26.8,15.76,17.06,0.01,78.45,1.87,0.71,0.71
2021,2,26.02,17.59,17.95,0.0,82.12,1.41,0.71,0.71
2021,3,26.13,16.65,16.39,0.0,77.4,1.33,0.71,0.71
2021,4,26.09,17.16,17.53,1.07,82.8,1.53,0.71,0.71
2021,5,25.07,16.53,17.18,0.13,81.44,1.3,0.71,0.71
2021,6,26.57,17.48,18.18,0.04,80.92,1.22,0.7,0.7
2021,7,24.34,19.22,19.36,1.84,90.06,1.63,0.7,0.71
2021,8,26.55,18.36,19.77,9.98,88.65,1.57,0.7,0.76
2021,9,27.2,18.74,19.63,3.4,83.79,1.24,0.71,0.75
2021,10,27.78,19.0,18.8,0.15,78.06,1.37,0.71,0.72
2021,11,28.88,17.28,16.93,0.0,72.05,1.69,0.7,0.71
2021,12,29.48,16.57,16.35,0.0,69.67,1.99,0.7,0.7
2021,13,28.2,17.05,16.33,0.0,69.94,1.8,0.7,0.69
2021,14,28.39,16.16,15.27,0.0,67.29,1.31,0.69,0.69
2021,15,28.93,14.6,14.97,0.0,70.39,1.66,0.69,0.68
2021,16,28.9,15.92,15.34,0.0,67.05,1.1,0.69,0.68
2021,17,29.66,17.54,17.46,0.0,72.42,1.09,0.68,0.67
2021,18,29.34,18.75,18.54,0.0,76.75,1.14,0.68,0.67
2021,19,29.35,16.73,16.71,0.0,73.0,1.13,0.68,0.67
2021,20,28.95,16.82,14.85,0.0,66.92,1.13,0.67,0.66
2021,21,28.07,13.81,11.64,0.0,60.8,1.3,0.67,0.65
2021,22,28.9,13.16,11.42,0.0,57.11,1.47,0.67,0.65
2021,23,29.23,15.0,12.76,0.0,62.16,1.13,0.66,0.65
2021,24,29.05,15.6,12.47,0.0,61.77,1.3,0.66,0.64
2021,25,29.28,12.24,10.5,0.0,59.07,1.34,0.66,0.64
2021,26,28.56,14.74,10.04,0.0,55.26,1.16,0.65,0.63
2021,27,28.21,13.19,9.69,0.0,55.19,1.28,0.65,0.63
2021,28,28.33,14.36,10.63,0.0,58.04,1.33,0.65,0.63
2021,29,28.3,12.45,10.39,0.0,57.96,1.39,0.64,0.62
2021,30,28.22,13.35,11.79,0.0,60.32,1.41,0.64,0.62
2021,31,28.45,13.19,12.08,0.0,62.03,1.58,0.64,0.62
2021,32,28.23,13.77,10.75,0.0,57.53,2.53,0.63,0.61
2021,33,28.36,13.01,7.77,0.0,47.43,2.54,0.63,0.6
2021,34,28.32,11.16,6.28,0.0,44.19,1.99,0.63,0.6
2021,35,28.52,11.55,8.34,0.0,50.39,1.5,0.62,0.6
2021,36,28.15,12.93,10.6,0.0,59.21,1.6,0.62,0.6
2021,37,28.29,11.29,8.17,0.0,52.36,2.17,0.62,0.59
2021,38,28.1,12.32,8.09,0.0,50.59,2.55,0.61,0.58
2021,39,28.6,11.42,5.82,0.0,45.12,2.47,0.61,0.58
2021,40,29.3,10.59,5.27,0.0,40.62,2.04,0.61,0.57
2021,41,29.95,11.62,5.76,0.0,41.32,1.52,0.6,0.57
2021,42,30.42,12.37,6.57,0.0,42.1,1.3,0.6,0.56
2021,43,30.64,14.25,9.31,0.0,48.51,1.22,0.6,0.56
2021,44,30.43,14.84,9.94,0.0,52.11,1.26,0.59,0.55
2021,45,30.24,15.48,11.07,0.0,55.07,1.19,0.59,0.54
2021,46,29.77,15.56,11.41,0.0,57.84,1.46,0.59,0.54
2021,47,29.65,14.68,12.78,0.0,63.86,1.59,0.59,0.53
2021,48,29.69,15.1,13.63,0.02,64.87,1.34,0.58,0.52
2021,49,29.3,16.75,14.44,3.38,65.04,1.36,0.58,0.55
2021,50,26.97,16.49,14.25,5.37,69.49,2.79,0.59,0.61
2021,51,28.33,14.28,11.9,0.0,59.84,2.98,0.59,0.56
2021,52,29.49,16.57,13.27,0.0,58.6,2.89,0.58,0.54
2021,53,30.24,16.9,14.47,0.0,58.67,1.67,0.58,0.53
2021,54,31.9,17.42,13.64,0.0,55.11,1.24,0.58,0.52
2021,55,32.45,15.82,10.8,0.0,49.37,1.46,0.57,0.51
2021,56,32.55,15.98,11.58,0.0,51.85,1.59,0.57,0.5
2021,57,32.61,17.26,11.92,0.0,50.9,1.94,0.57,0.49
2021,58,33.54,17.11,9.25,0.0,43.63,1.94,0.57,0.48
2021,59,34.22,16.35,9.08,0.0,42.43,1.67,0.56,0.47
2021,60,35.18,17.15,10.81,0.0,44.11,1.51,0.56,0.46
2021,61,34.64,17.14,8.59,0.0,39.36,1.81,0.56,0.45
2021,62,34.84,16.02,5.1,0.0,31.41,1.99,0.56,0.45
2021,63,35.14,15.48,5.84,0.0,33.7,1.68,0.55,0.44
2021,64,34.87,15.71,5.57,0.0,34.3,1.69,0.55,0.43
2021,65,34.63,18.96,9.47,0.0,42.41,1.24,0.55,0.43
2021,66,34.67,18.77,8.91,0.0,39.76,2.02,0.55,0.43
2021,67,34.97,17.02,8.01,0.0,38.95,1.67,0.54,0.42
2021,68,35.4,17.18,8.86,0.0,39.67,1.66,0.54,0.42
2021,69,35.11,20.19,9.81,0.0,40.03,1.53,0.54,0.41
2021,70,35.19,18.39,9.77,0.0,41.87,2.06,0.54,0.41
2021,71,35.06,18.24,9.67,0.0,41.04,1.59,0.54,0.41
2021,72,35.36,18.78,9.17,0.0,36.98,1.96,0.53,0.4
2021,73,35.76,19.1,9.75,0.0,38.02,1.64,0.53,0.4
2021,74,35.95,19.17,8.92,0.0,36.61,1.75,0.53,0.4
2021,75,35.7,19.83,9.23,0.0,36.29,1.86,0.53,0.39
2021,76,35.9,19.38,9.25,0.0,36.03,1.7,0.53,0.39
2021,77,34.56,21.06,10.38,0.0,38.49,1.67,0.53,0.39
2021,78,35.11,19.81,9.38,0.0,38.23,2.23,0.52,0.39
2021,79,35.3,19.02,9.66,0.02,39.68,2.04,0.52,0.38
2021,80,35.28,20.83,10.53,0.07,40.25,1.84,0.52,0.38
2021,81,33.16,21.06,13.1,2.57,47.35,1.15,0.52,0.42
2021,82,35.85,20.48,13.08,0.09,44.12,1.86,0.52,0.42
2021,83,36.02,23.0,12.2,0.02,39.24,1.54,0.52,0.4
2021,84,36.8,20.6,9.53,1.25,34.24,1.97,0.52,0.41
2021,85,37.56,19.54,7.31,0.0,29.86,1.64,0.52,0.38
2021,86,38.34,19.13,6.04,0.0,27.69,1.96,0.51,0.37
2021,87,38.12,19.67,6.18,0.0,28.94,1.54,0.51,0.36
2021,88,39.05,20.39,6.98,0.0,31.78,1.82,0.51,0.35
2021,89,36.87,19.51,9.48,0.0,38.76,2.51,0.51,0.34
2021,90,37.47,17.87,6.57,0.0,35.76,2.37,0.51,0.34
2021,91,36.61,18.64,12.91,0.0,51.54,2.4,0.51,0.33
2021,92,36.7,17.89,12.61,0.0,56.2,2.25,0.51,0.33
2021,93,37.3,18.54,14.06,0.0,57.69,2.1,0.51,0.32
2021,94,37.32,19.56,15.12,0.0,56.21,2.56,0.5,0.31
2021,95,38.95,20.43,12.65,0.0,44.24,2.37,0.5,0.3
2021,96,39.97,21.0,10.16,0.0,36.01,2.01,0.5,0.29
2021,97,39.47,21.58,7.34,0.0,29.61,2.4,0.5,0.28
2021,98,38.13,20.97,10.68,0.0,37.78,2.07,0.5,0.28
2021,99,35.89,22.44,12.38,0.11,40.38,1.23,0.5,0.27
2021,100,36.71,23.36,10.97,0.09,34.69,1.24,0.5,0.27
2021,101,36.73,22.68,13.53,0.83,40.46,1.64,0.5,0.29
2021,102,36.12,22.88,14.29,1.28,41.91,0.91,0.5,0.31
2021,103,34.24,25.33,15.85,5.59,46.03,0.47,0.5,0.45
2021,104,35.52,22.91,14.96,1.88,46.47,1.73,0.5,0.45
2021,105,36.15,22.81,13.29,0.5,42.72,1.67,0.5,0.42
2021,106,36.97,20.13,12.25,0.5,43.43,2.34,0.5,0.39
2021,107,37.9,19.58,11.34,0.0,40.94,2.67,0.5,0.36
2021,108,38.96,20.97,10.91,0.0,35.87,2.1,0.5,0.33
2021,109,37.64,21.35,13.12,0.0,44.36,2.49,0.5,0.3
2021,110,36.56,19.96,14.46,0.0,53.55,2.77,0.5,0.29
2021,111,35.99,20.91,14.74,0.0,53.38,2.76,0.5,0.29
2021,112,37.32,19.29,12.0,0.0,47.25,1.97,0.5,0.28
2021,113,37.77,19.95,13.17,0.0,49.31,2.51,0.5,0.27
2021,114,37.94,20.17,10.96,0.0,41.73,1.98,0.5,0.26
2021,115,39.85,21.07,11.91,0.0,37.71,2.0,0.5,0.24
2021,116,37.68,22.82,16.06,0.17,51.84,2.1,0.5,0.24
2021,117,38.84,22.61,14.91,1.87,46.56,1.79,0.5,0.25
2021,118,37.46,23.03,13.33,0.41,41.29,2.04,0.5,0.32
2021,119,38.48,21.43,15.22,0.17,48.67,2.15,0.5,0.3
2021,120,37.85,23.51,14.63,0.57,43.45,2.01,0.5,0.29
2021,121,37.94,24.28,14.25,0.11,40.37,1.77,0.5,0.28
2021,122,36.93,22.85,16.98,8.41,52.31,1.7,0.5,0.38
2021,123,35.35,23.08,18.96,4.82,59.91,1.23,0.51,0.54
2021,124,35.55,23.12,18.26,6.01,57.71,1.02,0.51,0.52
2021,125,36.76,23.01,17.19,0.55,52.42,1.56,0.51,0.48
2021,126,35.88,23.47,18.28,4.15,56.71,1.08,0.5,0.49
2021,127,35.29,22.8,19.46,1.91,60.71,0.85,0.51,0.5
2021,128,37.61,23.47,17.97,0.93,53.98,1.47,0.5,0.45
2021,129,37.15,23.74,18.02,0.56,54.35,2.11,0.5,0.43
2021,130,38.07,22.47,18.38,0.0,55.74,2.56,0.5,0.4
2021,131,36.85,21.88,17.19,0.0,53.69,2.88,0.5,0.38
2021,132,37.87,21.09,16.48,0.0,53.72,3.22,0.5,0.35
2021,133,35.87,23.19,15.59,0.01,50.28,2.96,0.5,0.33
2021,134,37.2,23.21,16.07,2.77,46.89,0.86,0.5,0.33
2021,135,33.53,25.22,20.33,6.15,60.63,3.5,0.5,0.48
2021,136,32.04,23.69,21.34,16.4,73.86,7.79,0.5,0.58
2021,137,27.31,23.07,22.3,129.13,86.71,8.67,0.55,0.92
2021,138,29.3,23.07,22.69,33.84,85.17,6.14,0.61,0.82
2021,139,28.1,22.74,22.83,13.78,86.89,3.84,0.61,0.77
2021,140,30.95,21.41,21.37,0.39,79.54,2.04,0.62,0.68
2021,141,31.83,21.94,21.21,0.9,76.72,2.16,0.61,0.64
2021,142,30.86,22.73,21.58,1.88,78.62,2.09,0.61,0.64
2021,143,31.23,21.89,21.17,0.98,77.83,2.67,0.61,0.61
2021,144,32.67,22.19,20.95,0.72,75.11,2.98,0.6,0.6
2021,145,32.59,22.71,21.82,0.12,77.21,3.65,0.6,0.58
2021,146,31.22,22.61,21.6,0.05,78.5,4.17,0.6,0.57
2021,147,31.64,21.95,21.21,0.05,76.3,4.29,0.59,0.56
2021,148,32.39,23.22,21.92,0.07,76.18,3.83,0.59,0.55
2021,149,31.82,23.45,22.45,11.49,78.7,2.53,0.59,0.62
2021,150,30.64,22.99,22.47,7.43,81.28,1.45,0.6,0.67
2021,151,29.25,23.4,22.58,11.8,83.65,2.01,0.6,0.68
2021,152,30.75,22.57,22.75,14.68,83.09,2.26,0.61,0.73
2021,153,30.33,23.23,22.72,15.72,82.56,1.22,0.62,0.73
2021,154,31.8,23.03,21.85,3.52,78.01,1.24,0.63,0.69
2021,155,30.1,22.98,22.02,2.32,80.0,1.01,0.63,0.66
2021,156,26.88,22.28,21.73,18.19,84.92,1.37,0.63,0.74
2021,157,29.92,21.67,21.22,8.48,80.35,2.3,0.64,0.73
2021,158,29.66,21.89,21.38,3.48,81.39,3.21,0.64,0.67
2021,159,29.7,21.4,22.07,17.34,84.23,3.33,0.65,0.75
2021,160,28.63,23.49,22.67,28.8,86.12,4.83,0.66,0.82
2021,161,26.25,22.67,22.66,28.5,90.54,5.04,0.69,0.85
2021,162,28.85,22.89,22.67,17.24,86.13,4.61,0.69,0.78
2021,163,27.62,24.14,23.9,23.48,91.31,4.42,0.71,0.85
2021,164,27.72,23.79,23.42,13.55,89.94,4.6,0.73,0.82
2021,165,29.0,22.99,22.63,4.07,85.51,4.15,0.73,0.77
2021,166,27.47,23.91,22.95,19.56,88.32,5.1,0.73,0.82
2021,167,26.39,23.64,23.41,41.31,92.35,4.9,0.76,0.9
2021,168,27.56,23.33,23.01,48.01,89.71,5.65,0.79,0.93
2021,169,27.65,23.37,23.03,51.5,89.59,6.16,0.82,0.95
2021,170,25.83,23.19,22.71,40.03,91.23,5.29,0.85,0.95
2021,171,27.48,22.69,22.37,13.86,88.66,4.47,0.87,0.9
2021,172,27.58,22.02,22.18,4.93,89.1,3.57,0.87,0.87
2021,173,27.56,21.76,22.02,5.14,88.1,3.57,0.87,0.86
2021,174,27.67,21.67,21.96,6.1,88.59,3.41,0.87,0.86
2021,175,27.12,21.93,21.78,7.22,88.09,3.5,0.87,0.86
2021,176,26.17,21.9,21.67,14.09,89.37,3.75,0.87,0.88
2021,177,27.63,21.63,21.84,5.47,87.88,3.62,0.87,0.87
2021,178,25.5,21.46,21.51,5.82,90.23,2.64,0.87,0.86
2021,179,26.37,21.17,22.04,17.92,91.03,2.44,0.88,0.9
2021,180,28.45,22.39,22.7,3.35,88.19,3.07,0.88,0.87
2021,181,27.3,22.32,22.46,2.96,90.04,2.67,0.88,0.87
2021,182,26.45,22.11,22.31,2.13,90.83,3.16,0.88,0.86
2021,183,28.25,21.68,22.16,0.5,87.47,3.67,0.88,0.85
2021,184,28.06,21.96,22.2,2.46,87.86,2.99,0.87,0.85
2021,185,28.59,21.29,21.95,1.24,86.51,2.46,0.87,0.85
2021,186,27.84,21.64,21.95,4.86,87.5,2.09,0.86,0.85
2021,187,28.85,21.45,21.97,2.6,86.6,1.7,0.86,0.85
2021,188,27.95,22.16,22.26,3.64,87.43,2.31,0.86,0.85
2021,189,26.54,22.44,22.5,15.74,90.81,2.49,0.86,0.88
2021,190,26.81,21.83,21.81,10.22,88.69,1.94,0.87,0.88
2021,191,28.29,21.05,20.81,9.34,83.22,1.92,0.87,0.88
2021,192,26.58,21.59,22.51,13.35,92.12,3.85,0.88,0.88
2021,193,25.03,22.55,22.41,48.58,93.43,4.85,0.89,0.95
2021,194,26.49,22.01,22.32,25.79,91.11,4.29,0.91,0.93
2021,195,25.18,21.86,22.22,17.09,92.65,4.56,0.92,0.92
2021,196,25.94,23.08,23.14,31.23,94.4,4.49,0.93,0.94
2021,197,27.22,22.17,22.69,14.18,90.34,3.8,0.93,0.92
2021,198,26.82,22.41,22.88,35.86,92.48,3.72,0.93,0.95
2021,199,25.61,23.23,23.18,44.84,94.09,5.44,0.94,0.97
2021,200,25.39,22.53,22.81,73.76,94.43,5.86,0.95,0.98
2021,201,25.45,22.44,22.69,37.97,93.77,5.37,0.96,0.97
2021,202,24.07,22.59,22.49,95.24,95.48,6.47,0.96,0.99
2021,203,25.21,22.05,22.21,60.77,93.74,6.86,0.97,0.99
2021,204,24.52,22.24,22.32,84.96,95.07,5.2,0.97,0.99
2021,205,26.97,22.27,22.71,38.04,91.69,4.65,0.97,0.98
2021,206,26.44,22.56,23.0,27.81,93.12,5.26,0.97,0.97
2021,207,26.44,22.48,22.55,19.62,92.03,6.18,0.97,0.97
2021,208,26.33,21.9,21.94,15.18,91.0,6.05,0.97,0.96
2021,209,25.95,21.85,21.76,12.1,90.86,6.24,0.97,0.95
2021,210,24.87,21.58,21.68,12.8,93.16,5.85,0.97,0.95
2021,211,24.98,21.6,21.48,10.8,92.27,5.75,0.97,0.95
2021,212,25.26,21.65,21.62,8.7,91.9,6.06,0.96,0.95
2021,213,25.92,21.29,21.33,6.13,90.65,5.7,0.96,0.94
2021,214,26.32,21.43,21.61,10.87,90.3,5.34,0.96,0.94
2021,215,26.91,21.8,22.13,14.36,90.73,5.4,0.96,0.94
2021,216,26.64,21.82,22.03,14.0,91.51,5.32,0.96,0.94
2021,217,26.96,21.65,21.84,7.33,90.72,5.23,0.96,0.93
2021,218,27.28,21.57,21.93,4.59,90.15,4.42,0.95,0.93
2021,219,27.81,21.21,21.89,2.57,89.15,2.94,0.95,0.92
2021,220,27.31,20.95,21.98,3.69,90.63,2.22,0.95,0.92
2021,221,27.76,21.41,22.05,1.7,89.59,2.31,0.94,0.91
2021,222,27.65,21.23,21.89,2.89,89.68,2.58,0.94,0.91
2021,223,27.27,21.02,21.8,3.84,89.42,2.66,0.93,0.91
2021,224,27.93,21.17,21.62,8.22,88.51,3.18,0.93,0.91
2021,225,27.86,21.32,21.74,5.89,88.74,3.15,0.93,0.91
2021,226,27.0,21.23,21.59,15.5,89.53,3.49,0.93,0.92
2021,227,27.22,21.17,21.7,12.77,89.68,3.44,0.93,0.92
2021,228,27.14,21.54,21.67,6.96,88.76,2.56,0.93,0.91
2021,229,24.82,20.8,21.3,9.96,92.31,2.18,0.93,0.92
2021,230,24.88,19.96,20.74,18.35,91.76,2.61,0.94,0.94
2021,231,25.1,20.59,21.13,17.24,92.7,2.28,0.94,0.94
2021,232,26.38,20.43,21.26,10.78,90.99,2.6,0.95,0.93
2021,233,25.17,20.61,21.11,19.3,92.2,2.51,0.95,0.95
2021,234,25.68,19.38,20.28,1.25,89.59,1.69,0.95,0.92
2021,235,27.71,19.12,20.69,0.24,87.03,1.72,0.95,0.92
2021,236,26.94,20.74,21.46,1.75,89.12,1.72,0.94,0.92
2021,237,27.53,20.78,21.73,1.55,89.56,2.1,0.94,0.91
2021,238,27.49,20.88,21.74,2.63,89.61,2.26,0.93,0.9
2021,239,27.95,20.64,21.71,3.16,88.76,2.19,0.93,0.9
2021,240,27.05,20.7,21.29,0.61,88.38,1.98,0.93,0.89
2021,241,26.84,20.47,20.99,0.63,87.65,1.97,0.92,0.89
2021,242,24.43,20.52,20.66,6.72,91.7,3.09,0.92,0.9
2021,243,23.92,20.12,21.17,38.89,95.38,3.3,0.93,0.95
2021,244,27.16,21.14,21.74,7.26,91.23,3.49,0.94,0.92
2021,245,25.04,20.76,21.55,4.8,93.14,2.7,0.94,0.91
2021,246,26.63,20.94,21.75,10.01,91.22,2.72,0.94,0.92
2021,247,27.4,20.8,21.97,12.94,90.75,2.6,0.94,0.92
2021,248,26.24,21.52,21.75,13.73,91.43,2.86,0.94,0.93
2021,249,25.56,21.04,21.91,14.16,93.26,2.74,0.94,0.93
2021,250,25.46,21.42,22.74,32.97,95.61,2.76,0.95,0.96
2021,251,24.82,22.14,22.83,23.7,96.01,4.18,0.96,0.96
2021,252,26.45,21.54,22.19,13.57,92.18,5.03,0.96,0.95
2021,253,26.59,21.97,22.3,14.38,91.86,4.89,0.96,0.95
2021,254,26.48,22.25,22.65,24.42,92.4,4.84,0.96,0.96
2021,255,26.01,22.77,23.02,36.74,93.82,4.28,0.97,0.98
2021,256,26.0,22.94,22.92,30.35,94.14,4.39,0.97,0.97
2021,257,25.91,21.94,22.3,12.28,92.66,4.52,0.97,0.96
2021,258,26.05,21.44,21.76,3.07,92.05,3.6,0.97,0.95
2021,259,26.48,21.14,21.72,0.64,91.65,3.3,0.96,0.93
2021,260,25.93,20.7,21.22,0.48,91.2,2.5,0.96,0.92
2021,261,27.09,20.11,21.38,1.53,90.5,2.5,0.95,0.92
2021,262,27.27,20.6,21.87,8.82,90.69,2.44,0.95,0.92
2021,263,26.94,21.26,22.15,9.98,91.48,2.47,0.95,0.93
2021,264,26.12,21.78,22.13,26.26,93.03,2.96,0.95,0.95
2021,265,26.69,21.51,21.97,18.93,91.97,2.89,0.96,0.95
2021,266,27.22,21.06,21.85,7.11,90.99,2.36,0.96,0.94
2021,267,26.75,20.25,21.29,1.24,90.05,1.7,0.95,0.93
2021,268,26.62,20.58,21.42,2.27,90.52,1.79,0.95,0.92
2021,269,26.49,20.7,21.38,2.03,90.29,1.73,0.95,0.92
2021,270,25.4,21.13,21.21,7.89,91.97,2.32,0.94,0.92
2021,271,23.89,20.72,20.81,34.57,93.96,3.3,0.95,0.95
2021,272,25.82,20.71,21.3,9.52,91.77,3.61,0.96,0.94
2021,273,27.49,21.19,22.07,4.46,90.66,2.02,0.95,0.93
2021,274,28.79,20.73,22.01,8.01,88.16,1.2,0.95,0.93
2021,275,27.64,22.44,22.66,3.05,89.23,1.26,0.95,0.93
2021,276,28.82,21.08,22.52,4.76,88.82,1.31,0.95,0.92
2021,277,28.94,21.97,22.98,9.89,88.67,1.07,0.95,0.93
2021,278,28.98,22.28,23.11,4.65,88.84,1.24,0.95,0.93
2021,279,27.56,21.09,22.02,11.38,87.2,0.9,0.95,0.93
2021,280,29.63,21.64,22.7,1.26,85.83,1.42,0.95,0.92
2021,281,25.55,22.66,22.93,3.85,94.37,1.51,0.95,0.92
2021,282,27.43,21.92,22.63,20.82,91.93,1.54,0.95,0.94
2021,283,27.41,21.63,22.01,5.75,89.16,0.98,0.95,0.93
2021,284,28.3,21.42,21.98,2.77,87.41,0.81,0.95,0.92
2021,285,28.84,20.82,21.85,4.47,84.95,1.05,0.95,0.92
2021,286,28.66,19.62,20.42,0.09,82.8,1.55,0.95,0.91
2021,287,28.05,18.96,19.94,0.13,80.93,1.47,0.94,0.91
2021,288,29.06,20.0,20.55,0.0,82.31,1.71,0.94,0.9
2021,289,28.77,18.47,19.29,0.0,79.96,1.19,0.93,0.89
2021,290,28.39,20.78,21.22,0.1,86.07,1.51,0.92,0.89
2021,291,26.91,19.61,20.52,0.15,88.52,2.04,0.92,0.89
2021,292,26.71,18.08,19.06,0.06,86.47,1.37,0.92,0.88
2021,293,28.28,17.52,18.92,0.0,82.97,0.92,0.91,0.88
2021,294,28.69,16.41,17.59,0.0,76.11,1.26,0.91,0.87
2021,295,28.12,16.51,17.67,0.0,77.97,1.31,0.9,0.87
2021,296,27.96,16.04,17.65,0.0,80.45,1.33,0.9,0.86
2021,297,27.17,15.83,17.82,0.0,84.57,1.33,0.89,0.86
2021,298,27.45,15.95,17.53,0.0,81.92,1.41,0.89,0.85
2021,299,26.9,15.13,16.63,0.0,78.52,1.46,0.88,0.85
2021,300,26.93,15.49,15.8,0.0,76.06,2.39,0.88,0.85
2021,301,26.52,15.86,16.86,0.0,80.51,2.53,0.87,0.84
2021,302,27.69,15.92,17.4,0.0,80.16,2.6,0.86,0.84
2021,303,28.17,16.12,17.61,0.0,78.82,2.67,0.86,0.84
2021,304,28.01,17.05,17.95,0.0,79.81,2.18,0.85,0.83
2021,305,28.47,16.9,18.45,0.0,81.15,1.77,0.85,0.83
2021,306,27.28,16.63,18.26,0.0,81.39,2.11,0.85,0.83
2021,307,26.89,18.06,19.21,0.0,84.58,2.23,0.84,0.83
2021,308,28.15,19.36,20.54,0.51,84.31,1.37,0.84,0.82
2021,309,25.99,20.49,20.7,4.59,89.55,2.22,0.84,0.84
2021,310,26.16,19.43,19.8,3.52,86.12,1.7,0.84,0.84
2021,311,26.23,18.91,19.45,2.19,85.47,1.8,0.84,0.84
2021,312,26.52,16.34,15.95,0.0,76.36,2.55,0.83,0.82
2021,313,26.27,14.52,13.91,0.0,73.52,2.87,0.83,0.81
2021,314,26.45,13.57,12.94,0.0,71.22,2.4,0.83,0.81
2021,315,25.66,13.85,13.28,0.0,72.89,2.79,0.82,0.8
2021,316,27.68,14.54,15.36,0.0,74.25,2.32,0.82,0.8
2021,317,28.81,19.08,20.33,0.0,85.05,2.02,0.81,0.8
2021,318,28.73,19.79,21.08,0.3,85.5,1.71,0.81,0.79
2021,319,28.67,21.08,21.76,0.22,86.44,1.14,0.8,0.79
2021,320,27.59,21.47,21.84,5.17,88.75,2.39,0.8,0.81
2021,321,26.94,21.74,21.86,4.26,90.26,2.78,0.8,0.82
2021,322,28.52,20.7,20.67,5.01,82.79,1.76,0.81,0.81
2021,323,28.12,20.04,20.73,0.87,84.5,1.54,0.8,0.8
2021,324,28.01,20.38,21.33,0.97,87.45,2.03,0.8,0.79
2021,325,28.92,20.81,21.33,11.45,84.75,2.3,0.8,0.82
2021,326,28.23,21.36,21.82,2.88,88.45,1.44,0.81,0.82
2021,327,28.64,21.38,21.98,0.02,87.95,0.79,0.8,0.8
2021,328,28.91,20.43,20.77,0.0,83.75,2.05,0.8,0.79
2021,329,27.06,18.61,18.61,0.0,80.88,1.71,0.79,0.79
2021,330,27.41,16.5,17.27,0.0,79.39,1.93,0.79,0.78
2021,331,27.18,15.17,15.57,0.0,75.33,1.99,0.79,0.78
2021,332,25.22,15.11,14.25,0.0,76.04,2.84,0.78,0.77
2021,333,26.03,14.49,15.52,0.0,76.57,3.22,0.78,0.77
2021,334,22.55,17.95,18.04,0.31,89.11,2.7,0.78,0.77
2021,335,20.71,17.32,17.54,64.48,92.73,2.99,0.79,0.9
2021,336,23.82,15.4,17.25,14.04,89.65,2.77,0.82,0.88
2021,337,26.61,17.21,18.99,0.47,88.62,1.2,0.82,0.82
2021,338,26.02,17.45,18.5,0.61,86.85,1.36,0.82,0.81
2021,339,25.62,15.36,16.57,0.02,84.18,1.09,0.82,0.81
2021,340,25.64,13.66,16.33,0.0,81.61,1.36,0.81,0.8
2021,341,26.14,14.75,15.83,0.0,79.68,2.13,0.81,0.8
2021,342,25.91,15.29,15.54,0.0,77.73,2.38,0.8,0.79
2021,343,26.37,14.85,16.01,0.0,79.12,1.85,0.8,0.79
2021,344,26.23,16.42,17.46,0.0,83.48,2.34,0.8,0.79
2021,345,26.13,16.34,17.45,0.0,82.85,2.34,0.79,0.78
2021,346,26.01,15.98,16.65,0.0,79.53,2.0,0.79,0.78
2021,347,24.9,15.52,16.51,0.0,81.74,1.31,0.79,0.78
2021,348,25.15,15.04,16.6,0.0,83.1,1.46,0.79,0.78
2021,349,25.07,15.38,16.47,0.0,83.51,1.76,0.78,0.78
2021,350,25.07,15.3,16.99,0.0,82.99,1.65,0.78,0.77
2021,351,24.97,15.54,15.67,0.0,79.19,1.29,0.78,0.77
2021,352,25.55,13.73,13.69,0.0,75.17,2.36,0.78,0.77
2021,353,24.48,12.57,12.72,0.0,74.78,2.55,0.77,0.76
2021,354,24.64,11.2,11.13,0.0,68.51,2.07,0.77,0.76
2021,355,25.33,10.61,11.19,0.0,68.48,1.53,0.77,0.76
2021,356,26.19,11.39,12.22,0.0,69.24,1.08,0.76,0.75
2021,357,26.61,11.93,12.71,0.0,72.03,1.16,0.76,0.75
2021,358,25.63,13.6,13.16,0.0,73.32,1.37,0.76,0.75
2021,359,26.35,12.37,12.38,0.0,70.95,1.13,0.75,0.74
2021,360,26.78,11.48,12.64,0.0,71.24,1.17,0.75,0.74
2021,361,26.83,12.28,12.39,0.0,64.69,1.19,0.75,0.74
2021,362,26.35,13.63,13.92,0.01,70.94,1.34,0.74,0.74
2021,363,25.16,11.6,12.24,0.0,71.43,1.41,0.74,0.73
2021,364,24.92,12.89,14.41,0.0,80.1,2.91,0.74,0.73
2021,365,25.83,14.35,15.04,0.0,78.23,3.01,0.73,0.73
2022,1,26.38,15.3,15.85,0.0,77.45,1.77,0.73,0.72
2022,2,26.31,14.78,16.19,0.0,78.85,1.57,0.73,0.72
2022,3,26.29,15.59,15.65,0.0,76.19,1.7,0.73,0.72
2022,4,26.69,14.85,14.47,0.0,71.59,1.75,0.72,0.71
2022,5,26.5,13.56,13.92,0.0,72.63,1.75,0.72,0.71
2022,6,26.42,14.32,14.82,0.0,76.88,1.4,0.72,0.71
2022,7,26.05,14.39,15.48,0.0,82.67,1.91,0.71,0.71
2022,8,25.01,15.04,16.12,0.51,84.99,1.45,0.71,0.7
2022,9,23.84,13.15,15.06,0.61,85.3,1.45,0.71,0.71
2022,10,24.93,10.95,11.97,0.0,75.33,1.51,0.71,0.7
2022,11,22.48,10.98,10.09,0.0,72.43,1.54,0.7,0.7
2022,12,23.81,8.65,12.28,0.0,81.69,1.45,0.7,0.69
2022,13,23.52,10.06,12.78,0.0,82.45,1.68,0.7,0.69
2022,14,24.12,11.67,13.55,0.0,82.16,1.04,0.7,0.69
2022,15,25.48,13.24,14.05,0.0,77.19,1.84,0.69,0.69
2022,16,26.48,13.27,14.79,0.0,77.01,2.53,0.69,0.68
2022,17,26.05,15.48,15.63,0.0,75.15,1.77,0.69,0.68
2022,18,27.4,14.54,14.32,0.0,71.4,1.36,0.68,0.68
2022,19,27.26,12.86,12.26,0.0,66.29,1.65,0.68,0.67
2022,20,27.31,14.23,11.1,0.0,61.32,1.7,0.68,0.66
2022,21,26.33,14.33,12.51,0.0,67.07,1.73,0.67,0.66
2022,22,24.79,13.87,15.94,0.05,85.35,2.22,0.67,0.66
2022,23,21.72,10.35,13.17,0.1,82.07,2.88,0.67,0.66
2022,24,21.25,6.96,6.6,0.0,68.24,1.22,0.67,0.66
2022,25,23.21,5.96,4.84,0.0,56.48,1.54,0.66,0.65
2022,26,24.91,7.71,6.62,0.0,56.84,1.54,0.66,0.65
2022,27,25.52,8.74,7.76,0.0,59.43,1.98,0.66,0.65
2022,28,26.18,9.96,8.1,0.0,57.7,2.68,0.66,0.64
2022,29,26.62,9.98,5.93,0.0,46.74,2.08,0.65,0.63
2022,30,27.69,10.4,7.18,0.0,48.46,1.47,0.65,0.63
2022,31,28.38,11.84,8.25,0.0,51.48,1.25,0.65,0.62
2022,32,28.92,11.29,8.02,0.0,52.33,1.3,0.64,0.62
2022,33,29.76,12.16,8.85,0.0,54.26,1.45,0.64,0.61
2022,34,26.36,12.47,11.53,0.0,69.39,1.94,0.64,0.61
2022,35,25.08,13.36,12.35,0.0,73.53,1.44,0.63,0.6
2022,36,27.43,9.47,7.55,0.0,56.67,1.48,0.63,0.6
2022,37,29.34,9.86,7.87,0.0,54.0,1.99,0.63,0.59
2022,38,28.05,12.93,12.46,0.0,70.15,1.3,0.62,0.59
2022,39,28.03,12.85,13.49,0.0,76.46,1.64,0.62,0.58
2022,40,27.36,13.01,12.46,0.0,73.9,1.65,0.62,0.58
2022,41,28.29,10.99,9.81,0.0,59.5,1.88,0.62,0.57
2022,42,29.17,13.1,9.01,0.0,51.47,2.53,0.61,0.56
2022,43,29.31,12.88,8.95,0.0,50.66,2.05,0.61,0.55
2022,44,29.29,13.1,10.24,0.0,55.26,1.57,0.61,0.55
2022,45,29.25,12.83,10.12,0.0,58.65,1.85,0.6,0.54
2022,46,28.4,12.42,10.88,0.0,64.95,1.8,0.6,0.54
2022,47,26.57,11.92,11.11,0.0,66.68,1.75,0.6,0.53
2022,48,27.99,12.79,10.52,0.0,59.9,1.83,0.6,0.53
2022,49,29.35,13.72,11.32,0.0,58.94,1.71,0.59,0.52
2022,50,31.02,13.84,12.91,0.0,63.29,1.47,0.59,0.52
2022,51,31.04,15.01,10.49,0.0,52.69,1.93,0.59,0.51
2022,52,32.03,14.86,7.26,0.0,43.39,1.3,0.59,0.5
2022,53,33.5,14.55,7.25,0.0,43.17,1.3,0.58,0.49
2022,54,33.55,14.29,10.18,0.0,48.61,1.62,0.58,0.48
2022,55,32.9,16.6,11.33,0.0,49.2,1.43,0.58,0.48
2022,56,32.93,17.06,11.27,0.0,48.31,1.54,0.57,0.47
2022,57,32.92,17.81,10.23,0.0,47.03,1.49,0.57,0.46
2022,58,32.6,15.11,9.22,0.0,46.4,1.67,0.57,0.46
2022,59,32.54,14.79,7.51,0.0,40.48,1.88,0.57,0.45
2022,60,32.89,15.29,7.48,0.0,39.71,1.9,0.56,0.45
2022,61,33.73,16.27,8.68,0.0,40.82,1.83,0.56,0.44
2022,62,33.55,16.55,9.03,0.0,40.68,1.65,0.56,0.44
2022,63,33.64,17.09,8.76,0.0,39.47,2.26,0.56,0.43
2022,64,33.89,17.12,9.26,0.0,39.91,1.89,0.55,0.43
2022,65,34.03,18.53,11.04,0.0,43.95,1.84,0.55,0.43
2022,66,33.2,19.89,12.56,0.06,46.33,2.01,0.55,0.43
2022,67,33.4,19.62,13.23,0.08,47.05,1.78,0.55,0.42
2022,68,34.51,21.13,11.73,0.04,44.53,1.62,0.55,0.42
2022,69,32.61,19.79,10.96,0.01,42.44,1.94,0.54,0.42
2022,70,33.94,20.28,13.2,0.68,45.46,1.3,0.54,0.42
2022,71,33.88,19.83,13.33,0.08,47.34,1.6,0.54,0.42
2022,72,35.0,18.33,8.53,0.0,37.46,2.37,0.54,0.41
2022,73,35.92,17.61,3.36,0.0,27.11,2.06,0.54,0.4
2022,74,36.95,17.24,6.29,0.0,32.59,1.91,0.54,0.4
2022,75,37.9,18.45,7.02,0.0,31.02,2.04,0.53,0.39
2022,76,38.38,18.87,7.13,0.0,31.26,1.78,0.53,0.39
2022,77,38.48,21.33,7.53,0.0,31.03,1.48,0.53,0.38
2022,78,37.83,20.79,9.76,0.0,40.12,2.11,0.53,0.38
2022,79,36.4,18.99,11.22,0.0,45.84,2.17,0.53,0.38
2022,80,36.43,18.44,10.97,0.0,46.31,1.89,0.52,0.38
2022,81,37.72,19.26,8.0,0.0,33.38,2.05,0.52,0.37
2022,82,37.96,19.81,8.95,0.01,34.59,1.84,0.52,0.37
2022,83,37.11,19.84,10.39,0.04,40.61,2.16,0.52,0.37
2022,84,37.32,20.11,12.5,0.04,47.32,1.44,0.52,0.37
2022,85,37.94,20.35,13.01,0.0,48.13,1.84,0.52,0.36
2022,86,39.15,19.58,13.29,0.0,48.61,1.66,0.52,0.36
2022,87,39.32,19.81,13.36,0.0,48.76,2.08,0.51,0.35
2022,88,39.47,20.05,10.07,0.0,38.44,2.57,0.51,0.34
2022,89,38.98,21.59,7.51,0.0,30.23,2.49,0.51,0.33
2022,90,38.21,20.78,6.35,0.0,31.33,2.57,0.51,0.33
2022,91,39.11,19.24,3.1,0.0,25.37,2.31,0.51,0.32
2022,92,39.59,21.28,5.01,0.0,28.08,1.85,0.51,0.31
2022,93,40.02,18.85,7.71,0.0,35.11,1.82,0.51,0.3
2022,94,39.94,20.72,8.43,0.0,33.39,1.77,0.51,0.29
2022,95,40.4,20.45,11.71,0.01,46.19,1.94,0.5,0.28
2022,96,40.32,20.52,13.61,0.04,49.51,1.8,0.5,0.28
2022,97,40.42,21.83,10.37,0.0,36.11,2.03,0.5,0.27
2022,98,39.96,22.51,8.06,0.39,29.15,1.78,0.5,0.27
2022,99,37.51,22.58,13.48,0.28,45.47,2.41,0.5,0.28
2022,100,36.41,21.28,15.28,0.01,53.5,2.19,0.5,0.28
2022,101,38.91,21.52,12.12,0.01,39.75,2.14,0.5,0.28
2022,102,39.43,22.91,11.31,0.0,35.42,1.47,0.5,0.27
2022,103,38.42,24.34,9.5,0.0,29.76,1.53,0.5,0.26
2022,104,36.06,23.71,10.52,0.0,35.85,2.13,0.5,0.26
2022,105,36.38,21.77,14.6,0.0,54.16,2.59,0.5,0.26
2022,106,38.33,19.85,12.23,0.0,48.85,2.42,0.5,0.26
2022,107,39.28,19.55,12.09,0.02,50.19,2.17,0.5,0.25
2022,108,39.1,20.69,13.91,0.0,50.57,2.47,0.5,0.24
2022,109,35.52,20.7,14.76,0.0,52.42,2.82,0.5,0.24
2022,110,37.64,21.38,14.22,0.0,49.36,2.6,0.5,0.24
2022,111,38.81,24.01,10.2,0.0,30.29,2.2,0.5,0.24
2022,112,39.56,24.61,12.31,6.3,33.74,2.08,0.5,0.26
2022,113,35.77,23.57,17.97,1.61,55.03,1.6,0.5,0.45
2022,114,36.06,23.18,15.1,0.11,49.0,1.71,0.5,0.4
2022,115,38.91,21.52,13.75,0.0,45.56,1.95,0.5,0.37
2022,116,39.02,22.57,11.84,0.85,37.55,1.77,0.5,0.35
2022,117,40.72,23.57,9.52,0.0,29.37,2.3,0.5,0.32
2022,118,41.0,24.5,10.57,0.0,29.64,2.54,0.5,0.29
2022,119,39.44,23.37,14.37,0.01,42.85,2.55,0.5,0.27
2022,120,39.25,22.67,11.99,0.0,40.44,2.99,0.5,0.26
2022,121,38.08,21.09,15.77,0.0,55.03,3.27,0.49,0.25
2022,122,36.22,21.29,16.56,0.0,58.85,2.77,0.49,0.25
2022,123,33.49,22.19,18.39,0.0,63.76,2.67,0.49,0.25
2022,124,38.48,21.91,15.8,0.0,54.02,2.54,0.49,0.24
2022,125,38.81,21.71,16.06,0.0,52.77,3.33,0.49,0.24
2022,126,39.3,21.39,16.37,0.0,53.92,3.06,0.49,0.23
2022,127,38.87,22.91,17.03,0.0,54.97,3.64,0.49,0.23
2022,128,40.74,22.5,15.63,0.0,50.11,3.1,0.49,0.22
2022,129,39.19,23.41,16.69,0.0,52.46,4.39,0.49,0.22
2022,130,37.15,23.25,18.66,0.0,61.8,4.67,0.49,0.21
2022,131,38.77,23.32,19.66,0.0,63.19,4.05,0.49,0.21
2022,132,37.13,24.11,20.36,0.01,63.7,4.2,0.49,0.21
2022,133,35.53,23.75,19.25,0.0,61.62,4.42,0.49,0.21
2022,134,37.3,23.6,19.06,0.01,60.54,4.52,0.49,0.21
2022,135,37.1,23.37,19.18,0.0,60.77,4.28,0.49,0.21
2022,136,39.3,23.61,19.08,0.01,58.59,3.59,0.49,0.21
2022,137,37.22,23.82,19.64,0.02,60.73,3.14,0.49,0.21
2022,138,35.22,23.91,19.11,0.0,61.1,3.26,0.49,0.2
2022,139,35.86,24.12,18.37,2.31,59.91,2.7,0.49,0.23
2022,140,32.84,23.27,19.12,0.98,65.63,3.6,0.49,0.31
2022,141,33.7,22.67,19.8,0.07,68.54,4.88,0.49,0.3
2022,142,33.72,22.71,20.16,0.06,69.67,5.42,0.49,0.29
2022,143,33.87,23.32,21.08,0.95,71.1,5.05,0.49,0.29
2022,144,34.89,23.71,20.64,0.64,68.23,4.49,0.49,0.32
2022,145,35.71,22.83,18.91,0.11,63.19,3.78,0.49,0.3
2022,146,35.56,21.5,17.9,0.0,60.37,3.96,0.49,0.29
2022,147,34.98,22.62,18.48,0.0,60.43,4.55,0.49,0.27
2022,148,35.06,22.68,18.72,0.0,60.28,4.45,0.49,0.26
2022,149,34.52,23.12,18.83,0.0,61.35,4.64,0.49,0.26
2022,150,35.85,22.36,18.97,0.0,62.37,4.41,0.49,0.25
2022,151,36.03,22.81,19.03,2.17,62.01,4.33,0.49,0.26
2022,152,35.04,22.41,19.32,2.79,63.34,3.31,0.5,0.39
2022,153,35.43,23.37,18.37,0.04,60.0,4.08,0.5,0.37
2022,154,36.24,23.17,18.55,0.02,60.4,4.25,0.49,0.34
2022,155,35.59,22.88,18.35,0.01,59.74,3.87,0.49,0.31
2022,156,37.14,23.11,18.8,2.12,60.68,3.55,0.49,0.31
2022,157,34.13,22.65,19.36,2.65,64.64,3.54,0.5,0.42
2022,158,33.69,23.35,19.64,0.1,64.67,3.81,0.5,0.38
2022,159,33.86,23.41,20.39,0.14,67.58,3.8,0.5,0.36
2022,160,33.88,23.52,20.59,1.32,68.82,3.14,0.5,0.36
2022,161,32.99,23.63,21.33,9.37,74.06,3.19,0.5,0.46
2022,162,29.5,22.58,21.64,13.7,82.24,3.79,0.51,0.64
2022,163,30.74,22.33,20.62,3.16,76.54,3.85,0.52,0.55
2022,164,32.24,21.61,20.08,0.92,72.12,3.39,0.51,0.5
2022,165,33.27,22.5,19.28,0.26,67.12,3.39,0.51,0.47
2022,166,31.9,22.74,20.98,1.78,74.37,4.06,0.51,0.48
2022,167,31.13,23.17,21.26,5.65,77.15,3.73,0.51,0.53
2022,168,30.67,22.75,21.05,3.68,77.13,3.31,0.52,0.52
2022,169,31.32,21.33,20.35,3.03,74.4,3.48,0.52,0.5
2022,170,30.06,22.98,21.89,16.32,81.28,4.53,0.52,0.6
2022,171,29.87,23.09,21.8,9.69,81.61,4.82,0.53,0.62
2022,172,28.9,23.08,21.89,6.85,83.45,4.71,0.54,0.61
2022,173,28.76,22.9,22.11,11.24,83.31,3.19,0.55,0.64
2022,174,30.37,21.58,20.78,13.46,78.95,1.75,0.55,0.65
2022,175,28.31,22.0,21.61,11.14,86.16,2.83,0.57,0.69
2022,176,26.53,22.0,22.65,9.82,91.41,4.01,0.57,0.66
2022,177,27.98,22.22,22.41,15.06,88.86,3.62,0.59,0.73
2022,178,27.62,22.19,21.81,13.7,86.25,4.26,0.6,0.71
2022,179,28.4,22.6,21.85,9.09,84.11,4.08,0.6,0.69
2022,180,28.75,22.78,22.43,20.41,86.89,4.51,0.61,0.75
2022,181,26.23,22.5,21.83,28.71,87.92,4.29,0.63,0.81
2022,182,27.38,22.36,22.17,33.1,88.76,4.17,0.65,0.85
2022,183,27.78,22.68,22.11,17.97,86.91,4.99,0.67,0.8
2022,184,28.43,22.84,22.06,13.19,86.08,5.25,0.68,0.78
2022,185,25.62,23.14,22.61,41.88,91.92,5.41,0.7,0.86
2022,186,25.53,22.45,22.26,61.67,92.13,5.52,0.73,0.94
2022,187,27.03,22.37,22.32,55.4,90.07,5.38,0.78,0.95
2022,188,25.41,22.22,22.04,36.87,91.74,5.38,0.8,0.92
2022,189,24.81,22.32,22.26,48.67,93.76,5.99,0.83,0.96
2022,190,25.49,22.47,22.11,33.7,92.05,6.18,0.85,0.93
2022,191,23.82,22.42,22.06,41.09,94.61,5.88,0.88,0.96
2022,192,24.1,21.95,22.14,63.9,94.98,6.3,0.91,0.98
2022,193,23.74,21.96,21.71,60.15,94.79,6.48,0.93,0.98
2022,194,23.85,21.7,21.82,78.23,95.44,7.11,0.95,0.99
2022,195,23.27,21.99,21.75,81.98,95.35,6.26,0.96,0.99
2022,196,24.1,21.77,21.77,31.37,93.61,6.36,0.97,0.98
2022,197,26.16,21.78,22.29,27.59,92.63,6.21,0.97,0.97
2022,198,26.82,22.09,22.49,14.72,91.97,5.07,0.97,0.96
2022,199,24.26,21.68,21.72,14.52,94.22,4.37,0.97,0.96
2022,200,26.48,21.65,22.06,14.54,91.77,4.82,0.97,0.96
2022,201,26.7,21.49,21.86,9.52,91.13,4.56,0.97,0.95
2022,202,26.19,21.43,21.82,8.5,91.88,3.98,0.96,0.95
2022,203,25.57,21.46,21.65,6.07,92.02,3.63,0.96,0.94
2022,204,25.95,21.59,22.08,17.64,92.97,4.58,0.96,0.95
2022,205,25.61,21.87,21.93,16.73,91.95,4.79,0.96,0.96
2022,206,26.26,21.31,21.53,11.58,91.24,4.06,0.96,0.95
2022,207,26.94,20.96,21.61,4.9,90.46,3.05,0.96,0.94
2022,208,27.84,21.02,21.85,12.17,88.82,1.83,0.96,0.94
2022,209,27.0,21.47,22.0,19.51,89.59,1.63,0.96,0.95
2022,210,27.78,22.11,22.62,4.42,90.32,1.3,0.96,0.94
2022,211,27.02,22.01,22.56,3.3,91.48,2.1,0.96,0.94
2022,212,27.26,21.49,22.21,2.73,90.45,2.44,0.96,0.93
2022,213,27.53,21.19,22.02,0.98,89.45,2.91,0.95,0.92
2022,214,27.05,21.47,22.07,3.5,91.08,2.65,0.95,0.92
2022,215,26.9,21.64,22.48,13.01,92.64,2.6,0.95,0.94
2022,216,26.79,21.79,22.38,14.99,91.75,2.41,0.95,0.94
2022,217,27.37,21.69,22.4,13.22,91.69,3.01,0.96,0.95
2022,218,26.48,21.74,21.75,19.67,90.57,4.06,0.96,0.95
2022,219,25.28,21.79,22.48,36.61,95.03,4.52,0.96,0.97
2022,220,24.29,22.09,22.47,51.92,96.02,5.51,0.98,0.99
2022,221,24.83,21.45,21.97,55.66,94.63,6.6,0.98,0.99
2022,222,25.05,21.84,22.04,37.21,94.3,7.36,0.98,0.99
2022,223,24.71,21.93,21.94,34.88,94.26,7.55,0.99,0.99
2022,224,25.07,21.72,21.78,21.6,92.71,7.11,0.98,0.98
2022,225,25.28,21.57,21.74,18.25,92.51,5.79,0.98,0.97
2022,226,25.67,21.02,21.36,12.84,92.13,5.59,0.98,0.96
2022,227,23.3,20.66,21.1,26.02,95.25,4.88,0.98,0.97
2022,228,23.56,20.99,21.19,22.92,94.39,5.53,0.98,0.98
2022,229,25.14,21.4,21.65,16.4,92.92,5.29,0.98,0.97
2022,230,25.77,21.05,21.57,10.63,92.44,4.35,0.98,0.96
2022,231,26.45,20.99,21.79,10.11,92.09,4.28,0.98,0.96
2022,232,26.41,21.43,21.75,9.55,91.83,4.42,0.97,0.95
2022,233,25.51,21.24,21.48,7.61,92.69,4.42,0.97,0.95
2022,234,25.68,21.35,21.68,13.38,92.36,5.12,0.97,0.95
2022,235,26.66,21.72,22.11,14.47,91.77,4.87,0.97,0.95
2022,236,26.38,21.16,21.67,9.03,90.85,3.95,0.97,0.95
2022,237,26.77,20.95,21.52,4.66,91.21,2.97,0.97,0.94
2022,238,26.68,20.03,21.25,1.34,90.24,2.19,0.96,0.93
2022,239,26.23,20.12,20.9,0.24,89.45,2.18,0.96,0.92
2022,240,26.66,20.03,20.96,0.4,89.33,2.12,0.95,0.92
2022,241,27.52,20.34,20.9,0.34,86.7,1.76,0.95,0.91
2022,242,28.92,20.55,21.94,5.07,88.22,1.53,0.94,0.91
2022,243,28.75,22.04,23.13,15.17,90.63,1.81,0.94,0.93
2022,244,27.03,22.56,22.99,6.36,92.36,1.61,0.95,0.93
2022,245,29.03,21.25,22.47,2.08,86.22,0.89,0.95,0.92
2022,246,29.62,21.06,22.69,5.38,87.24,1.73,0.94,0.92
2022,247,27.25,21.74,22.52,5.58,91.02,1.86,0.94,0.92
2022,248,26.87,21.87,22.39,5.57,91.41,1.97,0.94,0.92
2022,249,27.61,21.24,21.9,10.69,88.84,1.41,0.94,0.92
2022,250,28.08,21.39,22.39,13.17,90.37,1.26,0.94,0.93
2022,251,27.37,22.14,22.27,47.46,88.74,1.04,0.96,0.97
2022,252,27.57,21.99,22.53,9.34,90.0,1.67,0.96,0.94
2022,253,27.98,21.68,22.44,7.54,89.5,0.6,0.96,0.94
2022,254,27.92,22.13,22.81,23.9,91.92,2.02,0.96,0.95
2022,255,25.03,21.92,22.24,27.18,95.46,3.37,0.97,0.97
2022,256,26.15,22.08,22.28,23.45,93.25,4.63,0.98,0.97
2022,257,25.89,21.8,22.01,19.98,92.98,4.65,0.98,0.97
2022,258,26.07,22.03,22.41,32.29,93.5,5.49,0.98,0.98
2022,259,24.38,22.07,22.32,39.53,95.59,4.69,0.98,0.99
2022,260,26.56,21.49,22.06,21.65,92.53,3.55,0.99,0.98
2022,261,26.2,20.11,21.24,18.1,91.79,2.71,0.98,0.97
2022,262,25.4,19.35,20.27,7.98,91.04,2.61,0.98,0.96
2022,263,24.63,19.44,20.34,6.85,92.8,2.48,0.98,0.96
2022,264,24.01,19.82,20.34,2.54,93.48,2.45,0.98,0.95
2022,265,24.02,19.28,19.93,2.35,92.71,2.33,0.97,0.95
2022,266,24.38,19.09,20.43,5.64,92.98,2.6,0.97,0.95
2022,267,25.95,19.46,20.69,3.51,91.28,2.47,0.97,0.94
2022,268,27.09,19.64,21.04,4.31,90.65,2.03,0.96,0.93
2022,269,24.81,19.54,20.65,3.64,92.15,1.84,0.96,0.93
2022,270,27.52,20.12,21.03,1.35,90.26,1.64,0.96,0.92
2022,271,26.23,20.12,21.24,1.49,92.09,2.09,0.96,0.92
2022,272,26.6,20.78,21.5,9.11,91.9,2.0,0.95,0.93
2022,273,28.06,20.37,21.99,15.29,89.48,1.59,0.96,0.94
2022,274,27.23,21.33,22.11,9.24,91.2,2.01,0.96,0.94
2022,275,26.65,20.17,21.12,5.55,90.24,1.88,0.96,0.93
2022,276,26.87,19.73,20.74,0.57,89.59,1.9,0.95,0.92
2022,277,28.04,19.32,21.06,1.83,88.07,1.8,0.95,0.92
2022,278,26.79,20.77,21.36,1.75,89.67,2.17,0.95,0.91
2022,279,24.32,19.04,20.1,9.27,90.21,2.02,0.94,0.92
2022,280,25.3,21.18,21.63,30.66,94.12,3.68,0.95,0.96
2022,281,25.93,20.72,21.36,8.37,92.5,3.34,0.96,0.94
2022,282,28.05,19.34,20.78,0.21,86.81,1.3,0.96,0.92
2022,283,28.33,20.69,22.09,3.17,89.62,1.47,0.95,0.92
2022,284,27.45,21.52,22.39,12.95,90.91,1.48,0.95,0.94
2022,285,25.38,21.96,22.5,13.42,95.15,1.11,0.96,0.94
2022,286,26.21,20.2,21.12,7.38,90.07,2.25,0.96,0.93
2022,287,26.75,20.51,21.54,34.28,91.15,2.13,0.96,0.97
2022,288,27.28,19.9,20.73,4.76,87.66,2.69,0.97,0.94
2022,289,28.0,17.1,19.91,0.91,85.38,2.67,0.96,0.93
2022,290,27.68,21.49,22.54,24.58,89.94,1.71,0.96,0.96
2022,291,25.09,20.82,21.98,24.22,94.15,1.19,0.98,0.97
2022,292,28.03,20.02,21.49,4.18,88.64,0.93,0.98,0.95
2022,293,27.76,20.69,21.31,4.27,88.15,1.49,0.97,0.95
2022,294,26.57,21.29,21.92,12.67,91.54,1.65,0.97,0.96
2022,295,25.16,17.56,19.03,0.11,85.48,2.62,0.97,0.94
2022,296,25.09,15.32,15.48,0.0,78.91,2.65,0.97,0.93
2022,297,25.83,14.48,14.82,0.0,72.74,1.54,0.96,0.92
2022,298,26.29,15.19,14.28,0.0,69.13,1.2,0.96,0.92
2022,299,26.09,13.76,15.01,0.0,76.26,1.65,0.95,0.91
2022,300,25.76,14.34,15.14,0.0,77.22,1.93,0.95,0.91
2022,301,25.12,14.55,14.3,0.0,76.26,2.14,0.94,0.9
2022,302,25.47,13.09,13.85,0.0,75.13,2.5,0.93,0.9
2022,303,26.05,14.05,15.41,0.0,79.4,2.46,0.93,0.89
2022,304,25.97,14.51,16.15,0.0,81.59,2.23,0.92,0.89
2022,305,25.34,14.61,15.62,0.0,80.96,2.13,0.92,0.88
2022,306,27.12,14.71,16.7,0.0,81.07,2.18,0.91,0.88
2022,307,26.3,14.76,15.3,0.0,77.89,2.51,0.91,0.88
2022,308,26.69,13.85,14.91,0.0,76.32,2.1,0.9,0.87
2022,309,27.23,14.69,14.81,0.0,73.19,2.32,0.9,0.87
2022,310,27.21,14.2,13.87,0.0,70.24,2.07,0.89,0.86
2022,311,26.66,15.24,14.76,0.0,71.17,1.68,0.89,0.86
2022,312,27.12,15.85,16.26,0.0,75.39,1.6,0.88,0.86
2022,313,27.1,15.55,16.47,0.0,78.23,1.51,0.88,0.85
2022,314,25.83,14.53,15.59,0.0,79.63,2.78,0.88,0.85
2022,315,25.81,13.82,15.52,0.0,80.85,2.96,0.87,0.85
2022,316,26.16,15.47,16.82,0.0,83.8,2.85,0.87,0.84
2022,317,26.17,15.17,16.0,0.0,80.57,2.44,0.86,0.84
2022,318,27.34,14.92,17.0,0.0,81.42,1.76,0.86,0.84
2022,319,26.74,15.82,16.29,0.0,79.07,1.61,0.85,0.84
2022,320,25.33,13.83,14.73,0.0,78.71,1.64,0.85,0.83
2022,321,25.1,12.62,13.94,0.0,78.63,2.19,0.85,0.83
2022,322,24.67,12.64,13.68,0.0,78.57,2.39,0.84,0.83
2022,323,24.32,13.05,13.24,0.0,77.6,2.65,0.84,0.82
2022,324,23.25,10.67,11.13,0.0,74.98,2.53,0.83,0.82
2022,325,24.42,10.4,11.06,0.0,71.88,1.83,0.83,0.81
2022,326,25.86,12.67,14.87,0.0,77.79,1.87,0.82,0.81
2022,327,26.76,16.8,17.45,0.0,82.06,1.9,0.82,0.81
2022,328,27.72,15.81,17.5,0.0,80.64,1.7,0.82,0.8
2022,329,27.32,16.91,18.82,0.11,84.25,1.87,0.81,0.8
2022,330,27.67,17.42,18.59,0.07,83.86,1.73,0.81,0.8
2022,331,27.0,16.18,17.63,0.0,82.03,1.51,0.81,0.8
2022,332,27.79,16.4,17.25,0.0,79.48,1.13,0.8,0.79
2022,333,27.63,14.31,15.38,0.0,75.11,1.33,0.8,0.79
2022,334,25.87,14.95,14.67,0.0,76.38,2.01,0.8,0.79
2022,335,25.84,13.44,12.96,0.0,70.97,2.11,0.79,0.78
2022,336,26.9,12.74,13.78,0.0,70.78,1.45,0.79,0.78
2022,337,27.21,15.3,16.72,0.0,77.6,1.51,0.79,0.78
2022,338,27.11,18.24,19.09,0.0,82.96,1.51,0.78,0.78
2022,339,26.8,18.59,18.76,0.0,82.99,1.78,0.78,0.78
2022,340,26.59,16.14,16.48,0.0,77.83,2.11,0.78,0.77
2022,341,26.32,15.28,16.36,0.0,81.28,1.95,0.77,0.77
2022,342,25.02,12.97,13.12,0.0,76.08,2.47,0.77,0.76
2022,343,24.39,10.15,9.47,0.0,66.33,3.01,0.77,0.76
2022,344,26.5,11.86,12.59,0.0,71.23,2.19,0.76,0.75
2022,345,27.58,16.15,17.74,0.1,81.03,2.08,0.76,0.75
2022,346,26.96,18.39,19.37,0.02,85.37,2.19,0.76,0.75
2022,347,26.85,18.47,18.99,0.01,85.57,2.66,0.75,0.75
2022,348,27.19,18.44,19.21,0.51,84.31,2.4,0.75,0.75
2022,349,27.61,18.81,19.32,0.12,83.51,1.82,0.75,0.75
2022,350,28.21,19.01,19.0,0.01,80.57,2.07,0.74,0.74
2022,351,28.28,18.25,18.54,0.0,79.88,1.95,0.74,0.74
2022,352,27.53,17.32,17.25,0.0,78.64,2.17,0.74,0.73
2022,353,26.68,14.63,13.7,0.0,71.14,2.13,0.73,0.73
2022,354,27.41,13.29,12.38,0.0,66.45,1.93,0.73,0.72
2022,355,27.76,13.86,13.44,0.0,67.87,2.04,0.72,0.72
2022,356,27.63,13.8,13.07,0.0,66.06,1.8,0.72,0.71
2022,357,27.89,13.62,13.62,0.0,70.07,1.53,0.72,0.71
2022,358,27.51,13.85,11.57,0.0,62.81,1.24,0.71,0.71
2022,359,27.25,12.01,12.39,0.0,66.0,1.32,0.71,0.7
2022,360,27.73,12.29,14.9,0.0,74.78,1.72,0.71,0.7
2022,361,27.89,15.25,17.05,0.0,79.39,1.66,0.7,0.7
2022,362,28.62,15.26,15.05,0.0,69.39,1.31,0.7,0.69
2022,363,27.85,13.99,13.77,0.0,66.87,1.32,0.7,0.69
2022,364,27.65,13.8,12.72,0.0,63.87,1.35,0.69,0.69
2022,365,27.48,12.78,11.76,0.0,65.49,1.47,0.69,0.68
2023,1,27.07,11.18,10.97,0.0,64.42,1.39,0.69,0.68
2023,2,27.64,12.13,11.6,0.0,65.4,1.95,0.68,0.68
2023,3,27.21,12.08,11.97,0.0,66.97,1.76,0.68,0.67
2023,4,26.52,12.42,12.47,0.0,67.0,1.73,0.68,0.67
2023,5,26.93,14.51,15.27,0.0,76.19,2.58,0.68,0.67
2023,6,26.28,16.33,16.55,0.0,79.36,2.84,0.67,0.67
2023,7,26.4,15.41,15.57,0.0,77.07,2.56,0.67,0.66
2023,8,25.91,13.06,12.03,0.0,68.71,2.19,0.67,0.66
2023,9,26.1,10.52,7.26,0.0,54.17,2.06,0.66,0.65
2023,10,26.82,9.93,6.33,0.0,50.62,2.12,0.66,0.65
2023,11,27.58,10.45,7.46,0.0,52.59,1.62,0.66,0.64
2023,12,26.85,12.33,6.56,0.0,49.16,1.34,0.65,0.64
2023,13,25.38,9.58,9.69,0.0,68.05,1.44,0.65,0.64
2023,14,26.33,8.87,9.29,0.0,67.07,1.67,0.65,0.63
2023,15,27.58,9.78,9.2,0.0,62.33,1.67,0.65,0.63
2023,16,26.92,12.85,9.16,0.0,58.05,1.32,0.64,0.63
2023,17,27.88,11.73,9.2,0.0,57.32,1.39,0.64,0.62
2023,18,28.42,11.64,9.13,0.0,54.3,1.3,0.64,0.62
2023,19,28.65,11.61,10.19,0.0,56.03,1.66,0.63,0.62
2023,20,28.09,14.59,10.84,0.0,58.38,1.34,0.63,0.61
2023,21,27.67,11.92,11.57,0.0,67.36,1.41,0.63,0.61
2023,22,27.32,12.52,11.25,0.0,67.64,1.54,0.62,0.61
2023,23,27.32,12.4,10.36,0.0,63.98,1.43,0.62,0.6
2023,24,25.63,11.95,10.66,0.01,67.42,1.59,0.62,0.6
2023,25,26.37,12.15,11.88,0.06,69.26,1.4,0.62,0.6
2023,26,27.63,14.39,14.86,0.02,73.66,1.69,0.61,0.6
2023,27,29.52,16.73,13.6,0.0,63.71,2.35,0.61,0.59
2023,28,29.81,13.62,10.83,0.0,55.1,2.06,0.61,0.58
2023,29,28.17,15.34,15.33,0.0,75.7,1.66,0.61,0.58
2023,30,28.44,15.6,15.64,0.0,75.73,1.55,0.6,0.58
2023,31,28.91,14.75,13.12,0.0,64.69,2.42,0.6,0.57
2023,32,28.25,15.14,13.26,0.0,63.99,2.84,0.6,0.56
2023,33,28.85,14.86,11.76,0.0,59.23,2.83,0.6,0.55
2023,34,28.91,12.75,6.4,0.0,43.51,2.24,0.59,0.54
2023,35,30.18,11.99,6.57,0.0,42.78,1.6,0.59,0.54
2023,36,30.81,12.57,7.33,0.0,45.52,1.56,0.59,0.53
2023,37,30.32,14.89,6.59,0.0,42.14,1.66,0.59,0.52
2023,38,30.43,11.45,6.31,0.0,44.98,1.44,0.58,0.51
2023,39,32.07,12.79,6.54,0.0,41.86,2.11,0.58,0.5
2023,40,32.76,13.46,6.07,0.0,39.14,2.11,0.58,0.49
2023,41,32.52,13.72,5.64,0.0,37.87,1.8,0.57,0.49
2023,42,32.99,13.75,4.17,0.0,35.84,1.73,0.57,0.48
2023,43,33.07,13.59,4.26,0.0,35.5,2.82,0.57,0.47
2023,44,32.9,14.72,3.24,0.0,31.4,3.07,0.57,0.46
2023,45,33.34,13.5,1.24,0.0,27.88,2.52,0.56,0.46
2023,46,33.5,12.85,1.02,0.0,28.23,2.46,0.56,0.45
2023,47,34.43,13.86,2.15,0.0,28.85,2.57,0.56,0.45
2023,48,34.39,14.32,3.13,0.0,29.87,2.74,0.56,0.44
2023,49,33.99,14.47,2.88,0.0,29.51,2.72,0.55,0.44
2023,50,34.61,14.16,3.02,0.0,29.76,2.69,0.55,0.43
2023,51,34.0,14.31,3.61,0.0,31.7,1.56,0.55,0.43
2023,52,34.57,16.37,3.82,0.0,31.44,1.37,0.55,0.43
2023,53,34.64,14.56,4.32,0.0,34.06,1.62,0.55,0.42
2023,54,34.54,14.69,3.14,0.0,30.43,1.67,0.54,0.42
2023,55,34.58,14.07,1.76,0.0,26.83,2.19,0.54,0.41
2023,56,34.19,14.01,3.2,0.0,29.55,1.78,0.54,0.41
2023,57,34.2,14.83,3.49,0.0,30.25,1.83,0.54,0.41
2023,58,34.5,14.46,3.04,0.0,29.1,1.96,0.54,0.4
2023,59,33.59,15.62,5.83,0.0,33.61,1.45,0.53,0.4
2023,60,33.63,16.17,6.54,0.0,34.46,1.66,0.53,0.4
2023,61,33.94,16.91,7.78,0.0,34.85,2.08,0.53,0.4
2023,62,34.31,17.36,8.26,0.0,35.2,2.07,0.53,0.4
2023,63,34.42,19.25,9.67,0.0,37.73,1.7,0.53,0.4
2023,64,33.91,19.45,10.05,0.0,39.73,1.38,0.53,0.4
2023,65,34.03,18.68,9.9,0.21,39.31,2.03,0.52,0.4
2023,66,32.42,18.98,9.46,1.35,40.3,2.52,0.52,0.42
2023,67,33.47,18.17,8.86,0.03,37.95,1.95,0.52,0.41
2023,68,33.43,18.92,9.08,0.0,38.43,2.14,0.52,0.4
2023,69,33.63,17.22,7.73,0.0,35.85,1.85,0.52,0.39
2023,70,34.38,18.17,8.92,0.0,36.2,2.17,0.52,0.38
2023,71,34.68,19.74,9.46,0.0,35.34,2.06,0.52,0.38
2023,72,34.15,19.63,9.33,0.0,35.48,2.0,0.52,0.38
2023,73,33.85,20.66,10.13,0.0,37.07,1.36,0.51,0.37
2023,74,33.61,20.53,10.68,0.67,41.05,1.59,0.51,0.38
2023,75,31.53,18.84,13.6,2.29,51.48,1.49,0.51,0.41
2023,76,30.75,17.94,14.73,1.09,59.47,1.56,0.51,0.46
2023,77,31.25,17.87,13.36,0.35,55.44,1.85,0.51,0.43
2023,78,30.82,17.42,12.8,0.36,58.48,2.26,0.51,0.42
2023,79,30.12,15.96,13.3,0.76,64.67,2.49,0.51,0.43
2023,80,28.5,16.81,15.33,4.72,70.36,2.24,0.51,0.48
2023,81,31.25,16.27,13.47,0.01,63.48,2.32,0.51,0.44
2023,82,30.65,14.99,13.53,0.0,64.02,2.66,0.51,0.42
2023,83,33.21,16.45,13.43,0.0,61.25,2.48,0.51,0.41
2023,84,33.6,14.53,9.64,0.0,51.5,2.38,0.51,0.39
2023,85,33.26,14.42,7.99,0.0,48.55,2.41,0.51,0.38
2023,86,34.07,15.05,11.25,0.0,59.53,2.28,0.51,0.37
2023,87,34.58,15.71,11.52,0.0,57.19,2.01,0.51,0.36
2023,88,36.2,15.7,11.0,0.0,55.21,2.42,0.5,0.35
2023,89,33.75,16.02,12.94,0.0,60.25,2.58,0.5,0.34
2023,90,31.69,17.62,14.7,0.0,62.97,2.86,0.5,0.33
2023,91,34.37,16.14,7.83,0.0,46.02,2.16,0.5,0.32
2023,92,34.57,16.9,13.03,0.0,58.9,2.45,0.5,0.31
2023,93,35.41,16.24,11.34,0.0,56.37,2.21,0.5,0.3
2023,94,36.49,17.05,12.24,0.0,52.79,2.26,0.5,0.29
2023,95,37.84,18.95,10.55,0.0,42.46,2.21,0.5,0.28
2023,96,36.77,19.63,11.31,0.57,40.75,1.95,0.5,0.28
2023,97,35.34,22.55,12.26,1.34,38.98,1.87,0.5,0.31
2023,98,34.46,22.93,15.07,0.57,45.43,1.95,0.5,0.32
2023,99,35.92,22.25,15.98,2.07,48.68,1.6,0.5,0.35
2023,100,38.09,21.89,13.22,0.05,40.98,2.19,0.5,0.36
2023,101,38.45,21.82,13.14,0.01,38.64,2.05,0.5,0.33
2023,102,37.57,24.62,13.75,0.51,37.54,1.6,0.5,0.31
2023,103,35.71,26.06,13.2,0.03,35.98,1.59,0.5,0.3
2023,104,34.03,24.14,15.73,8.04,50.13,1.69,0.5,0.46
2023,105,35.15,21.32,16.12,0.85,52.14,2.13,0.5,0.46
2023,106,37.21,23.02,15.19,2.29,47.4,1.5,0.5,0.46
2023,107,37.17,22.63,13.15,0.0,42.42,1.64,0.5,0.41
2023,108,39.33,22.89,12.41,0.0,35.19,1.6,0.5,0.37
2023,109,39.83,23.24,11.26,0.01,32.41,2.28,0.5,0.33
2023,110,38.29,22.17,12.16,1.48,38.63,2.32,0.5,0.35
2023,111,37.24,19.71,12.33,0.29,44.96,2.58,0.5,0.33
2023,112,35.15,18.37,13.77,0.0,54.58,2.95,0.5,0.31
2023,113,36.33,18.46,14.04,0.0,54.39,2.87,0.5,0.29
2023,114,36.95,20.91,10.45,0.0,37.74,1.91,0.5,0.27
2023,115,38.28,21.48,6.91,0.0,30.2,2.57,0.49,0.26
2023,116,33.97,20.5,15.83,0.01,57.62,2.65,0.49,0.25
2023,117,36.05,20.38,15.77,0.18,54.1,2.26,0.49,0.25
2023,118,35.52,22.15,16.84,0.45,54.63,2.28,0.49,0.25
2023,119,34.55,20.79,16.76,2.55,57.0,2.45,0.49,0.3
2023,120,34.77,19.17,14.08,0.02,53.83,2.88,0.5,0.33
2023,121,34.82,19.63,12.51,0.01,50.56,2.88,0.5,0.31
2023,122,34.99,17.79,13.54,0.55,54.56,2.46,0.49,0.3
2023,123,34.67,20.68,16.86,0.58,61.26,2.86,0.49,0.3
2023,124,35.14,19.72,16.21,0.71,57.14,2.27,0.49,0.31
2023,125,35.71,20.98,16.57,0.01,55.5,2.37,0.49,0.29
2023,126,35.43,22.14,17.63,0.03,56.33,2.72,0.49,0.28
2023,127,34.38,22.77,18.96,1.9,62.64,2.39,0.49,0.3
2023,128,34.26,23.04,19.15,2.77,60.72,1.57,0.5,0.37
2023,129,35.5,23.38,19.65,3.08,61.47,1.85,0.5,0.44
2023,130,39.08,22.46,16.81,0.4,50.21,1.9,0.5,0.42
2023,131,40.32,23.08,13.25,0.0,41.03,2.03,0.5,0.36
2023,132,39.34,21.9,16.4,0.0,51.75,2.76,0.49,0.32
2023,133,38.61,22.63,17.18,0.0,53.63,3.22,0.49,0.29
2023,134,37.2,22.85,16.98,0.0,55.19,3.66,0.49,0.27
2023,135,36.12,22.1,17.77,0.0,59.39,3.58,0.49,0.26
2023,136,35.52,22.37,18.69,0.0,62.79,3.31,0.49,0.25
2023,137,38.0,22.12,17.41,0.0,56.33,3.33,0.49,0.24
2023,138,38.73,21.78,16.12,0.0,51.44,3.08,0.49,0.23
2023,139,38.86,22.06,15.27,0.0,48.77,3.06,0.49,0.22
2023,140,37.71,22.2,17.35,0.0,55.34,3.08,0.49,0.22
2023,141,38.52,22.75,17.55,0.01,55.83,3.38,0.49,0.21
2023,142,39.15,22.27,15.77,0.16,50.45,3.23,0.49,0.21
2023,143,39.77,21.91,14.76,0.0,45.39,2.36,0.49,0.2
2023,144,37.44,22.45,15.56,0.0,50.19,3.33,0.49,0.2
2023,145,36.29,22.21,17.21,0.11,57.16,4.2,0.49,0.19
2023,146,34.79,22.85,18.9,2.27,62.18,4.24,0.49,0.27
2023,147,35.46,22.1,18.16,0.02,60.52,4.12,0.49,0.27
2023,148,37.02,22.84,18.41,0.07,58.93,3.96,0.49,0.26
2023,149,39.42,22.52,17.43,2.03,55.51,3.05,0.49,0.27
2023,150,37.51,22.72,16.78,2.74,54.23,2.8,0.5,0.38
2023,151,37.92,23.16,17.34,0.34,52.77,2.57,0.49,0.36
2023,152,37.72,22.58,17.03,0.87,53.39,2.95,0.49,0.34
2023,153,35.2,22.86,18.27,2.21,61.51,3.82,0.5,0.38
2023,154,33.7,22.6,19.93,0.14,67.17,3.59,0.49,0.36
2023,155,32.72,23.26,20.97,3.36,71.49,2.99,0.5,0.4
2023,156,32.64,23.1,20.23,4.27,71.16,2.87,0.5,0.51
2023,157,35.6,22.47,20.19,0.02,66.89,3.28,0.5,0.44
2023,158,35.61,23.24,19.47,0.03,63.66,3.56,0.5,0.4
2023,159,35.54,23.62,20.6,1.46,65.23,3.02,0.5,0.38
2023,160,33.12,23.78,21.61,3.38,71.77,3.17,0.5,0.46
2023,161,32.83,24.08,21.51,2.2,72.54,4.1,0.5,0.49
2023,162,33.46,23.82,20.27,0.23,66.91,4.98,0.5,0.45
2023,163,33.36,23.36,20.19,2.47,66.93,5.47,0.5,0.45
2023,164,32.79,22.9,20.82,1.69,70.79,5.38,0.5,0.44
2023,165,32.26,23.03,21.11,6.14,73.39,5.26,0.5,0.5
2023,166,32.46,23.12,21.53,1.66,74.77,5.36,0.5,0.48
2023,167,32.65,23.54,21.82,1.37,74.93,6.11,0.5,0.45
2023,168,32.31,23.89,21.94,1.11,76.03,5.63,0.5,0.46
2023,169,32.5,23.51,21.68,0.37,74.77,5.14,0.5,0.43
2023,170,32.73,23.52,21.49,0.08,73.77,4.38,0.5,0.42
2023,171,33.43,23.54,21.61,0.08,72.79,4.32,0.5,0.4
2023,172,31.21,23.79,21.28,0.22,74.03,3.92,0.5,0.39
2023,173,32.82,23.58,20.87,0.9,71.15,4.02,0.5,0.39
2023,174,32.77,23.08,20.94,1.42,72.15,3.95,0.5,0.39
2023,175,29.34,22.66,22.02,39.91,82.1,3.89,0.51,0.65
2023,176,28.04,22.21,21.44,33.15,83.48,3.57,0.55,0.79
2023,177,26.6,21.64,21.64,46.52,87.72,4.4,0.59,0.85
2023,178,25.21,20.98,21.12,38.73,89.01,4.14,0.61,0.85
2023,179,26.37,21.46,21.69,26.72,89.34,5.49,0.64,0.82
2023,180,26.62,21.51,20.56,16.77,84.87,5.53,0.66,0.81
2023,181,26.32,21.49,22.1,64.8,90.17,6.04,0.68,0.92
2023,182,26.27,22.18,22.0,24.84,89.49,5.29,0.71,0.87
2023,183,28.18,22.82,22.66,19.11,88.04,5.06,0.73,0.85
2023,184,27.85,23.41,23.26,27.65,90.18,4.21,0.74,0.87
2023,185,27.69,23.17,23.06,20.32,90.8,3.72,0.76,0.86
2023,186,28.22,22.46,22.39,10.79,89.44,4.08,0.77,0.83
2023,187,25.87,22.22,22.44,30.37,91.56,4.33,0.78,0.88
2023,188,27.27,23.25,22.88,38.2,90.99,6.47,0.8,0.9
2023,189,27.22,22.47,22.23,17.81,88.16,6.34,0.82,0.88
2023,190,27.44,22.24,22.03,8.16,88.9,5.62,0.82,0.85
2023,191,27.7,22.08,22.05,4.56,87.83,4.69,0.83,0.83
2023,192,27.78,21.67,21.91,3.32,87.6,4.23,0.82,0.82
2023,193,26.52,21.83,21.85,4.58,88.52,3.51,0.82,0.83
2023,194,25.98,21.29,21.21,12.12,87.7,3.62,0.82,0.85
2023,195,27.16,22.41,21.99,16.84,87.95,4.18,0.83,0.87
2023,196,27.36,22.17,22.19,9.22,88.38,4.54,0.84,0.86
2023,197,26.35,22.83,22.64,15.26,91.65,4.54,0.84,0.87
2023,198,26.12,22.82,22.49,31.63,90.93,5.02,0.86,0.91
2023,199,26.49,22.82,22.68,82.44,92.17,6.22,0.88,0.97
2023,200,25.3,22.16,22.42,94.4,93.23,6.04,0.91,0.98
2023,201,24.91,21.26,22.08,45.73,94.27,6.17,0.93,0.96
2023,202,24.55,20.67,21.54,42.9,93.97,5.26,0.94,0.96
2023,203,24.65,21.73,22.24,40.17,94.9,5.26,0.95,0.97
2023,204,25.77,21.77,22.64,38.31,93.18,6.1,0.95,0.97
2023,205,26.2,22.57,22.77,47.54,93.14,5.87,0.96,0.97
2023,206,24.44,22.62,22.57,44.66,95.26,5.1,0.96,0.98
2023,207,24.81,22.25,22.65,64.93,95.31,5.34,0.97,0.98
2023,208,24.34,22.34,22.46,58.67,95.41,5.84,0.97,0.98
2023,209,26.05,21.99,22.33,34.73,92.99,5.87,0.97,0.98
2023,210,25.91,21.59,22.07,18.67,92.5,5.43,0.97,0.97
2023,211,26.18,22.1,22.29,15.89,92.6,5.16,0.97,0.96
2023,212,26.14,22.62,22.6,17.48,92.84,5.61,0.97,0.96
2023,213,26.2,22.38,22.47,16.68,92.73,5.78,0.97,0.96
2023,214,25.21,21.59,21.91,6.12,93.6,5.62,0.96,0.95
2023,215,25.83,21.56,21.75,5.94,92.0,5.77,0.96,0.94
2023,216,26.63,21.63,21.98,11.05,91.3,5.75,0.96,0.94
2023,217,25.72,21.55,21.81,7.09,91.76,4.97,0.96,0.94
2023,218,26.66,21.49,21.75,5.75,90.64,5.07,0.96,0.93
2023,219,26.33,21.51,21.61,3.11,90.78,5.09,0.95,0.92
2023,220,26.38,21.6,21.63,3.51,90.47,4.7,0.95,0.92
2023,221,26.36,21.64,21.84,4.99,91.19,3.91,0.94,0.92
2023,222,26.87,21.25,21.66,5.51,91.09,3.55,0.94,0.92
2023,223,27.47,20.64,21.57,3.03,89.71,3.37,0.94,0.91
2023,224,26.89,20.6,21.31,4.51,89.82,3.73,0.93,0.91
2023,225,25.44,21.09,21.18,6.16,91.33,3.88,0.93,0.91
2023,226,26.28,21.09,21.22,2.77,89.89,3.9,0.93,0.9
2023,227,26.46,20.95,21.09,2.98,89.34,3.44,0.93,0.9
2023,228,27.05,20.73,21.27,3.69,89.38,3.17,0.92,0.9
2023,229,27.13,20.64,21.36,4.11,89.4,3.55,0.92,0.89
2023,230,26.22,21.12,21.3,3.4,90.83,3.55,0.92,0.89
2023,231,26.91,21.39,21.63,8.48,90.65,3.81,0.92,0.9
2023,232,26.51,21.24,21.65,8.48,89.97,3.98,0.92,0.9
2023,233,27.02,20.51,21.22,3.92,89.41,3.22,0.92,0.89
2023,234,26.92,20.28,21.3,6.1,89.84,3.03,0.91,0.89
2023,235,26.13,20.9,21.44,3.85,90.59,3.2,0.91,0.89
2023,236,26.98,20.96,21.69,9.84,89.63,3.71,0.91,0.9
2023,237,27.36,21.65,22.29,14.53,90.66,3.66,0.91,0.91
2023,238,27.1,21.88,22.12,13.71,90.42,3.84,0.92,0.91
2023,239,27.74,21.64,21.94,12.2,89.33,3.8,0.92,0.91
2023,240,27.07,21.35,21.8,9.05,90.3,3.34,0.92,0.9
2023,241,27.51,20.63,21.57,1.65,89.27,2.34,0.92,0.89
2023,242,27.94,20.2,21.36,0.18,87.57,1.77,0.91,0.88
2023,243,28.79,20.59,21.77,1.37,86.84,1.43,0.91,0.88
2023,244,29.85,21.25,22.26,12.8,86.79,1.68,0.91,0.9
2023,245,26.55,21.78,22.17,17.73,92.04,2.33,0.91,0.92
2023,246,27.31,21.12,21.71,3.86,90.05,2.45,0.92,0.89
2023,247,27.35,20.91,21.4,2.43,89.37,3.04,0.91,0.89
2023,248,27.48,19.41,20.92,0.35,88.51,2.48,0.91,0.88
2023,249,27.39,20.26,21.55,3.73,89.93,2.94,0.9,0.88
2023,250,24.36,21.69,21.66,38.47,93.73,4.09,0.91,0.94
2023,251,24.6,22.15,22.48,46.07,95.5,4.55,0.93,0.96
2023,252,26.88,22.75,22.75,16.04,92.45,4.15,0.94,0.94
2023,253,27.16,22.28,22.5,7.67,90.93,3.7,0.94,0.92
2023,254,27.93,21.71,22.36,4.07,90.36,3.65,0.94,0.92
2023,255,27.06,20.66,21.64,1.52,90.58,3.13,0.93,0.9
2023,256,26.54,20.63,21.5,3.62,90.94,2.96,0.93,0.9
2023,257,26.65,20.41,21.27,3.62,90.16,2.21,0.93,0.9
2023,258,25.65,20.41,21.49,1.66,91.87,2.34,0.92,0.89
2023,259,25.38,22.02,22.15,4.85,92.9,3.93,0.92,0.9
2023,260,27.19,22.14,22.33,5.88,90.6,4.12,0.92,0.9
2023,261,27.73,22.02,22.4,12.01,90.26,4.02,0.92,0.91
2023,262,27.38,21.98,22.34,10.48,90.55,3.57,0.92,0.91
2023,263,27.97,21.65,22.59,14.18,90.98,3.09,0.92,0.92
2023,264,27.67,22.5,23.03,23.02,92.81,2.62,0.93,0.93
2023,265,26.51,21.79,22.33,15.92,91.81,1.82,0.94,0.93
2023,266,26.56,21.63,22.16,29.98,93.13,2.19,0.94,0.95
2023,267,26.51,20.76,21.37,7.92,91.3,2.11,0.95,0.94
2023,268,27.42,19.74,21.47,7.28,90.72,1.9,0.95,0.93
2023,269,27.33,21.43,22.38,22.38,91.74,1.74,0.95,0.95
2023,270,27.31,22.16,22.68,20.12,91.38,1.96,0.96,0.96
2023,271,28.15,22.01,22.71,16.02,90.11,1.87,0.96,0.95
2023,272,27.95,21.72,22.7,14.33,90.28,2.31,0.96,0.95
2023,273,28.5,21.91,22.56,12.5,89.1,2.47,0.96,0.95
2023,274,26.5,21.21,22.32,25.36,92.79,3.12,0.96,0.96
2023,275,25.18,20.65,21.05,8.84,92.18,1.97,0.97,0.96
2023,276,27.59,20.47,21.25,0.12,88.5,1.6,0.96,0.94
2023,277,28.21,20.37,21.19,0.0,87.99,1.54,0.96,0.93
2023,278,27.65,19.19,20.01,0.0,85.94,1.54,0.95,0.92
2023,279,28.71,19.43,20.36,0.0,85.22,1.3,0.95,0.91
2023,280,29.77,19.99,20.87,0.0,83.74,0.99,0.94,0.91
2023,281,30.05,19.17,20.58,0.0,81.92,1.15,0.93,0.9
2023,282,29.81,18.97,20.19,0.0,81.79,1.36,0.93,0.89
2023,283,29.15,19.08,20.1,0.0,83.26,1.54,0.92,0.89
2023,284,29.13,19.32,20.52,0.0,84.11,1.32,0.92,0.88
2023,285,29.74,19.31,19.87,0.0,78.77,1.57,0.91,0.88
2023,286,29.82,19.18,19.26,0.0,75.38,1.97,0.91,0.87
2023,287,29.62,18.58,18.65,0.0,74.33,1.4,0.9,0.87
2023,288,29.07,19.39,19.95,0.05,79.28,1.34,0.9,0.86
2023,289,28.9,19.68,19.78,0.07,77.45,1.46,0.89,0.86
2023,290,29.09,19.54,19.98,0.93,79.11,1.35,0.89,0.86
2023,291,29.24,19.35,19.93,0.15,80.47,1.79,0.88,0.85
2023,292,29.09,19.49,19.51,0.12,76.22,1.35,0.88,0.85
2023,293,28.46,20.08,20.11,0.12,79.17,1.42,0.87,0.84
2023,294,28.29,20.39,20.12,0.02,81.07,1.6,0.87,0.84
2023,295,28.83,19.22,19.41,0.0,79.57,1.57,0.86,0.84
2023,296,28.81,17.8,18.13,0.0,76.3,1.7,0.86,0.83
2023,297,28.59,18.06,18.43,0.0,78.05,1.61,0.85,0.83
2023,298,28.47,17.32,16.99,0.0,74.26,1.89,0.85,0.82
2023,299,27.36,16.28,14.67,0.0,69.38,2.26,0.84,0.82
2023,300,27.27,14.66,13.72,0.0,66.73,2.0,0.84,0.82
2023,301,28.04,14.92,14.62,0.0,69.58,1.79,0.83,0.81
2023,302,28.74,14.59,14.8,0.0,69.04,1.59,0.83,0.81
2023,303,28.16,15.13,14.86,0.0,70.19,2.05,0.82,0.81
2023,304,27.78,14.8,15.22,0.0,72.45,2.17,0.82,0.8
2023,305,28.0,15.18,15.85,0.0,75.65,2.09,0.81,0.8
2023,306,28.17,15.47,16.15,0.0,74.68,1.79,0.81,0.79
2023,307,28.61,15.81,16.37,0.0,73.67,1.83,0.8,0.79
2023,308,29.16,16.1,16.74,0.0,71.42,2.31,0.8,0.78
2023,309,27.93,18.58,18.57,0.0,78.89,2.04,0.8,0.78
2023,310,27.5,18.08,17.07,0.0,76.0,2.59,0.79,0.77
2023,311,28.26,18.02,19.36,0.01,81.69,1.93,0.79,0.77
2023,312,26.8,19.87,20.43,3.55,86.06,1.99,0.79,0.79
2023,313,27.84,19.93,20.9,0.52,86.53,1.37,0.79,0.78
2023,314,25.88,20.78,20.87,13.34,89.82,1.56,0.78,0.82
2023,315,27.62,18.65,19.01,2.8,80.57,2.06,0.79,0.81
2023,316,28.76,17.61,16.89,0.0,72.84,2.31,0.79,0.78
2023,317,28.2,16.9,16.84,0.0,74.19,2.14,0.79,0.78
2023,318,27.49,16.19,16.55,0.0,75.72,1.56,0.78,0.77
2023,319,27.69,14.98,15.46,0.0,72.93,1.5,0.78,0.77
2023,320,27.46,14.36,14.21,0.0,70.86,1.87,0.78,0.76
2023,321,27.41,14.26,13.86,0.0,68.44,1.92,0.77,0.76
2023,322,28.43,14.39,15.19,0.0,71.94,1.72,0.77,0.75
2023,323,28.85,16.51,17.41,0.0,74.01,1.65,0.76,0.75
2023,324,28.58,17.75,17.56,0.0,74.84,1.91,0.76,0.75
2023,325,28.1,16.08,15.33,0.0,71.41,2.21,0.76,0.74
2023,326,27.48,14.52,13.97,0.0,69.44,2.08,0.75,0.74
2023,327,27.7,14.39,15.66,0.0,72.41,1.66,0.75,0.73
2023,328,28.42,17.43,18.23,0.0,77.27,2.01,0.74,0.73
2023,329,28.75,18.32,18.92,3.33,79.77,2.25,0.74,0.74
2023,330,27.14,19.83,20.08,6.34,85.69,2.37,0.74,0.77
2023,331,27.22,19.51,20.16,3.32,87.18,1.58,0.74,0.76
2023,332,26.88,18.72,19.48,0.27,86.2,1.23,0.74,0.74
2023,333,27.15,17.73,19.06,0.2,86.76,1.3,0.74,0.74
2023,334,27.78,17.29,18.89,1.38,85.93,1.62,0.74,0.74
2023,335,27.52,17.44,18.16,0.75,84.23,1.17,0.73,0.73
2023,336,28.37,16.47,17.68,0.29,78.37,1.89,0.73,0.73
2023,337,29.23,17.06,17.39,0.0,73.09,2.19,0.73,0.72
2023,338,28.66,17.89,18.16,0.0,77.09,1.99,0.72,0.71
2023,339,27.91,17.4,16.79,0.01,75.98,2.37,0.72,0.71
2023,340,26.04,16.71,16.8,0.01,79.05,2.21,0.72,0.71
2023,341,26.2,16.84,16.75,0.0,78.64,1.64,0.71,0.71
2023,342,27.39,15.41,16.04,0.0,76.04,1.71,0.71,0.7
2023,343,28.01,14.87,16.0,0.0,75.25,1.41,0.71,0.7
2023,344,27.76,15.21,16.01,0.0,75.86,1.75,0.7,0.7
2023,345,27.66,14.28,15.19,0.0,74.77,1.34,0.7,0.69
2023,346,27.45,13.93,14.97,0.0,74.54,1.19,0.7,0.69
2023,347,27.2,13.88,14.51,0.0,72.25,1.47,0.69,0.69
2023,348,26.56,14.64,13.5,0.0,70.31,2.51,0.69,0.68
2023,349,26.03,13.22,12.07,0.0,67.53,2.23,0.69,0.68
2023,350,26.01,11.53,12.48,0.0,70.29,1.49,0.68,0.68
2023,351,26.77,14.57,15.19,0.0,75.69,2.43,0.68,0.67
2023,352,25.42,15.61,14.18,0.0,71.2,3.46,0.68,0.67
2023,353,24.49,15.14,11.91,0.0,66.47,3.83,0.68,0.66
2023,354,24.6,13.78,10.02,0.0,58.88,2.96,0.67,0.66
2023,355,24.02,14.66,10.11,0.0,58.77,2.41,0.67,0.66
2023,356,28.59,14.52,10.37,0.0,55.08,1.68,0.67,0.65
2023,357,29.44,13.46,10.17,0.0,53.41,1.85,0.66,0.65
2023,358,28.34,14.01,11.52,0.0,59.99,2.62,0.66,0.65
2023,359,29.21,14.5,10.59,0.0,55.2,2.57,0.66,0.64
2023,360,29.09,13.54,10.92,0.0,58.01,2.1,0.65,0.64
2023,361,28.3,13.71,11.92,0.0,62.16,2.5,0.65,0.63
2023,362,28.57,13.64,12.09,0.0,61.0,2.28,0.65,0.63
2023,363,28.85,14.05,12.19,0.0,60.67,2.02,0.65,0.63
2023,364,28.8,14.37,12.76,0.0,61.43,1.55,0.64,0.62
2023,365,28.64,13.82,12.01,0.0,58.41,1.62,0.64,0.62
